solid OpenSCAD_Model
  facet normal -0.989176 -0.146735 0
    outer loop
      vertex 3.8835 2.67232 3.99
      vertex 3.86406 2.80337 12
      vertex 3.86406 2.80337 3.99
    endloop
  endfacet
  facet normal -0.989176 -0.146735 0
    outer loop
      vertex 3.86406 2.80337 12
      vertex 3.8835 2.67232 3.99
      vertex 3.8835 2.67232 12
    endloop
  endfacet
  facet normal -0.998796 -0.0490642 0
    outer loop
      vertex 3.89 2.54 3.99
      vertex 3.8835 2.67232 12
      vertex 3.8835 2.67232 3.99
    endloop
  endfacet
  facet normal -0.998796 -0.0490642 0
    outer loop
      vertex 3.8835 2.67232 12
      vertex 3.89 2.54 3.99
      vertex 3.89 2.54 12
    endloop
  endfacet
  facet normal -0.970031 -0.24298 0
    outer loop
      vertex 3.86406 2.80337 3.99
      vertex 3.83187 2.93188 12
      vertex 3.83187 2.93188 3.99
    endloop
  endfacet
  facet normal -0.970031 -0.24298 0
    outer loop
      vertex 3.83187 2.93188 12
      vertex 3.86406 2.80337 3.99
      vertex 3.86406 2.80337 12
    endloop
  endfacet
  facet normal 0.24298 -0.970031 0
    outer loop
      vertex 2.14812 3.83187 3.99
      vertex 2.27663 3.86406 12
      vertex 2.14812 3.83187 12
    endloop
  endfacet
  facet normal 0.24298 -0.970031 0
    outer loop
      vertex 2.27663 3.86406 12
      vertex 2.14812 3.83187 3.99
      vertex 2.27663 3.86406 3.99
    endloop
  endfacet
  facet normal 0.903981 0.427574 0
    outer loop
      vertex 1.34941 1.90361 12
      vertex 1.29276 2.02338 3.99
      vertex 1.29276 2.02338 12
    endloop
  endfacet
  facet normal 0.903981 0.427574 0
    outer loop
      vertex 1.29276 2.02338 3.99
      vertex 1.34941 1.90361 12
      vertex 1.34941 1.90361 3.99
    endloop
  endfacet
  facet normal 0.24298 0.970031 -0
    outer loop
      vertex 2.27663 1.21594 3.99
      vertex 2.14812 1.24813 12
      vertex 2.27663 1.21594 12
    endloop
  endfacet
  facet normal 0.24298 0.970031 0
    outer loop
      vertex 2.14812 1.24813 12
      vertex 2.27663 1.21594 3.99
      vertex 2.14812 1.24813 3.99
    endloop
  endfacet
  facet normal -0.514085 0.857739 0
    outer loop
      vertex 3.29002 1.41752 3.99
      vertex 3.17638 1.34941 12
      vertex 3.29002 1.41752 12
    endloop
  endfacet
  facet normal -0.514085 0.857739 0
    outer loop
      vertex 3.17638 1.34941 12
      vertex 3.29002 1.41752 3.99
      vertex 3.17638 1.34941 3.99
    endloop
  endfacet
  facet normal 0.336872 0.94155 -0
    outer loop
      vertex 2.14812 1.24813 3.99
      vertex 2.02338 1.29276 12
      vertex 2.14812 1.24813 12
    endloop
  endfacet
  facet normal 0.336872 0.94155 0
    outer loop
      vertex 2.02338 1.29276 12
      vertex 2.14812 1.24813 3.99
      vertex 2.02338 1.29276 3.99
    endloop
  endfacet
  facet normal -0.336872 0.94155 0
    outer loop
      vertex 3.05662 1.29276 3.99
      vertex 2.93188 1.24813 12
      vertex 3.05662 1.29276 12
    endloop
  endfacet
  facet normal -0.336872 0.94155 0
    outer loop
      vertex 2.93188 1.24813 12
      vertex 3.05662 1.29276 3.99
      vertex 2.93188 1.24813 3.99
    endloop
  endfacet
  facet normal 0.671571 -0.74094 0
    outer loop
      vertex 1.58541 3.49459 3.99
      vertex 1.68357 3.58356 12
      vertex 1.58541 3.49459 12
    endloop
  endfacet
  facet normal 0.671571 -0.74094 0
    outer loop
      vertex 1.68357 3.58356 12
      vertex 1.58541 3.49459 3.99
      vertex 1.68357 3.58356 3.99
    endloop
  endfacet
  facet normal -0.24298 0.970031 0
    outer loop
      vertex 2.93188 1.24813 3.99
      vertex 2.80337 1.21594 12
      vertex 2.93188 1.24813 12
    endloop
  endfacet
  facet normal -0.24298 0.970031 0
    outer loop
      vertex 2.80337 1.21594 12
      vertex 2.93188 1.24813 3.99
      vertex 2.80337 1.21594 3.99
    endloop
  endfacet
  facet normal 0.857739 -0.514085 0
    outer loop
      vertex 1.34941 3.17638 12
      vertex 1.41752 3.29002 3.99
      vertex 1.41752 3.29002 12
    endloop
  endfacet
  facet normal 0.857739 -0.514085 0
    outer loop
      vertex 1.41752 3.29002 3.99
      vertex 1.34941 3.17638 12
      vertex 1.34941 3.17638 3.99
    endloop
  endfacet
  facet normal 0.989176 -0.146735 0
    outer loop
      vertex 1.1965 2.67232 12
      vertex 1.21594 2.80337 3.99
      vertex 1.21594 2.80337 12
    endloop
  endfacet
  facet normal 0.989176 -0.146735 0
    outer loop
      vertex 1.21594 2.80337 3.99
      vertex 1.1965 2.67232 12
      vertex 1.1965 2.67232 3.99
    endloop
  endfacet
  facet normal -0.903967 -0.427603 0
    outer loop
      vertex 3.78724 3.05662 3.99
      vertex 3.73059 3.17638 12
      vertex 3.73059 3.17638 3.99
    endloop
  endfacet
  facet normal -0.903967 -0.427603 0
    outer loop
      vertex 3.73059 3.17638 12
      vertex 3.78724 3.05662 3.99
      vertex 3.78724 3.05662 12
    endloop
  endfacet
  facet normal -0.803204 0.595704 0
    outer loop
      vertex 3.58356 1.68357 3.99
      vertex 3.66248 1.78998 12
      vertex 3.66248 1.78998 3.99
    endloop
  endfacet
  facet normal -0.803204 0.595704 0
    outer loop
      vertex 3.66248 1.78998 12
      vertex 3.58356 1.68357 3.99
      vertex 3.58356 1.68357 12
    endloop
  endfacet
  facet normal 0.595704 -0.803204 0
    outer loop
      vertex 1.68357 3.58356 3.99
      vertex 1.78998 3.66248 12
      vertex 1.68357 3.58356 12
    endloop
  endfacet
  facet normal 0.595704 -0.803204 0
    outer loop
      vertex 1.78998 3.66248 12
      vertex 1.68357 3.58356 3.99
      vertex 1.78998 3.66248 3.99
    endloop
  endfacet
  facet normal -0.595704 -0.803204 0
    outer loop
      vertex 3.29002 3.66248 3.99
      vertex 3.39643 3.58356 12
      vertex 3.29002 3.66248 12
    endloop
  endfacet
  facet normal -0.595704 -0.803204 -0
    outer loop
      vertex 3.39643 3.58356 12
      vertex 3.29002 3.66248 3.99
      vertex 3.39643 3.58356 3.99
    endloop
  endfacet
  facet normal -0.146735 -0.989176 0
    outer loop
      vertex 2.67232 3.8835 3.99
      vertex 2.80337 3.86406 12
      vertex 2.67232 3.8835 12
    endloop
  endfacet
  facet normal -0.146735 -0.989176 -0
    outer loop
      vertex 2.80337 3.86406 12
      vertex 2.67232 3.8835 3.99
      vertex 2.80337 3.86406 3.99
    endloop
  endfacet
  facet normal -0.803204 -0.595704 0
    outer loop
      vertex 3.66248 3.29002 3.99
      vertex 3.58356 3.39643 12
      vertex 3.58356 3.39643 3.99
    endloop
  endfacet
  facet normal -0.803204 -0.595704 0
    outer loop
      vertex 3.58356 3.39643 12
      vertex 3.66248 3.29002 3.99
      vertex 3.66248 3.29002 12
    endloop
  endfacet
  facet normal 0.514118 -0.857719 0
    outer loop
      vertex 1.78998 3.66248 3.99
      vertex 1.90361 3.73059 12
      vertex 1.78998 3.66248 12
    endloop
  endfacet
  facet normal 0.514118 -0.857719 0
    outer loop
      vertex 1.90361 3.73059 12
      vertex 1.78998 3.66248 3.99
      vertex 1.90361 3.73059 3.99
    endloop
  endfacet
  facet normal -0.514085 -0.857739 0
    outer loop
      vertex 3.17638 3.73059 3.99
      vertex 3.29002 3.66248 12
      vertex 3.17638 3.73059 12
    endloop
  endfacet
  facet normal -0.514085 -0.857739 -0
    outer loop
      vertex 3.29002 3.66248 12
      vertex 3.17638 3.73059 3.99
      vertex 3.29002 3.66248 3.99
    endloop
  endfacet
  facet normal -0.671571 -0.74094 0
    outer loop
      vertex 3.39643 3.58356 3.99
      vertex 3.49459 3.49459 12
      vertex 3.39643 3.58356 12
    endloop
  endfacet
  facet normal -0.671571 -0.74094 -0
    outer loop
      vertex 3.49459 3.49459 12
      vertex 3.39643 3.58356 3.99
      vertex 3.49459 3.49459 3.99
    endloop
  endfacet
  facet normal 0.94155 0.336872 0
    outer loop
      vertex 1.29276 2.02338 12
      vertex 1.24813 2.14812 3.99
      vertex 1.24813 2.14812 12
    endloop
  endfacet
  facet normal 0.94155 0.336872 0
    outer loop
      vertex 1.24813 2.14812 3.99
      vertex 1.29276 2.02338 12
      vertex 1.29276 2.02338 3.99
    endloop
  endfacet
  facet normal -0.998796 0.0490642 0
    outer loop
      vertex 3.8835 2.40768 3.99
      vertex 3.89 2.54 12
      vertex 3.89 2.54 3.99
    endloop
  endfacet
  facet normal -0.998796 0.0490642 0
    outer loop
      vertex 3.89 2.54 12
      vertex 3.8835 2.40768 3.99
      vertex 3.8835 2.40768 12
    endloop
  endfacet
  facet normal 0.427574 -0.903981 0
    outer loop
      vertex 1.90361 3.73059 3.99
      vertex 2.02338 3.78724 12
      vertex 1.90361 3.73059 12
    endloop
  endfacet
  facet normal 0.427574 -0.903981 0
    outer loop
      vertex 2.02338 3.78724 12
      vertex 1.90361 3.73059 3.99
      vertex 2.02338 3.78724 3.99
    endloop
  endfacet
  facet normal -0.903981 0.427574 0
    outer loop
      vertex 3.73059 1.90361 3.99
      vertex 3.78724 2.02338 12
      vertex 3.78724 2.02338 3.99
    endloop
  endfacet
  facet normal -0.903981 0.427574 0
    outer loop
      vertex 3.78724 2.02338 12
      vertex 3.73059 1.90361 3.99
      vertex 3.73059 1.90361 12
    endloop
  endfacet
  facet normal 0.595704 0.803204 -0
    outer loop
      vertex 1.78998 1.41752 3.99
      vertex 1.68357 1.49644 12
      vertex 1.78998 1.41752 12
    endloop
  endfacet
  facet normal 0.595704 0.803204 0
    outer loop
      vertex 1.68357 1.49644 12
      vertex 1.78998 1.41752 3.99
      vertex 1.68357 1.49644 3.99
    endloop
  endfacet
  facet normal 0.803204 -0.595704 0
    outer loop
      vertex 1.41752 3.29002 12
      vertex 1.49644 3.39643 3.99
      vertex 1.49644 3.39643 12
    endloop
  endfacet
  facet normal 0.803204 -0.595704 0
    outer loop
      vertex 1.49644 3.39643 3.99
      vertex 1.41752 3.29002 12
      vertex 1.41752 3.29002 3.99
    endloop
  endfacet
  facet normal 0.94155 -0.336872 0
    outer loop
      vertex 1.24813 2.93188 12
      vertex 1.29276 3.05662 3.99
      vertex 1.29276 3.05662 12
    endloop
  endfacet
  facet normal 0.94155 -0.336872 0
    outer loop
      vertex 1.29276 3.05662 3.99
      vertex 1.24813 2.93188 12
      vertex 1.24813 2.93188 3.99
    endloop
  endfacet
  facet normal -0.857739 -0.514085 0
    outer loop
      vertex 3.73059 3.17638 3.99
      vertex 3.66248 3.29002 12
      vertex 3.66248 3.29002 3.99
    endloop
  endfacet
  facet normal -0.857739 -0.514085 0
    outer loop
      vertex 3.66248 3.29002 12
      vertex 3.73059 3.17638 3.99
      vertex 3.73059 3.17638 12
    endloop
  endfacet
  facet normal -0.94155 -0.336872 0
    outer loop
      vertex 3.83187 2.93188 3.99
      vertex 3.78724 3.05662 12
      vertex 3.78724 3.05662 3.99
    endloop
  endfacet
  facet normal -0.94155 -0.336872 0
    outer loop
      vertex 3.78724 3.05662 12
      vertex 3.83187 2.93188 3.99
      vertex 3.83187 2.93188 12
    endloop
  endfacet
  facet normal 0.671571 0.74094 -0
    outer loop
      vertex 1.68357 1.49644 3.99
      vertex 1.58541 1.58541 12
      vertex 1.68357 1.49644 12
    endloop
  endfacet
  facet normal 0.671571 0.74094 0
    outer loop
      vertex 1.58541 1.58541 12
      vertex 1.68357 1.49644 3.99
      vertex 1.58541 1.58541 3.99
    endloop
  endfacet
  facet normal -0.970031 0.24298 0
    outer loop
      vertex 3.83187 2.14812 3.99
      vertex 3.86406 2.27663 12
      vertex 3.86406 2.27663 3.99
    endloop
  endfacet
  facet normal -0.970031 0.24298 0
    outer loop
      vertex 3.86406 2.27663 12
      vertex 3.83187 2.14812 3.99
      vertex 3.83187 2.14812 12
    endloop
  endfacet
  facet normal -0.989176 0.146735 0
    outer loop
      vertex 3.86406 2.27663 3.99
      vertex 3.8835 2.40768 12
      vertex 3.8835 2.40768 3.99
    endloop
  endfacet
  facet normal -0.989176 0.146735 0
    outer loop
      vertex 3.8835 2.40768 12
      vertex 3.86406 2.27663 3.99
      vertex 3.86406 2.27663 12
    endloop
  endfacet
  facet normal 0.514118 0.857719 -0
    outer loop
      vertex 1.90361 1.34941 3.99
      vertex 1.78998 1.41752 12
      vertex 1.90361 1.34941 12
    endloop
  endfacet
  facet normal 0.514118 0.857719 0
    outer loop
      vertex 1.78998 1.41752 12
      vertex 1.90361 1.34941 3.99
      vertex 1.78998 1.41752 3.99
    endloop
  endfacet
  facet normal -0.336872 -0.94155 0
    outer loop
      vertex 2.93188 3.83187 3.99
      vertex 3.05662 3.78724 12
      vertex 2.93188 3.83187 12
    endloop
  endfacet
  facet normal -0.336872 -0.94155 -0
    outer loop
      vertex 3.05662 3.78724 12
      vertex 2.93188 3.83187 3.99
      vertex 3.05662 3.78724 3.99
    endloop
  endfacet
  facet normal 0.336872 -0.94155 0
    outer loop
      vertex 2.02338 3.78724 3.99
      vertex 2.14812 3.83187 12
      vertex 2.02338 3.78724 12
    endloop
  endfacet
  facet normal 0.336872 -0.94155 0
    outer loop
      vertex 2.14812 3.83187 12
      vertex 2.02338 3.78724 3.99
      vertex 2.14812 3.83187 3.99
    endloop
  endfacet
  facet normal -0.146735 0.989176 0
    outer loop
      vertex 2.80337 1.21594 3.99
      vertex 2.67232 1.1965 12
      vertex 2.80337 1.21594 12
    endloop
  endfacet
  facet normal -0.146735 0.989176 0
    outer loop
      vertex 2.67232 1.1965 12
      vertex 2.80337 1.21594 3.99
      vertex 2.67232 1.1965 3.99
    endloop
  endfacet
  facet normal -0.857719 0.514118 0
    outer loop
      vertex 3.66248 1.78998 3.99
      vertex 3.73059 1.90361 12
      vertex 3.73059 1.90361 3.99
    endloop
  endfacet
  facet normal -0.857719 0.514118 0
    outer loop
      vertex 3.73059 1.90361 12
      vertex 3.66248 1.78998 3.99
      vertex 3.66248 1.78998 12
    endloop
  endfacet
  facet normal 0.0490642 -0.998796 0
    outer loop
      vertex 2.40768 3.8835 3.99
      vertex 2.54 3.89 12
      vertex 2.40768 3.8835 12
    endloop
  endfacet
  facet normal 0.0490642 -0.998796 0
    outer loop
      vertex 2.54 3.89 12
      vertex 2.40768 3.8835 3.99
      vertex 2.54 3.89 3.99
    endloop
  endfacet
  facet normal 0.998796 0.0490642 0
    outer loop
      vertex 1.1965 2.40768 12
      vertex 1.19 2.54 3.99
      vertex 1.19 2.54 12
    endloop
  endfacet
  facet normal 0.998796 0.0490642 0
    outer loop
      vertex 1.19 2.54 3.99
      vertex 1.1965 2.40768 12
      vertex 1.1965 2.40768 3.99
    endloop
  endfacet
  facet normal -0.94155 0.336872 0
    outer loop
      vertex 3.78724 2.02338 3.99
      vertex 3.83187 2.14812 12
      vertex 3.83187 2.14812 3.99
    endloop
  endfacet
  facet normal -0.94155 0.336872 0
    outer loop
      vertex 3.83187 2.14812 12
      vertex 3.78724 2.02338 3.99
      vertex 3.78724 2.02338 12
    endloop
  endfacet
  facet normal -0.427603 -0.903967 0
    outer loop
      vertex 3.05662 3.78724 3.99
      vertex 3.17638 3.73059 12
      vertex 3.05662 3.78724 12
    endloop
  endfacet
  facet normal -0.427603 -0.903967 -0
    outer loop
      vertex 3.17638 3.73059 12
      vertex 3.05662 3.78724 3.99
      vertex 3.17638 3.73059 3.99
    endloop
  endfacet
  facet normal -0.74094 -0.671571 0
    outer loop
      vertex 3.58356 3.39643 3.99
      vertex 3.49459 3.49459 12
      vertex 3.49459 3.49459 3.99
    endloop
  endfacet
  facet normal -0.74094 -0.671571 0
    outer loop
      vertex 3.49459 3.49459 12
      vertex 3.58356 3.39643 3.99
      vertex 3.58356 3.39643 12
    endloop
  endfacet
  facet normal -0.0490642 -0.998796 0
    outer loop
      vertex 2.54 3.89 3.99
      vertex 2.67232 3.8835 12
      vertex 2.54 3.89 12
    endloop
  endfacet
  facet normal -0.0490642 -0.998796 -0
    outer loop
      vertex 2.67232 3.8835 12
      vertex 2.54 3.89 3.99
      vertex 2.67232 3.8835 3.99
    endloop
  endfacet
  facet normal 0.857719 0.514118 0
    outer loop
      vertex 1.41752 1.78998 12
      vertex 1.34941 1.90361 3.99
      vertex 1.34941 1.90361 12
    endloop
  endfacet
  facet normal 0.857719 0.514118 0
    outer loop
      vertex 1.34941 1.90361 3.99
      vertex 1.41752 1.78998 12
      vertex 1.41752 1.78998 3.99
    endloop
  endfacet
  facet normal 0.146735 0.989176 -0
    outer loop
      vertex 2.40768 1.1965 3.99
      vertex 2.27663 1.21594 12
      vertex 2.40768 1.1965 12
    endloop
  endfacet
  facet normal 0.146735 0.989176 0
    outer loop
      vertex 2.27663 1.21594 12
      vertex 2.40768 1.1965 3.99
      vertex 2.27663 1.21594 3.99
    endloop
  endfacet
  facet normal -0.671571 0.74094 0
    outer loop
      vertex 3.49459 1.58541 3.99
      vertex 3.39643 1.49644 12
      vertex 3.49459 1.58541 12
    endloop
  endfacet
  facet normal -0.671571 0.74094 0
    outer loop
      vertex 3.39643 1.49644 12
      vertex 3.49459 1.58541 3.99
      vertex 3.39643 1.49644 3.99
    endloop
  endfacet
  facet normal 0.0490642 0.998796 -0
    outer loop
      vertex 2.54 1.19 3.99
      vertex 2.40768 1.1965 12
      vertex 2.54 1.19 12
    endloop
  endfacet
  facet normal 0.0490642 0.998796 0
    outer loop
      vertex 2.40768 1.1965 12
      vertex 2.54 1.19 3.99
      vertex 2.40768 1.1965 3.99
    endloop
  endfacet
  facet normal 0.74094 -0.671571 0
    outer loop
      vertex 1.49644 3.39643 12
      vertex 1.58541 3.49459 3.99
      vertex 1.58541 3.49459 12
    endloop
  endfacet
  facet normal 0.74094 -0.671571 0
    outer loop
      vertex 1.58541 3.49459 3.99
      vertex 1.49644 3.39643 12
      vertex 1.49644 3.39643 3.99
    endloop
  endfacet
  facet normal 0.146735 -0.989176 0
    outer loop
      vertex 2.27663 3.86406 3.99
      vertex 2.40768 3.8835 12
      vertex 2.27663 3.86406 12
    endloop
  endfacet
  facet normal 0.146735 -0.989176 0
    outer loop
      vertex 2.40768 3.8835 12
      vertex 2.27663 3.86406 3.99
      vertex 2.40768 3.8835 3.99
    endloop
  endfacet
  facet normal 0.903967 -0.427603 0
    outer loop
      vertex 1.29276 3.05662 12
      vertex 1.34941 3.17638 3.99
      vertex 1.34941 3.17638 12
    endloop
  endfacet
  facet normal 0.903967 -0.427603 0
    outer loop
      vertex 1.34941 3.17638 3.99
      vertex 1.29276 3.05662 12
      vertex 1.29276 3.05662 3.99
    endloop
  endfacet
  facet normal 0.970031 -0.24298 0
    outer loop
      vertex 1.21594 2.80337 12
      vertex 1.24813 2.93188 3.99
      vertex 1.24813 2.93188 12
    endloop
  endfacet
  facet normal 0.970031 -0.24298 0
    outer loop
      vertex 1.24813 2.93188 3.99
      vertex 1.21594 2.80337 12
      vertex 1.21594 2.80337 3.99
    endloop
  endfacet
  facet normal -0.24298 -0.970031 0
    outer loop
      vertex 2.80337 3.86406 3.99
      vertex 2.93188 3.83187 12
      vertex 2.80337 3.86406 12
    endloop
  endfacet
  facet normal -0.24298 -0.970031 -0
    outer loop
      vertex 2.93188 3.83187 12
      vertex 2.80337 3.86406 3.99
      vertex 2.93188 3.83187 3.99
    endloop
  endfacet
  facet normal 0.970031 0.24298 0
    outer loop
      vertex 1.24813 2.14812 12
      vertex 1.21594 2.27663 3.99
      vertex 1.21594 2.27663 12
    endloop
  endfacet
  facet normal 0.970031 0.24298 0
    outer loop
      vertex 1.21594 2.27663 3.99
      vertex 1.24813 2.14812 12
      vertex 1.24813 2.14812 3.99
    endloop
  endfacet
  facet normal 0.427574 0.903981 -0
    outer loop
      vertex 2.02338 1.29276 3.99
      vertex 1.90361 1.34941 12
      vertex 2.02338 1.29276 12
    endloop
  endfacet
  facet normal 0.427574 0.903981 0
    outer loop
      vertex 1.90361 1.34941 12
      vertex 2.02338 1.29276 3.99
      vertex 1.90361 1.34941 3.99
    endloop
  endfacet
  facet normal 0.74094 0.671571 0
    outer loop
      vertex 1.58541 1.58541 12
      vertex 1.49644 1.68357 3.99
      vertex 1.49644 1.68357 12
    endloop
  endfacet
  facet normal 0.74094 0.671571 0
    outer loop
      vertex 1.49644 1.68357 3.99
      vertex 1.58541 1.58541 12
      vertex 1.58541 1.58541 3.99
    endloop
  endfacet
  facet normal -0.427603 0.903967 0
    outer loop
      vertex 3.17638 1.34941 3.99
      vertex 3.05662 1.29276 12
      vertex 3.17638 1.34941 12
    endloop
  endfacet
  facet normal -0.427603 0.903967 0
    outer loop
      vertex 3.05662 1.29276 12
      vertex 3.17638 1.34941 3.99
      vertex 3.05662 1.29276 3.99
    endloop
  endfacet
  facet normal -0.0490642 0.998796 0
    outer loop
      vertex 2.67232 1.1965 3.99
      vertex 2.54 1.19 12
      vertex 2.67232 1.1965 12
    endloop
  endfacet
  facet normal -0.0490642 0.998796 0
    outer loop
      vertex 2.54 1.19 12
      vertex 2.67232 1.1965 3.99
      vertex 2.54 1.19 3.99
    endloop
  endfacet
  facet normal 0.989176 0.146735 0
    outer loop
      vertex 1.21594 2.27663 12
      vertex 1.1965 2.40768 3.99
      vertex 1.1965 2.40768 12
    endloop
  endfacet
  facet normal 0.989176 0.146735 0
    outer loop
      vertex 1.1965 2.40768 3.99
      vertex 1.21594 2.27663 12
      vertex 1.21594 2.27663 3.99
    endloop
  endfacet
  facet normal -0.595704 0.803204 0
    outer loop
      vertex 3.39643 1.49644 3.99
      vertex 3.29002 1.41752 12
      vertex 3.39643 1.49644 12
    endloop
  endfacet
  facet normal -0.595704 0.803204 0
    outer loop
      vertex 3.29002 1.41752 12
      vertex 3.39643 1.49644 3.99
      vertex 3.29002 1.41752 3.99
    endloop
  endfacet
  facet normal 0.803204 0.595704 0
    outer loop
      vertex 1.49644 1.68357 12
      vertex 1.41752 1.78998 3.99
      vertex 1.41752 1.78998 12
    endloop
  endfacet
  facet normal 0.803204 0.595704 0
    outer loop
      vertex 1.41752 1.78998 3.99
      vertex 1.49644 1.68357 12
      vertex 1.49644 1.68357 3.99
    endloop
  endfacet
  facet normal 0.998796 -0.0490642 0
    outer loop
      vertex 1.19 2.54 12
      vertex 1.1965 2.67232 3.99
      vertex 1.1965 2.67232 12
    endloop
  endfacet
  facet normal 0.998796 -0.0490642 0
    outer loop
      vertex 1.1965 2.67232 3.99
      vertex 1.19 2.54 12
      vertex 1.19 2.54 3.99
    endloop
  endfacet
  facet normal -0.74094 0.671571 0
    outer loop
      vertex 3.49459 1.58541 3.99
      vertex 3.58356 1.68357 12
      vertex 3.58356 1.68357 3.99
    endloop
  endfacet
  facet normal -0.74094 0.671571 0
    outer loop
      vertex 3.58356 1.68357 12
      vertex 3.49459 1.58541 3.99
      vertex 3.49459 1.58541 12
    endloop
  endfacet
  facet normal 0.0490642 0.998796 -0
    outer loop
      vertex 2.54 13.91 3.99
      vertex 2.40768 13.9165 12
      vertex 2.54 13.91 12
    endloop
  endfacet
  facet normal 0.0490642 0.998796 0
    outer loop
      vertex 2.40768 13.9165 12
      vertex 2.54 13.91 3.99
      vertex 2.40768 13.9165 3.99
    endloop
  endfacet
  facet normal 0.857659 0.514218 0
    outer loop
      vertex 1.41752 14.51 12
      vertex 1.34941 14.6236 3.99
      vertex 1.34941 14.6236 12
    endloop
  endfacet
  facet normal 0.857659 0.514218 0
    outer loop
      vertex 1.34941 14.6236 3.99
      vertex 1.41752 14.51 12
      vertex 1.41752 14.51 3.99
    endloop
  endfacet
  facet normal -0.989184 -0.14668 0
    outer loop
      vertex 3.8835 15.3923 3.99
      vertex 3.86406 15.5234 12
      vertex 3.86406 15.5234 3.99
    endloop
  endfacet
  facet normal -0.989184 -0.14668 0
    outer loop
      vertex 3.86406 15.5234 12
      vertex 3.8835 15.3923 3.99
      vertex 3.8835 15.3923 12
    endloop
  endfacet
  facet normal -0.998795 -0.0490716 0
    outer loop
      vertex 3.89 15.26 3.99
      vertex 3.8835 15.3923 12
      vertex 3.8835 15.3923 3.99
    endloop
  endfacet
  facet normal -0.998795 -0.0490716 0
    outer loop
      vertex 3.8835 15.3923 12
      vertex 3.89 15.26 3.99
      vertex 3.89 15.26 12
    endloop
  endfacet
  facet normal -0.970027 -0.242997 0
    outer loop
      vertex 3.86406 15.5234 3.99
      vertex 3.83187 15.6519 12
      vertex 3.83187 15.6519 3.99
    endloop
  endfacet
  facet normal -0.970027 -0.242997 0
    outer loop
      vertex 3.83187 15.6519 12
      vertex 3.86406 15.5234 3.99
      vertex 3.86406 15.5234 12
    endloop
  endfacet
  facet normal 0.941516 -0.336968 0
    outer loop
      vertex 1.24813 15.6519 12
      vertex 1.29276 15.7766 3.99
      vertex 1.29276 15.7766 12
    endloop
  endfacet
  facet normal 0.941516 -0.336968 0
    outer loop
      vertex 1.29276 15.7766 3.99
      vertex 1.24813 15.6519 12
      vertex 1.24813 15.6519 3.99
    endloop
  endfacet
  facet normal 0.0490642 -0.998796 0
    outer loop
      vertex 2.40768 16.6035 3.99
      vertex 2.54 16.61 12
      vertex 2.40768 16.6035 12
    endloop
  endfacet
  facet normal 0.0490642 -0.998796 0
    outer loop
      vertex 2.54 16.61 12
      vertex 2.40768 16.6035 3.99
      vertex 2.54 16.61 3.99
    endloop
  endfacet
  facet normal -0.741076 0.671421 0
    outer loop
      vertex 3.49459 14.3054 3.99
      vertex 3.58356 14.4036 12
      vertex 3.58356 14.4036 3.99
    endloop
  endfacet
  facet normal -0.741076 0.671421 0
    outer loop
      vertex 3.58356 14.4036 12
      vertex 3.49459 14.3054 3.99
      vertex 3.49459 14.3054 12
    endloop
  endfacet
  facet normal -0.998795 0.0490716 0
    outer loop
      vertex 3.8835 15.1277 3.99
      vertex 3.89 15.26 12
      vertex 3.89 15.26 3.99
    endloop
  endfacet
  facet normal -0.998795 0.0490716 0
    outer loop
      vertex 3.89 15.26 12
      vertex 3.8835 15.1277 3.99
      vertex 3.8835 15.1277 12
    endloop
  endfacet
  facet normal 0.595607 -0.803276 0
    outer loop
      vertex 1.68357 16.3036 3.99
      vertex 1.78998 16.3825 12
      vertex 1.68357 16.3036 12
    endloop
  endfacet
  facet normal 0.595607 -0.803276 0
    outer loop
      vertex 1.78998 16.3825 12
      vertex 1.68357 16.3036 3.99
      vertex 1.78998 16.3825 3.99
    endloop
  endfacet
  facet normal -0.857659 -0.514218 0
    outer loop
      vertex 3.73059 15.8964 3.99
      vertex 3.66248 16.01 12
      vertex 3.66248 16.01 3.99
    endloop
  endfacet
  facet normal -0.857659 -0.514218 0
    outer loop
      vertex 3.66248 16.01 12
      vertex 3.73059 15.8964 3.99
      vertex 3.73059 15.8964 12
    endloop
  endfacet
  facet normal -0.671696 0.740827 0
    outer loop
      vertex 3.49459 14.3054 3.99
      vertex 3.39643 14.2164 12
      vertex 3.49459 14.3054 12
    endloop
  endfacet
  facet normal -0.671696 0.740827 0
    outer loop
      vertex 3.39643 14.2164 12
      vertex 3.49459 14.3054 3.99
      vertex 3.39643 14.2164 3.99
    endloop
  endfacet
  facet normal 0.671696 0.740827 -0
    outer loop
      vertex 1.68357 14.2164 3.99
      vertex 1.58541 14.3054 12
      vertex 1.68357 14.2164 12
    endloop
  endfacet
  facet normal 0.671696 0.740827 0
    outer loop
      vertex 1.58541 14.3054 12
      vertex 1.68357 14.2164 3.99
      vertex 1.58541 14.3054 3.99
    endloop
  endfacet
  facet normal 0.146439 -0.98922 0
    outer loop
      vertex 2.27663 16.5841 3.99
      vertex 2.40768 16.6035 12
      vertex 2.27663 16.5841 12
    endloop
  endfacet
  facet normal 0.146439 -0.98922 0
    outer loop
      vertex 2.40768 16.6035 12
      vertex 2.27663 16.5841 3.99
      vertex 2.40768 16.6035 3.99
    endloop
  endfacet
  facet normal -0.427294 0.904113 0
    outer loop
      vertex 3.17638 14.0694 3.99
      vertex 3.05662 14.0128 12
      vertex 3.17638 14.0694 12
    endloop
  endfacet
  facet normal -0.427294 0.904113 0
    outer loop
      vertex 3.05662 14.0128 12
      vertex 3.17638 14.0694 3.99
      vertex 3.05662 14.0128 3.99
    endloop
  endfacet
  facet normal -0.33734 0.941383 0
    outer loop
      vertex 3.05662 14.0128 3.99
      vertex 2.93188 13.9681 12
      vertex 3.05662 14.0128 12
    endloop
  endfacet
  facet normal -0.33734 0.941383 0
    outer loop
      vertex 2.93188 13.9681 12
      vertex 3.05662 14.0128 3.99
      vertex 2.93188 13.9681 3.99
    endloop
  endfacet
  facet normal -0.595607 0.803276 0
    outer loop
      vertex 3.39643 14.2164 3.99
      vertex 3.29002 14.1375 12
      vertex 3.39643 14.2164 12
    endloop
  endfacet
  facet normal -0.595607 0.803276 0
    outer loop
      vertex 3.29002 14.1375 12
      vertex 3.39643 14.2164 3.99
      vertex 3.29002 14.1375 3.99
    endloop
  endfacet
  facet normal 0.904022 -0.427486 0
    outer loop
      vertex 1.29276 15.7766 12
      vertex 1.34941 15.8964 3.99
      vertex 1.34941 15.8964 12
    endloop
  endfacet
  facet normal 0.904022 -0.427486 0
    outer loop
      vertex 1.34941 15.8964 3.99
      vertex 1.29276 15.7766 12
      vertex 1.29276 15.7766 3.99
    endloop
  endfacet
  facet normal -0.33734 -0.941383 0
    outer loop
      vertex 2.93188 16.5519 3.99
      vertex 3.05662 16.5072 12
      vertex 2.93188 16.5519 12
    endloop
  endfacet
  facet normal -0.33734 -0.941383 -0
    outer loop
      vertex 3.05662 16.5072 12
      vertex 2.93188 16.5519 3.99
      vertex 3.05662 16.5072 3.99
    endloop
  endfacet
  facet normal -0.803177 0.59574 0
    outer loop
      vertex 3.58356 14.4036 3.99
      vertex 3.66248 14.51 12
      vertex 3.66248 14.51 3.99
    endloop
  endfacet
  facet normal -0.803177 0.59574 0
    outer loop
      vertex 3.66248 14.51 12
      vertex 3.58356 14.4036 3.99
      vertex 3.58356 14.4036 12
    endloop
  endfacet
  facet normal -0.803177 -0.59574 0
    outer loop
      vertex 3.66248 16.01 3.99
      vertex 3.58356 16.1164 12
      vertex 3.58356 16.1164 3.99
    endloop
  endfacet
  facet normal -0.803177 -0.59574 0
    outer loop
      vertex 3.58356 16.1164 12
      vertex 3.66248 16.01 3.99
      vertex 3.66248 16.01 12
    endloop
  endfacet
  facet normal 0.989184 0.14668 0
    outer loop
      vertex 1.21594 14.9966 12
      vertex 1.1965 15.1277 3.99
      vertex 1.1965 15.1277 12
    endloop
  endfacet
  facet normal 0.989184 0.14668 0
    outer loop
      vertex 1.1965 15.1277 3.99
      vertex 1.21594 14.9966 12
      vertex 1.21594 14.9966 3.99
    endloop
  endfacet
  facet normal -0.514029 -0.857773 0
    outer loop
      vertex 3.17638 16.4506 3.99
      vertex 3.29002 16.3825 12
      vertex 3.17638 16.4506 12
    endloop
  endfacet
  facet normal -0.514029 -0.857773 -0
    outer loop
      vertex 3.29002 16.3825 12
      vertex 3.17638 16.4506 3.99
      vertex 3.29002 16.3825 3.99
    endloop
  endfacet
  facet normal -0.671696 -0.740827 0
    outer loop
      vertex 3.39643 16.3036 3.99
      vertex 3.49459 16.2146 12
      vertex 3.39643 16.3036 12
    endloop
  endfacet
  facet normal -0.671696 -0.740827 -0
    outer loop
      vertex 3.49459 16.2146 12
      vertex 3.39643 16.3036 3.99
      vertex 3.49459 16.2146 3.99
    endloop
  endfacet
  facet normal -0.741076 -0.671421 0
    outer loop
      vertex 3.58356 16.1164 3.99
      vertex 3.49459 16.2146 12
      vertex 3.49459 16.2146 3.99
    endloop
  endfacet
  facet normal -0.741076 -0.671421 0
    outer loop
      vertex 3.49459 16.2146 12
      vertex 3.58356 16.1164 3.99
      vertex 3.58356 16.1164 12
    endloop
  endfacet
  facet normal 0.33734 -0.941383 0
    outer loop
      vertex 2.02338 16.5072 3.99
      vertex 2.14812 16.5519 12
      vertex 2.02338 16.5072 12
    endloop
  endfacet
  facet normal 0.33734 -0.941383 0
    outer loop
      vertex 2.14812 16.5519 12
      vertex 2.02338 16.5072 3.99
      vertex 2.14812 16.5519 3.99
    endloop
  endfacet
  facet normal 0.803177 -0.59574 0
    outer loop
      vertex 1.41752 16.01 12
      vertex 1.49644 16.1164 3.99
      vertex 1.49644 16.1164 12
    endloop
  endfacet
  facet normal 0.803177 -0.59574 0
    outer loop
      vertex 1.49644 16.1164 3.99
      vertex 1.41752 16.01 12
      vertex 1.41752 16.01 3.99
    endloop
  endfacet
  facet normal -0.970027 0.242997 0
    outer loop
      vertex 3.83187 14.8681 3.99
      vertex 3.86406 14.9966 12
      vertex 3.86406 14.9966 3.99
    endloop
  endfacet
  facet normal -0.970027 0.242997 0
    outer loop
      vertex 3.86406 14.9966 12
      vertex 3.83187 14.8681 3.99
      vertex 3.83187 14.8681 12
    endloop
  endfacet
  facet normal -0.0490642 0.998796 0
    outer loop
      vertex 2.67232 13.9165 3.99
      vertex 2.54 13.91 12
      vertex 2.67232 13.9165 12
    endloop
  endfacet
  facet normal -0.0490642 0.998796 0
    outer loop
      vertex 2.54 13.91 12
      vertex 2.67232 13.9165 3.99
      vertex 2.54 13.91 3.99
    endloop
  endfacet
  facet normal -0.904022 -0.427486 0
    outer loop
      vertex 3.78724 15.7766 3.99
      vertex 3.73059 15.8964 12
      vertex 3.73059 15.8964 3.99
    endloop
  endfacet
  facet normal -0.904022 -0.427486 0
    outer loop
      vertex 3.73059 15.8964 12
      vertex 3.78724 15.7766 3.99
      vertex 3.78724 15.7766 12
    endloop
  endfacet
  facet normal 0.998795 -0.0490716 0
    outer loop
      vertex 1.19 15.26 12
      vertex 1.1965 15.3923 3.99
      vertex 1.1965 15.3923 12
    endloop
  endfacet
  facet normal 0.998795 -0.0490716 0
    outer loop
      vertex 1.1965 15.3923 3.99
      vertex 1.19 15.26 12
      vertex 1.19 15.26 3.99
    endloop
  endfacet
  facet normal -0.243051 0.970014 0
    outer loop
      vertex 2.93188 13.9681 3.99
      vertex 2.80337 13.9359 12
      vertex 2.93188 13.9681 12
    endloop
  endfacet
  facet normal -0.243051 0.970014 0
    outer loop
      vertex 2.80337 13.9359 12
      vertex 2.93188 13.9681 3.99
      vertex 2.80337 13.9359 3.99
    endloop
  endfacet
  facet normal 0.741076 0.671421 0
    outer loop
      vertex 1.58541 14.3054 12
      vertex 1.49644 14.4036 3.99
      vertex 1.49644 14.4036 12
    endloop
  endfacet
  facet normal 0.741076 0.671421 0
    outer loop
      vertex 1.49644 14.4036 3.99
      vertex 1.58541 14.3054 12
      vertex 1.58541 14.3054 3.99
    endloop
  endfacet
  facet normal -0.941516 -0.336968 0
    outer loop
      vertex 3.83187 15.6519 3.99
      vertex 3.78724 15.7766 12
      vertex 3.78724 15.7766 3.99
    endloop
  endfacet
  facet normal -0.941516 -0.336968 0
    outer loop
      vertex 3.78724 15.7766 12
      vertex 3.83187 15.6519 3.99
      vertex 3.83187 15.6519 12
    endloop
  endfacet
  facet normal 0.803177 0.59574 0
    outer loop
      vertex 1.49644 14.4036 12
      vertex 1.41752 14.51 3.99
      vertex 1.41752 14.51 12
    endloop
  endfacet
  facet normal 0.803177 0.59574 0
    outer loop
      vertex 1.41752 14.51 3.99
      vertex 1.49644 14.4036 12
      vertex 1.49644 14.4036 3.99
    endloop
  endfacet
  facet normal -0.904022 0.427486 0
    outer loop
      vertex 3.73059 14.6236 3.99
      vertex 3.78724 14.7434 12
      vertex 3.78724 14.7434 3.99
    endloop
  endfacet
  facet normal -0.904022 0.427486 0
    outer loop
      vertex 3.78724 14.7434 12
      vertex 3.73059 14.6236 3.99
      vertex 3.73059 14.6236 12
    endloop
  endfacet
  facet normal 0.998795 0.0490716 0
    outer loop
      vertex 1.1965 15.1277 12
      vertex 1.19 15.26 3.99
      vertex 1.19 15.26 12
    endloop
  endfacet
  facet normal 0.998795 0.0490716 0
    outer loop
      vertex 1.19 15.26 3.99
      vertex 1.1965 15.1277 12
      vertex 1.1965 15.1277 3.99
    endloop
  endfacet
  facet normal -0.146439 -0.98922 0
    outer loop
      vertex 2.67232 16.6035 3.99
      vertex 2.80337 16.5841 12
      vertex 2.67232 16.6035 12
    endloop
  endfacet
  facet normal -0.146439 -0.98922 -0
    outer loop
      vertex 2.80337 16.5841 12
      vertex 2.67232 16.6035 3.99
      vertex 2.80337 16.5841 3.99
    endloop
  endfacet
  facet normal 0.514063 -0.857753 0
    outer loop
      vertex 1.78998 16.3825 3.99
      vertex 1.90361 16.4506 12
      vertex 1.78998 16.3825 12
    endloop
  endfacet
  facet normal 0.514063 -0.857753 0
    outer loop
      vertex 1.90361 16.4506 12
      vertex 1.78998 16.3825 3.99
      vertex 1.90361 16.4506 3.99
    endloop
  endfacet
  facet normal -0.427294 -0.904113 0
    outer loop
      vertex 3.05662 16.5072 3.99
      vertex 3.17638 16.4506 12
      vertex 3.05662 16.5072 12
    endloop
  endfacet
  facet normal -0.427294 -0.904113 -0
    outer loop
      vertex 3.17638 16.4506 12
      vertex 3.05662 16.5072 3.99
      vertex 3.17638 16.4506 3.99
    endloop
  endfacet
  facet normal 0.243051 -0.970014 0
    outer loop
      vertex 2.14812 16.5519 3.99
      vertex 2.27663 16.5841 12
      vertex 2.14812 16.5519 12
    endloop
  endfacet
  facet normal 0.243051 -0.970014 0
    outer loop
      vertex 2.27663 16.5841 12
      vertex 2.14812 16.5519 3.99
      vertex 2.27663 16.5841 3.99
    endloop
  endfacet
  facet normal 0.904022 0.427486 0
    outer loop
      vertex 1.34941 14.6236 12
      vertex 1.29276 14.7434 3.99
      vertex 1.29276 14.7434 12
    endloop
  endfacet
  facet normal 0.904022 0.427486 0
    outer loop
      vertex 1.29276 14.7434 3.99
      vertex 1.34941 14.6236 12
      vertex 1.34941 14.6236 3.99
    endloop
  endfacet
  facet normal 0.989184 -0.14668 0
    outer loop
      vertex 1.1965 15.3923 12
      vertex 1.21594 15.5234 3.99
      vertex 1.21594 15.5234 12
    endloop
  endfacet
  facet normal 0.989184 -0.14668 0
    outer loop
      vertex 1.21594 15.5234 3.99
      vertex 1.1965 15.3923 12
      vertex 1.1965 15.3923 3.99
    endloop
  endfacet
  facet normal 0.595607 0.803276 -0
    outer loop
      vertex 1.78998 14.1375 3.99
      vertex 1.68357 14.2164 12
      vertex 1.78998 14.1375 12
    endloop
  endfacet
  facet normal 0.595607 0.803276 0
    outer loop
      vertex 1.68357 14.2164 12
      vertex 1.78998 14.1375 3.99
      vertex 1.68357 14.2164 3.99
    endloop
  endfacet
  facet normal -0.989184 0.14668 0
    outer loop
      vertex 3.86406 14.9966 3.99
      vertex 3.8835 15.1277 12
      vertex 3.8835 15.1277 3.99
    endloop
  endfacet
  facet normal -0.989184 0.14668 0
    outer loop
      vertex 3.8835 15.1277 12
      vertex 3.86406 14.9966 3.99
      vertex 3.86406 14.9966 12
    endloop
  endfacet
  facet normal 0.427265 -0.904126 0
    outer loop
      vertex 1.90361 16.4506 3.99
      vertex 2.02338 16.5072 12
      vertex 1.90361 16.4506 12
    endloop
  endfacet
  facet normal 0.427265 -0.904126 0
    outer loop
      vertex 2.02338 16.5072 12
      vertex 1.90361 16.4506 3.99
      vertex 2.02338 16.5072 3.99
    endloop
  endfacet
  facet normal -0.595607 -0.803276 0
    outer loop
      vertex 3.29002 16.3825 3.99
      vertex 3.39643 16.3036 12
      vertex 3.29002 16.3825 12
    endloop
  endfacet
  facet normal -0.595607 -0.803276 -0
    outer loop
      vertex 3.39643 16.3036 12
      vertex 3.29002 16.3825 3.99
      vertex 3.39643 16.3036 3.99
    endloop
  endfacet
  facet normal 0.970027 0.242997 0
    outer loop
      vertex 1.24813 14.8681 12
      vertex 1.21594 14.9966 3.99
      vertex 1.21594 14.9966 12
    endloop
  endfacet
  facet normal 0.970027 0.242997 0
    outer loop
      vertex 1.21594 14.9966 3.99
      vertex 1.24813 14.8681 12
      vertex 1.24813 14.8681 3.99
    endloop
  endfacet
  facet normal -0.146439 0.98922 0
    outer loop
      vertex 2.80337 13.9359 3.99
      vertex 2.67232 13.9165 12
      vertex 2.80337 13.9359 12
    endloop
  endfacet
  facet normal -0.146439 0.98922 0
    outer loop
      vertex 2.67232 13.9165 12
      vertex 2.80337 13.9359 3.99
      vertex 2.67232 13.9165 3.99
    endloop
  endfacet
  facet normal 0.671696 -0.740827 0
    outer loop
      vertex 1.58541 16.2146 3.99
      vertex 1.68357 16.3036 12
      vertex 1.58541 16.2146 12
    endloop
  endfacet
  facet normal 0.671696 -0.740827 0
    outer loop
      vertex 1.68357 16.3036 12
      vertex 1.58541 16.2146 3.99
      vertex 1.68357 16.3036 3.99
    endloop
  endfacet
  facet normal 0.146439 0.98922 -0
    outer loop
      vertex 2.40768 13.9165 3.99
      vertex 2.27663 13.9359 12
      vertex 2.40768 13.9165 12
    endloop
  endfacet
  facet normal 0.146439 0.98922 0
    outer loop
      vertex 2.27663 13.9359 12
      vertex 2.40768 13.9165 3.99
      vertex 2.27663 13.9359 3.99
    endloop
  endfacet
  facet normal 0.941516 0.336968 0
    outer loop
      vertex 1.29276 14.7434 12
      vertex 1.24813 14.8681 3.99
      vertex 1.24813 14.8681 12
    endloop
  endfacet
  facet normal 0.941516 0.336968 0
    outer loop
      vertex 1.24813 14.8681 3.99
      vertex 1.29276 14.7434 12
      vertex 1.29276 14.7434 3.99
    endloop
  endfacet
  facet normal -0.514029 0.857773 0
    outer loop
      vertex 3.29002 14.1375 3.99
      vertex 3.17638 14.0694 12
      vertex 3.29002 14.1375 12
    endloop
  endfacet
  facet normal -0.514029 0.857773 0
    outer loop
      vertex 3.17638 14.0694 12
      vertex 3.29002 14.1375 3.99
      vertex 3.17638 14.0694 3.99
    endloop
  endfacet
  facet normal 0.857659 -0.514218 0
    outer loop
      vertex 1.34941 15.8964 12
      vertex 1.41752 16.01 3.99
      vertex 1.41752 16.01 12
    endloop
  endfacet
  facet normal 0.857659 -0.514218 0
    outer loop
      vertex 1.41752 16.01 3.99
      vertex 1.34941 15.8964 12
      vertex 1.34941 15.8964 3.99
    endloop
  endfacet
  facet normal 0.970027 -0.242997 0
    outer loop
      vertex 1.21594 15.5234 12
      vertex 1.24813 15.6519 3.99
      vertex 1.24813 15.6519 12
    endloop
  endfacet
  facet normal 0.970027 -0.242997 0
    outer loop
      vertex 1.24813 15.6519 3.99
      vertex 1.21594 15.5234 12
      vertex 1.21594 15.5234 3.99
    endloop
  endfacet
  facet normal -0.857659 0.514218 0
    outer loop
      vertex 3.66248 14.51 3.99
      vertex 3.73059 14.6236 12
      vertex 3.73059 14.6236 3.99
    endloop
  endfacet
  facet normal -0.857659 0.514218 0
    outer loop
      vertex 3.73059 14.6236 12
      vertex 3.66248 14.51 3.99
      vertex 3.66248 14.51 12
    endloop
  endfacet
  facet normal -0.0490642 -0.998796 0
    outer loop
      vertex 2.54 16.61 3.99
      vertex 2.67232 16.6035 12
      vertex 2.54 16.61 12
    endloop
  endfacet
  facet normal -0.0490642 -0.998796 -0
    outer loop
      vertex 2.67232 16.6035 12
      vertex 2.54 16.61 3.99
      vertex 2.67232 16.6035 3.99
    endloop
  endfacet
  facet normal -0.941516 0.336968 0
    outer loop
      vertex 3.78724 14.7434 3.99
      vertex 3.83187 14.8681 12
      vertex 3.83187 14.8681 3.99
    endloop
  endfacet
  facet normal -0.941516 0.336968 0
    outer loop
      vertex 3.83187 14.8681 12
      vertex 3.78724 14.7434 3.99
      vertex 3.78724 14.7434 12
    endloop
  endfacet
  facet normal 0.741076 -0.671421 0
    outer loop
      vertex 1.49644 16.1164 12
      vertex 1.58541 16.2146 3.99
      vertex 1.58541 16.2146 12
    endloop
  endfacet
  facet normal 0.741076 -0.671421 0
    outer loop
      vertex 1.58541 16.2146 3.99
      vertex 1.49644 16.1164 12
      vertex 1.49644 16.1164 3.99
    endloop
  endfacet
  facet normal 0.514063 0.857753 -0
    outer loop
      vertex 1.90361 14.0694 3.99
      vertex 1.78998 14.1375 12
      vertex 1.90361 14.0694 12
    endloop
  endfacet
  facet normal 0.514063 0.857753 0
    outer loop
      vertex 1.78998 14.1375 12
      vertex 1.90361 14.0694 3.99
      vertex 1.78998 14.1375 3.99
    endloop
  endfacet
  facet normal 0.33734 0.941383 -0
    outer loop
      vertex 2.14812 13.9681 3.99
      vertex 2.02338 14.0128 12
      vertex 2.14812 13.9681 12
    endloop
  endfacet
  facet normal 0.33734 0.941383 0
    outer loop
      vertex 2.02338 14.0128 12
      vertex 2.14812 13.9681 3.99
      vertex 2.02338 14.0128 3.99
    endloop
  endfacet
  facet normal 0.243051 0.970014 -0
    outer loop
      vertex 2.27663 13.9359 3.99
      vertex 2.14812 13.9681 12
      vertex 2.27663 13.9359 12
    endloop
  endfacet
  facet normal 0.243051 0.970014 0
    outer loop
      vertex 2.14812 13.9681 12
      vertex 2.27663 13.9359 3.99
      vertex 2.14812 13.9681 3.99
    endloop
  endfacet
  facet normal -0.243051 -0.970014 0
    outer loop
      vertex 2.80337 16.5841 3.99
      vertex 2.93188 16.5519 12
      vertex 2.80337 16.5841 12
    endloop
  endfacet
  facet normal -0.243051 -0.970014 -0
    outer loop
      vertex 2.93188 16.5519 12
      vertex 2.80337 16.5841 3.99
      vertex 2.93188 16.5519 3.99
    endloop
  endfacet
  facet normal 0.427265 0.904126 -0
    outer loop
      vertex 2.02338 14.0128 3.99
      vertex 1.90361 14.0694 12
      vertex 2.02338 14.0128 12
    endloop
  endfacet
  facet normal 0.427265 0.904126 0
    outer loop
      vertex 1.90361 14.0694 12
      vertex 2.02338 14.0128 3.99
      vertex 1.90361 14.0694 3.99
    endloop
  endfacet
  facet normal -0.98922 -0.146439 0
    outer loop
      vertex 24.2035 2.67232 3.99
      vertex 24.1841 2.80337 12
      vertex 24.1841 2.80337 3.99
    endloop
  endfacet
  facet normal -0.98922 -0.146439 0
    outer loop
      vertex 24.1841 2.80337 12
      vertex 24.2035 2.67232 3.99
      vertex 24.2035 2.67232 12
    endloop
  endfacet
  facet normal -0.998796 -0.0490642 0
    outer loop
      vertex 24.21 2.54 3.99
      vertex 24.2035 2.67232 12
      vertex 24.2035 2.67232 3.99
    endloop
  endfacet
  facet normal -0.998796 -0.0490642 0
    outer loop
      vertex 24.2035 2.67232 12
      vertex 24.21 2.54 3.99
      vertex 24.21 2.54 12
    endloop
  endfacet
  facet normal -0.970014 -0.243051 0
    outer loop
      vertex 24.1841 2.80337 3.99
      vertex 24.1519 2.93188 12
      vertex 24.1519 2.93188 3.99
    endloop
  endfacet
  facet normal -0.970014 -0.243051 0
    outer loop
      vertex 24.1519 2.93188 12
      vertex 24.1841 2.80337 3.99
      vertex 24.1841 2.80337 12
    endloop
  endfacet
  facet normal 0.98922 0.146439 0
    outer loop
      vertex 21.5359 2.27663 12
      vertex 21.5165 2.40768 3.99
      vertex 21.5165 2.40768 12
    endloop
  endfacet
  facet normal 0.98922 0.146439 0
    outer loop
      vertex 21.5165 2.40768 3.99
      vertex 21.5359 2.27663 12
      vertex 21.5359 2.27663 3.99
    endloop
  endfacet
  facet normal -0.336968 0.941516 0
    outer loop
      vertex 23.3766 1.29276 3.99
      vertex 23.2519 1.24813 12
      vertex 23.3766 1.29276 12
    endloop
  endfacet
  facet normal -0.336968 0.941516 0
    outer loop
      vertex 23.2519 1.24813 12
      vertex 23.3766 1.29276 3.99
      vertex 23.2519 1.24813 3.99
    endloop
  endfacet
  facet normal 0.242997 0.970027 -0
    outer loop
      vertex 22.5966 1.21594 3.99
      vertex 22.4681 1.24813 12
      vertex 22.5966 1.21594 12
    endloop
  endfacet
  facet normal 0.242997 0.970027 0
    outer loop
      vertex 22.4681 1.24813 12
      vertex 22.5966 1.21594 3.99
      vertex 22.4681 1.24813 3.99
    endloop
  endfacet
  facet normal -0.0490716 -0.998795 0
    outer loop
      vertex 22.86 3.89 3.99
      vertex 22.9923 3.8835 12
      vertex 22.86 3.89 12
    endloop
  endfacet
  facet normal -0.0490716 -0.998795 -0
    outer loop
      vertex 22.9923 3.8835 12
      vertex 22.86 3.89 3.99
      vertex 22.9923 3.8835 3.99
    endloop
  endfacet
  facet normal 0.740827 -0.671696 0
    outer loop
      vertex 21.8164 3.39643 12
      vertex 21.9054 3.49459 3.99
      vertex 21.9054 3.49459 12
    endloop
  endfacet
  facet normal 0.740827 -0.671696 0
    outer loop
      vertex 21.9054 3.49459 3.99
      vertex 21.8164 3.39643 12
      vertex 21.8164 3.39643 3.99
    endloop
  endfacet
  facet normal -0.671421 -0.741076 0
    outer loop
      vertex 23.7164 3.58356 3.99
      vertex 23.8146 3.49459 12
      vertex 23.7164 3.58356 12
    endloop
  endfacet
  facet normal -0.671421 -0.741076 -0
    outer loop
      vertex 23.8146 3.49459 12
      vertex 23.7164 3.58356 3.99
      vertex 23.8146 3.49459 3.99
    endloop
  endfacet
  facet normal 0.671421 -0.741076 0
    outer loop
      vertex 21.9054 3.49459 3.99
      vertex 22.0036 3.58356 12
      vertex 21.9054 3.49459 12
    endloop
  endfacet
  facet normal 0.671421 -0.741076 0
    outer loop
      vertex 22.0036 3.58356 12
      vertex 21.9054 3.49459 3.99
      vertex 22.0036 3.58356 3.99
    endloop
  endfacet
  facet normal 0.970014 -0.243051 0
    outer loop
      vertex 21.5359 2.80337 12
      vertex 21.5681 2.93188 3.99
      vertex 21.5681 2.93188 12
    endloop
  endfacet
  facet normal 0.970014 -0.243051 0
    outer loop
      vertex 21.5681 2.93188 3.99
      vertex 21.5359 2.80337 12
      vertex 21.5359 2.80337 3.99
    endloop
  endfacet
  facet normal -0.59574 -0.803177 0
    outer loop
      vertex 23.61 3.66248 3.99
      vertex 23.7164 3.58356 12
      vertex 23.61 3.66248 12
    endloop
  endfacet
  facet normal -0.59574 -0.803177 -0
    outer loop
      vertex 23.7164 3.58356 12
      vertex 23.61 3.66248 3.99
      vertex 23.7164 3.58356 3.99
    endloop
  endfacet
  facet normal -0.514218 -0.857659 0
    outer loop
      vertex 23.4964 3.73059 3.99
      vertex 23.61 3.66248 12
      vertex 23.4964 3.73059 12
    endloop
  endfacet
  facet normal -0.514218 -0.857659 -0
    outer loop
      vertex 23.61 3.66248 12
      vertex 23.4964 3.73059 3.99
      vertex 23.61 3.66248 3.99
    endloop
  endfacet
  facet normal -0.904126 0.427265 0
    outer loop
      vertex 24.0506 1.90361 3.99
      vertex 24.1072 2.02338 12
      vertex 24.1072 2.02338 3.99
    endloop
  endfacet
  facet normal -0.904126 0.427265 0
    outer loop
      vertex 24.1072 2.02338 12
      vertex 24.0506 1.90361 3.99
      vertex 24.0506 1.90361 12
    endloop
  endfacet
  facet normal 0.857753 0.514063 0
    outer loop
      vertex 21.7375 1.78998 12
      vertex 21.6694 1.90361 3.99
      vertex 21.6694 1.90361 12
    endloop
  endfacet
  facet normal 0.857753 0.514063 0
    outer loop
      vertex 21.6694 1.90361 3.99
      vertex 21.7375 1.78998 12
      vertex 21.7375 1.78998 3.99
    endloop
  endfacet
  facet normal -0.671421 0.741076 0
    outer loop
      vertex 23.8146 1.58541 3.99
      vertex 23.7164 1.49644 12
      vertex 23.8146 1.58541 12
    endloop
  endfacet
  facet normal -0.671421 0.741076 0
    outer loop
      vertex 23.7164 1.49644 12
      vertex 23.8146 1.58541 3.99
      vertex 23.7164 1.49644 3.99
    endloop
  endfacet
  facet normal -0.242997 0.970027 0
    outer loop
      vertex 23.2519 1.24813 3.99
      vertex 23.1234 1.21594 12
      vertex 23.2519 1.24813 12
    endloop
  endfacet
  facet normal -0.242997 0.970027 0
    outer loop
      vertex 23.1234 1.21594 12
      vertex 23.2519 1.24813 3.99
      vertex 23.1234 1.21594 3.99
    endloop
  endfacet
  facet normal -0.98922 0.146439 0
    outer loop
      vertex 24.1841 2.27663 3.99
      vertex 24.2035 2.40768 12
      vertex 24.2035 2.40768 3.99
    endloop
  endfacet
  facet normal -0.98922 0.146439 0
    outer loop
      vertex 24.2035 2.40768 12
      vertex 24.1841 2.27663 3.99
      vertex 24.1841 2.27663 12
    endloop
  endfacet
  facet normal -0.803276 -0.595607 0
    outer loop
      vertex 23.9825 3.29002 3.99
      vertex 23.9036 3.39643 12
      vertex 23.9036 3.39643 3.99
    endloop
  endfacet
  facet normal -0.803276 -0.595607 0
    outer loop
      vertex 23.9036 3.39643 12
      vertex 23.9825 3.29002 3.99
      vertex 23.9825 3.29002 12
    endloop
  endfacet
  facet normal 0.998796 -0.0490642 0
    outer loop
      vertex 21.51 2.54 12
      vertex 21.5165 2.67232 3.99
      vertex 21.5165 2.67232 12
    endloop
  endfacet
  facet normal 0.998796 -0.0490642 0
    outer loop
      vertex 21.5165 2.67232 3.99
      vertex 21.51 2.54 12
      vertex 21.51 2.54 3.99
    endloop
  endfacet
  facet normal -0.427486 0.904022 0
    outer loop
      vertex 23.4964 1.34941 3.99
      vertex 23.3766 1.29276 12
      vertex 23.4964 1.34941 12
    endloop
  endfacet
  facet normal -0.427486 0.904022 0
    outer loop
      vertex 23.3766 1.29276 12
      vertex 23.4964 1.34941 3.99
      vertex 23.3766 1.29276 3.99
    endloop
  endfacet
  facet normal 0.0490716 -0.998795 0
    outer loop
      vertex 22.7277 3.8835 3.99
      vertex 22.86 3.89 12
      vertex 22.7277 3.8835 12
    endloop
  endfacet
  facet normal 0.0490716 -0.998795 0
    outer loop
      vertex 22.86 3.89 12
      vertex 22.7277 3.8835 3.99
      vertex 22.86 3.89 3.99
    endloop
  endfacet
  facet normal 0.740827 0.671696 0
    outer loop
      vertex 21.9054 1.58541 12
      vertex 21.8164 1.68357 3.99
      vertex 21.8164 1.68357 12
    endloop
  endfacet
  facet normal 0.740827 0.671696 0
    outer loop
      vertex 21.8164 1.68357 3.99
      vertex 21.9054 1.58541 12
      vertex 21.9054 1.58541 3.99
    endloop
  endfacet
  facet normal 0.427486 -0.904022 0
    outer loop
      vertex 22.2236 3.73059 3.99
      vertex 22.3434 3.78724 12
      vertex 22.2236 3.73059 12
    endloop
  endfacet
  facet normal 0.427486 -0.904022 0
    outer loop
      vertex 22.3434 3.78724 12
      vertex 22.2236 3.73059 3.99
      vertex 22.3434 3.78724 3.99
    endloop
  endfacet
  facet normal -0.970014 0.243051 0
    outer loop
      vertex 24.1519 2.14812 3.99
      vertex 24.1841 2.27663 12
      vertex 24.1841 2.27663 3.99
    endloop
  endfacet
  facet normal -0.970014 0.243051 0
    outer loop
      vertex 24.1841 2.27663 12
      vertex 24.1519 2.14812 3.99
      vertex 24.1519 2.14812 12
    endloop
  endfacet
  facet normal -0.336968 -0.941516 0
    outer loop
      vertex 23.2519 3.83187 3.99
      vertex 23.3766 3.78724 12
      vertex 23.2519 3.83187 12
    endloop
  endfacet
  facet normal -0.336968 -0.941516 -0
    outer loop
      vertex 23.3766 3.78724 12
      vertex 23.2519 3.83187 3.99
      vertex 23.3766 3.78724 3.99
    endloop
  endfacet
  facet normal -0.242997 -0.970027 0
    outer loop
      vertex 23.1234 3.86406 3.99
      vertex 23.2519 3.83187 12
      vertex 23.1234 3.86406 12
    endloop
  endfacet
  facet normal -0.242997 -0.970027 -0
    outer loop
      vertex 23.2519 3.83187 12
      vertex 23.1234 3.86406 3.99
      vertex 23.2519 3.83187 3.99
    endloop
  endfacet
  facet normal 0.242997 -0.970027 0
    outer loop
      vertex 22.4681 3.83187 3.99
      vertex 22.5966 3.86406 12
      vertex 22.4681 3.83187 12
    endloop
  endfacet
  facet normal 0.242997 -0.970027 0
    outer loop
      vertex 22.5966 3.86406 12
      vertex 22.4681 3.83187 3.99
      vertex 22.5966 3.86406 3.99
    endloop
  endfacet
  facet normal 0.14668 0.989184 -0
    outer loop
      vertex 22.7277 1.1965 3.99
      vertex 22.5966 1.21594 12
      vertex 22.7277 1.1965 12
    endloop
  endfacet
  facet normal 0.14668 0.989184 0
    outer loop
      vertex 22.5966 1.21594 12
      vertex 22.7277 1.1965 3.99
      vertex 22.5966 1.21594 3.99
    endloop
  endfacet
  facet normal 0.941383 0.33734 0
    outer loop
      vertex 21.6128 2.02338 12
      vertex 21.5681 2.14812 3.99
      vertex 21.5681 2.14812 12
    endloop
  endfacet
  facet normal 0.941383 0.33734 0
    outer loop
      vertex 21.5681 2.14812 3.99
      vertex 21.6128 2.02338 12
      vertex 21.6128 2.02338 3.99
    endloop
  endfacet
  facet normal 0.336968 -0.941516 0
    outer loop
      vertex 22.3434 3.78724 3.99
      vertex 22.4681 3.83187 12
      vertex 22.3434 3.78724 12
    endloop
  endfacet
  facet normal 0.336968 -0.941516 0
    outer loop
      vertex 22.4681 3.83187 12
      vertex 22.3434 3.78724 3.99
      vertex 22.4681 3.83187 3.99
    endloop
  endfacet
  facet normal 0.98922 -0.146439 0
    outer loop
      vertex 21.5165 2.67232 12
      vertex 21.5359 2.80337 3.99
      vertex 21.5359 2.80337 12
    endloop
  endfacet
  facet normal 0.98922 -0.146439 0
    outer loop
      vertex 21.5359 2.80337 3.99
      vertex 21.5165 2.67232 12
      vertex 21.5165 2.67232 3.99
    endloop
  endfacet
  facet normal -0.998796 0.0490642 0
    outer loop
      vertex 24.2035 2.40768 3.99
      vertex 24.21 2.54 12
      vertex 24.21 2.54 3.99
    endloop
  endfacet
  facet normal -0.998796 0.0490642 0
    outer loop
      vertex 24.21 2.54 12
      vertex 24.2035 2.40768 3.99
      vertex 24.2035 2.40768 12
    endloop
  endfacet
  facet normal -0.427486 -0.904022 0
    outer loop
      vertex 23.3766 3.78724 3.99
      vertex 23.4964 3.73059 12
      vertex 23.3766 3.78724 12
    endloop
  endfacet
  facet normal -0.427486 -0.904022 -0
    outer loop
      vertex 23.4964 3.73059 12
      vertex 23.3766 3.78724 3.99
      vertex 23.4964 3.73059 3.99
    endloop
  endfacet
  facet normal -0.14668 0.989184 0
    outer loop
      vertex 23.1234 1.21594 3.99
      vertex 22.9923 1.1965 12
      vertex 23.1234 1.21594 12
    endloop
  endfacet
  facet normal -0.14668 0.989184 0
    outer loop
      vertex 22.9923 1.1965 12
      vertex 23.1234 1.21594 3.99
      vertex 22.9923 1.1965 3.99
    endloop
  endfacet
  facet normal -0.59574 0.803177 0
    outer loop
      vertex 23.7164 1.49644 3.99
      vertex 23.61 1.41752 12
      vertex 23.7164 1.49644 12
    endloop
  endfacet
  facet normal -0.59574 0.803177 0
    outer loop
      vertex 23.61 1.41752 12
      vertex 23.7164 1.49644 3.99
      vertex 23.61 1.41752 3.99
    endloop
  endfacet
  facet normal -0.941383 -0.33734 0
    outer loop
      vertex 24.1519 2.93188 3.99
      vertex 24.1072 3.05662 12
      vertex 24.1072 3.05662 3.99
    endloop
  endfacet
  facet normal -0.941383 -0.33734 0
    outer loop
      vertex 24.1072 3.05662 12
      vertex 24.1519 2.93188 3.99
      vertex 24.1519 2.93188 12
    endloop
  endfacet
  facet normal -0.803276 0.595607 0
    outer loop
      vertex 23.9036 1.68357 3.99
      vertex 23.9825 1.78998 12
      vertex 23.9825 1.78998 3.99
    endloop
  endfacet
  facet normal -0.803276 0.595607 0
    outer loop
      vertex 23.9825 1.78998 12
      vertex 23.9036 1.68357 3.99
      vertex 23.9036 1.68357 12
    endloop
  endfacet
  facet normal -0.904113 -0.427294 0
    outer loop
      vertex 24.1072 3.05662 3.99
      vertex 24.0506 3.17638 12
      vertex 24.0506 3.17638 3.99
    endloop
  endfacet
  facet normal -0.904113 -0.427294 0
    outer loop
      vertex 24.0506 3.17638 12
      vertex 24.1072 3.05662 3.99
      vertex 24.1072 3.05662 12
    endloop
  endfacet
  facet normal 0.59574 0.803177 -0
    outer loop
      vertex 22.11 1.41752 3.99
      vertex 22.0036 1.49644 12
      vertex 22.11 1.41752 12
    endloop
  endfacet
  facet normal 0.59574 0.803177 0
    outer loop
      vertex 22.0036 1.49644 12
      vertex 22.11 1.41752 3.99
      vertex 22.0036 1.49644 3.99
    endloop
  endfacet
  facet normal 0.857773 -0.514029 0
    outer loop
      vertex 21.6694 3.17638 12
      vertex 21.7375 3.29002 3.99
      vertex 21.7375 3.29002 12
    endloop
  endfacet
  facet normal 0.857773 -0.514029 0
    outer loop
      vertex 21.7375 3.29002 3.99
      vertex 21.6694 3.17638 12
      vertex 21.6694 3.17638 3.99
    endloop
  endfacet
  facet normal -0.857753 0.514063 0
    outer loop
      vertex 23.9825 1.78998 3.99
      vertex 24.0506 1.90361 12
      vertex 24.0506 1.90361 3.99
    endloop
  endfacet
  facet normal -0.857753 0.514063 0
    outer loop
      vertex 24.0506 1.90361 12
      vertex 23.9825 1.78998 3.99
      vertex 23.9825 1.78998 12
    endloop
  endfacet
  facet normal 0.336968 0.941516 -0
    outer loop
      vertex 22.4681 1.24813 3.99
      vertex 22.3434 1.29276 12
      vertex 22.4681 1.24813 12
    endloop
  endfacet
  facet normal 0.336968 0.941516 0
    outer loop
      vertex 22.3434 1.29276 12
      vertex 22.4681 1.24813 3.99
      vertex 22.3434 1.29276 3.99
    endloop
  endfacet
  facet normal -0.740827 0.671696 0
    outer loop
      vertex 23.8146 1.58541 3.99
      vertex 23.9036 1.68357 12
      vertex 23.9036 1.68357 3.99
    endloop
  endfacet
  facet normal -0.740827 0.671696 0
    outer loop
      vertex 23.9036 1.68357 12
      vertex 23.8146 1.58541 3.99
      vertex 23.8146 1.58541 12
    endloop
  endfacet
  facet normal 0.514218 -0.857659 0
    outer loop
      vertex 22.11 3.66248 3.99
      vertex 22.2236 3.73059 12
      vertex 22.11 3.66248 12
    endloop
  endfacet
  facet normal 0.514218 -0.857659 0
    outer loop
      vertex 22.2236 3.73059 12
      vertex 22.11 3.66248 3.99
      vertex 22.2236 3.73059 3.99
    endloop
  endfacet
  facet normal 0.904113 -0.427294 0
    outer loop
      vertex 21.6128 3.05662 12
      vertex 21.6694 3.17638 3.99
      vertex 21.6694 3.17638 12
    endloop
  endfacet
  facet normal 0.904113 -0.427294 0
    outer loop
      vertex 21.6694 3.17638 3.99
      vertex 21.6128 3.05662 12
      vertex 21.6128 3.05662 3.99
    endloop
  endfacet
  facet normal -0.0490716 0.998795 0
    outer loop
      vertex 22.9923 1.1965 3.99
      vertex 22.86 1.19 12
      vertex 22.9923 1.1965 12
    endloop
  endfacet
  facet normal -0.0490716 0.998795 0
    outer loop
      vertex 22.86 1.19 12
      vertex 22.9923 1.1965 3.99
      vertex 22.86 1.19 3.99
    endloop
  endfacet
  facet normal -0.857773 -0.514029 0
    outer loop
      vertex 24.0506 3.17638 3.99
      vertex 23.9825 3.29002 12
      vertex 23.9825 3.29002 3.99
    endloop
  endfacet
  facet normal -0.857773 -0.514029 0
    outer loop
      vertex 23.9825 3.29002 12
      vertex 24.0506 3.17638 3.99
      vertex 24.0506 3.17638 12
    endloop
  endfacet
  facet normal -0.941383 0.33734 0
    outer loop
      vertex 24.1072 2.02338 3.99
      vertex 24.1519 2.14812 12
      vertex 24.1519 2.14812 3.99
    endloop
  endfacet
  facet normal -0.941383 0.33734 0
    outer loop
      vertex 24.1519 2.14812 12
      vertex 24.1072 2.02338 3.99
      vertex 24.1072 2.02338 12
    endloop
  endfacet
  facet normal 0.803276 0.595607 0
    outer loop
      vertex 21.8164 1.68357 12
      vertex 21.7375 1.78998 3.99
      vertex 21.7375 1.78998 12
    endloop
  endfacet
  facet normal 0.803276 0.595607 0
    outer loop
      vertex 21.7375 1.78998 3.99
      vertex 21.8164 1.68357 12
      vertex 21.8164 1.68357 3.99
    endloop
  endfacet
  facet normal 0.671421 0.741076 -0
    outer loop
      vertex 22.0036 1.49644 3.99
      vertex 21.9054 1.58541 12
      vertex 22.0036 1.49644 12
    endloop
  endfacet
  facet normal 0.671421 0.741076 0
    outer loop
      vertex 21.9054 1.58541 12
      vertex 22.0036 1.49644 3.99
      vertex 21.9054 1.58541 3.99
    endloop
  endfacet
  facet normal 0.14668 -0.989184 0
    outer loop
      vertex 22.5966 3.86406 3.99
      vertex 22.7277 3.8835 12
      vertex 22.5966 3.86406 12
    endloop
  endfacet
  facet normal 0.14668 -0.989184 0
    outer loop
      vertex 22.7277 3.8835 12
      vertex 22.5966 3.86406 3.99
      vertex 22.7277 3.8835 3.99
    endloop
  endfacet
  facet normal 0.904126 0.427265 0
    outer loop
      vertex 21.6694 1.90361 12
      vertex 21.6128 2.02338 3.99
      vertex 21.6128 2.02338 12
    endloop
  endfacet
  facet normal 0.904126 0.427265 0
    outer loop
      vertex 21.6128 2.02338 3.99
      vertex 21.6694 1.90361 12
      vertex 21.6694 1.90361 3.99
    endloop
  endfacet
  facet normal 0.803276 -0.595607 0
    outer loop
      vertex 21.7375 3.29002 12
      vertex 21.8164 3.39643 3.99
      vertex 21.8164 3.39643 12
    endloop
  endfacet
  facet normal 0.803276 -0.595607 0
    outer loop
      vertex 21.8164 3.39643 3.99
      vertex 21.7375 3.29002 12
      vertex 21.7375 3.29002 3.99
    endloop
  endfacet
  facet normal 0.970014 0.243051 0
    outer loop
      vertex 21.5681 2.14812 12
      vertex 21.5359 2.27663 3.99
      vertex 21.5359 2.27663 12
    endloop
  endfacet
  facet normal 0.970014 0.243051 0
    outer loop
      vertex 21.5359 2.27663 3.99
      vertex 21.5681 2.14812 12
      vertex 21.5681 2.14812 3.99
    endloop
  endfacet
  facet normal -0.740827 -0.671696 0
    outer loop
      vertex 23.9036 3.39643 3.99
      vertex 23.8146 3.49459 12
      vertex 23.8146 3.49459 3.99
    endloop
  endfacet
  facet normal -0.740827 -0.671696 0
    outer loop
      vertex 23.8146 3.49459 12
      vertex 23.9036 3.39643 3.99
      vertex 23.9036 3.39643 12
    endloop
  endfacet
  facet normal -0.514218 0.857659 0
    outer loop
      vertex 23.61 1.41752 3.99
      vertex 23.4964 1.34941 12
      vertex 23.61 1.41752 12
    endloop
  endfacet
  facet normal -0.514218 0.857659 0
    outer loop
      vertex 23.4964 1.34941 12
      vertex 23.61 1.41752 3.99
      vertex 23.4964 1.34941 3.99
    endloop
  endfacet
  facet normal 0.998796 0.0490642 0
    outer loop
      vertex 21.5165 2.40768 12
      vertex 21.51 2.54 3.99
      vertex 21.51 2.54 12
    endloop
  endfacet
  facet normal 0.998796 0.0490642 0
    outer loop
      vertex 21.51 2.54 3.99
      vertex 21.5165 2.40768 12
      vertex 21.5165 2.40768 3.99
    endloop
  endfacet
  facet normal 0.941383 -0.33734 0
    outer loop
      vertex 21.5681 2.93188 12
      vertex 21.6128 3.05662 3.99
      vertex 21.6128 3.05662 12
    endloop
  endfacet
  facet normal 0.941383 -0.33734 0
    outer loop
      vertex 21.6128 3.05662 3.99
      vertex 21.5681 2.93188 12
      vertex 21.5681 2.93188 3.99
    endloop
  endfacet
  facet normal -0.14668 -0.989184 0
    outer loop
      vertex 22.9923 3.8835 3.99
      vertex 23.1234 3.86406 12
      vertex 22.9923 3.8835 12
    endloop
  endfacet
  facet normal -0.14668 -0.989184 -0
    outer loop
      vertex 23.1234 3.86406 12
      vertex 22.9923 3.8835 3.99
      vertex 23.1234 3.86406 3.99
    endloop
  endfacet
  facet normal 0.514218 0.857659 -0
    outer loop
      vertex 22.2236 1.34941 3.99
      vertex 22.11 1.41752 12
      vertex 22.2236 1.34941 12
    endloop
  endfacet
  facet normal 0.514218 0.857659 0
    outer loop
      vertex 22.11 1.41752 12
      vertex 22.2236 1.34941 3.99
      vertex 22.11 1.41752 3.99
    endloop
  endfacet
  facet normal 0.0490716 0.998795 -0
    outer loop
      vertex 22.86 1.19 3.99
      vertex 22.7277 1.1965 12
      vertex 22.86 1.19 12
    endloop
  endfacet
  facet normal 0.0490716 0.998795 0
    outer loop
      vertex 22.7277 1.1965 12
      vertex 22.86 1.19 3.99
      vertex 22.7277 1.1965 3.99
    endloop
  endfacet
  facet normal 0.59574 -0.803177 0
    outer loop
      vertex 22.0036 3.58356 3.99
      vertex 22.11 3.66248 12
      vertex 22.0036 3.58356 12
    endloop
  endfacet
  facet normal 0.59574 -0.803177 0
    outer loop
      vertex 22.11 3.66248 12
      vertex 22.0036 3.58356 3.99
      vertex 22.11 3.66248 3.99
    endloop
  endfacet
  facet normal 0.427486 0.904022 -0
    outer loop
      vertex 22.3434 1.29276 3.99
      vertex 22.2236 1.34941 12
      vertex 22.3434 1.29276 12
    endloop
  endfacet
  facet normal 0.427486 0.904022 0
    outer loop
      vertex 22.2236 1.34941 12
      vertex 22.3434 1.29276 3.99
      vertex 22.2236 1.34941 3.99
    endloop
  endfacet
  facet normal -0.989228 -0.146385 0
    outer loop
      vertex 24.2035 15.3923 3.99
      vertex 24.1841 15.5234 12
      vertex 24.1841 15.5234 3.99
    endloop
  endfacet
  facet normal -0.989228 -0.146385 0
    outer loop
      vertex 24.1841 15.5234 12
      vertex 24.2035 15.3923 3.99
      vertex 24.2035 15.3923 12
    endloop
  endfacet
  facet normal -0.998795 -0.0490716 0
    outer loop
      vertex 24.21 15.26 3.99
      vertex 24.2035 15.3923 12
      vertex 24.2035 15.3923 3.99
    endloop
  endfacet
  facet normal -0.998795 -0.0490716 0
    outer loop
      vertex 24.2035 15.3923 12
      vertex 24.21 15.26 3.99
      vertex 24.21 15.26 12
    endloop
  endfacet
  facet normal -0.970009 -0.243068 0
    outer loop
      vertex 24.1841 15.5234 3.99
      vertex 24.1519 15.6519 12
      vertex 24.1519 15.6519 3.99
    endloop
  endfacet
  facet normal -0.970009 -0.243068 0
    outer loop
      vertex 24.1519 15.6519 12
      vertex 24.1841 15.5234 3.99
      vertex 24.1841 15.5234 12
    endloop
  endfacet
  facet normal -0.514163 0.857693 0
    outer loop
      vertex 23.61 14.1375 3.99
      vertex 23.4964 14.0694 12
      vertex 23.61 14.1375 12
    endloop
  endfacet
  facet normal -0.514163 0.857693 0
    outer loop
      vertex 23.4964 14.0694 12
      vertex 23.61 14.1375 3.99
      vertex 23.4964 14.0694 3.99
    endloop
  endfacet
  facet normal 0.337436 0.941348 -0
    outer loop
      vertex 22.4681 13.9681 3.99
      vertex 22.3434 14.0128 12
      vertex 22.4681 13.9681 12
    endloop
  endfacet
  facet normal 0.337436 0.941348 0
    outer loop
      vertex 22.3434 14.0128 12
      vertex 22.4681 13.9681 3.99
      vertex 22.3434 14.0128 3.99
    endloop
  endfacet
  facet normal -0.671545 0.740963 0
    outer loop
      vertex 23.8146 14.3054 3.99
      vertex 23.7164 14.2164 12
      vertex 23.8146 14.3054 12
    endloop
  endfacet
  facet normal -0.671545 0.740963 0
    outer loop
      vertex 23.7164 14.2164 12
      vertex 23.8146 14.3054 3.99
      vertex 23.7164 14.2164 3.99
    endloop
  endfacet
  facet normal -0.337436 0.941348 0
    outer loop
      vertex 23.3766 14.0128 3.99
      vertex 23.2519 13.9681 12
      vertex 23.3766 14.0128 12
    endloop
  endfacet
  facet normal -0.337436 0.941348 0
    outer loop
      vertex 23.2519 13.9681 12
      vertex 23.3766 14.0128 3.99
      vertex 23.2519 13.9681 3.99
    endloop
  endfacet
  facet normal 0.989228 0.146385 0
    outer loop
      vertex 21.5359 14.9966 12
      vertex 21.5165 15.1277 3.99
      vertex 21.5165 15.1277 12
    endloop
  endfacet
  facet normal 0.989228 0.146385 0
    outer loop
      vertex 21.5165 15.1277 3.99
      vertex 21.5359 14.9966 12
      vertex 21.5359 14.9966 3.99
    endloop
  endfacet
  facet normal 0.970009 -0.243068 0
    outer loop
      vertex 21.5359 15.5234 12
      vertex 21.5681 15.6519 3.99
      vertex 21.5681 15.6519 12
    endloop
  endfacet
  facet normal 0.970009 -0.243068 0
    outer loop
      vertex 21.5681 15.6519 3.99
      vertex 21.5359 15.5234 12
      vertex 21.5359 15.5234 3.99
    endloop
  endfacet
  facet normal 0.243068 0.970009 -0
    outer loop
      vertex 22.5966 13.9359 3.99
      vertex 22.4681 13.9681 12
      vertex 22.5966 13.9359 12
    endloop
  endfacet
  facet normal 0.243068 0.970009 0
    outer loop
      vertex 22.4681 13.9681 12
      vertex 22.5966 13.9359 3.99
      vertex 22.4681 13.9681 3.99
    endloop
  endfacet
  facet normal -0.740963 0.671545 0
    outer loop
      vertex 23.8146 14.3054 3.99
      vertex 23.9036 14.4036 12
      vertex 23.9036 14.4036 3.99
    endloop
  endfacet
  facet normal -0.740963 0.671545 0
    outer loop
      vertex 23.9036 14.4036 12
      vertex 23.8146 14.3054 3.99
      vertex 23.8146 14.3054 12
    endloop
  endfacet
  facet normal 0.989228 -0.146385 0
    outer loop
      vertex 21.5165 15.3923 12
      vertex 21.5359 15.5234 3.99
      vertex 21.5359 15.5234 12
    endloop
  endfacet
  facet normal 0.989228 -0.146385 0
    outer loop
      vertex 21.5359 15.5234 3.99
      vertex 21.5165 15.3923 12
      vertex 21.5165 15.3923 3.99
    endloop
  endfacet
  facet normal -0.671545 -0.740963 0
    outer loop
      vertex 23.7164 16.3036 3.99
      vertex 23.8146 16.2146 12
      vertex 23.7164 16.3036 12
    endloop
  endfacet
  facet normal -0.671545 -0.740963 -0
    outer loop
      vertex 23.8146 16.2146 12
      vertex 23.7164 16.3036 3.99
      vertex 23.8146 16.2146 3.99
    endloop
  endfacet
  facet normal 0.146385 -0.989228 0
    outer loop
      vertex 22.5966 16.5841 3.99
      vertex 22.7277 16.6035 12
      vertex 22.5966 16.5841 12
    endloop
  endfacet
  facet normal 0.146385 -0.989228 0
    outer loop
      vertex 22.7277 16.6035 12
      vertex 22.5966 16.5841 3.99
      vertex 22.7277 16.6035 3.99
    endloop
  endfacet
  facet normal -0.514163 -0.857693 0
    outer loop
      vertex 23.4964 16.4506 3.99
      vertex 23.61 16.3825 12
      vertex 23.4964 16.4506 12
    endloop
  endfacet
  facet normal -0.514163 -0.857693 -0
    outer loop
      vertex 23.61 16.3825 12
      vertex 23.4964 16.4506 3.99
      vertex 23.61 16.3825 3.99
    endloop
  endfacet
  facet normal -0.904168 0.427178 0
    outer loop
      vertex 24.0506 14.6236 3.99
      vertex 24.1072 14.7434 12
      vertex 24.1072 14.7434 3.99
    endloop
  endfacet
  facet normal -0.904168 0.427178 0
    outer loop
      vertex 24.1072 14.7434 12
      vertex 24.0506 14.6236 3.99
      vertex 24.0506 14.6236 12
    endloop
  endfacet
  facet normal 0.740963 0.671545 0
    outer loop
      vertex 21.9054 14.3054 12
      vertex 21.8164 14.4036 3.99
      vertex 21.8164 14.4036 12
    endloop
  endfacet
  facet normal 0.740963 0.671545 0
    outer loop
      vertex 21.8164 14.4036 3.99
      vertex 21.9054 14.3054 12
      vertex 21.9054 14.3054 3.99
    endloop
  endfacet
  facet normal 0.857693 0.514163 0
    outer loop
      vertex 21.7375 14.51 12
      vertex 21.6694 14.6236 3.99
      vertex 21.6694 14.6236 12
    endloop
  endfacet
  facet normal 0.857693 0.514163 0
    outer loop
      vertex 21.6694 14.6236 3.99
      vertex 21.7375 14.51 12
      vertex 21.7375 14.51 3.99
    endloop
  endfacet
  facet normal 0.857693 -0.514163 0
    outer loop
      vertex 21.6694 15.8964 12
      vertex 21.7375 16.01 3.99
      vertex 21.7375 16.01 12
    endloop
  endfacet
  facet normal 0.857693 -0.514163 0
    outer loop
      vertex 21.7375 16.01 3.99
      vertex 21.6694 15.8964 12
      vertex 21.6694 15.8964 3.99
    endloop
  endfacet
  facet normal -0.243068 0.970009 0
    outer loop
      vertex 23.2519 13.9681 3.99
      vertex 23.1234 13.9359 12
      vertex 23.2519 13.9681 12
    endloop
  endfacet
  facet normal -0.243068 0.970009 0
    outer loop
      vertex 23.1234 13.9359 12
      vertex 23.2519 13.9681 3.99
      vertex 23.1234 13.9359 3.99
    endloop
  endfacet
  facet normal 0.146385 0.989228 -0
    outer loop
      vertex 22.7277 13.9165 3.99
      vertex 22.5966 13.9359 12
      vertex 22.7277 13.9165 12
    endloop
  endfacet
  facet normal 0.146385 0.989228 0
    outer loop
      vertex 22.5966 13.9359 12
      vertex 22.7277 13.9165 3.99
      vertex 22.5966 13.9359 3.99
    endloop
  endfacet
  facet normal 0.243068 -0.970009 0
    outer loop
      vertex 22.4681 16.5519 3.99
      vertex 22.5966 16.5841 12
      vertex 22.4681 16.5519 12
    endloop
  endfacet
  facet normal 0.243068 -0.970009 0
    outer loop
      vertex 22.5966 16.5841 12
      vertex 22.4681 16.5519 3.99
      vertex 22.5966 16.5841 3.99
    endloop
  endfacet
  facet normal -0.803249 -0.595643 0
    outer loop
      vertex 23.9825 16.01 3.99
      vertex 23.9036 16.1164 12
      vertex 23.9036 16.1164 3.99
    endloop
  endfacet
  facet normal -0.803249 -0.595643 0
    outer loop
      vertex 23.9036 16.1164 12
      vertex 23.9825 16.01 3.99
      vertex 23.9825 16.01 12
    endloop
  endfacet
  facet normal -0.595643 -0.803249 0
    outer loop
      vertex 23.61 16.3825 3.99
      vertex 23.7164 16.3036 12
      vertex 23.61 16.3825 12
    endloop
  endfacet
  facet normal -0.595643 -0.803249 -0
    outer loop
      vertex 23.7164 16.3036 12
      vertex 23.61 16.3825 3.99
      vertex 23.7164 16.3036 3.99
    endloop
  endfacet
  facet normal -0.337436 -0.941348 0
    outer loop
      vertex 23.2519 16.5519 3.99
      vertex 23.3766 16.5072 12
      vertex 23.2519 16.5519 12
    endloop
  endfacet
  facet normal -0.337436 -0.941348 -0
    outer loop
      vertex 23.3766 16.5072 12
      vertex 23.2519 16.5519 3.99
      vertex 23.3766 16.5072 3.99
    endloop
  endfacet
  facet normal 0.803249 0.595643 0
    outer loop
      vertex 21.8164 14.4036 12
      vertex 21.7375 14.51 3.99
      vertex 21.7375 14.51 12
    endloop
  endfacet
  facet normal 0.803249 0.595643 0
    outer loop
      vertex 21.7375 14.51 3.99
      vertex 21.8164 14.4036 12
      vertex 21.8164 14.4036 3.99
    endloop
  endfacet
  facet normal 0.740963 -0.671545 0
    outer loop
      vertex 21.8164 16.1164 12
      vertex 21.9054 16.2146 3.99
      vertex 21.9054 16.2146 12
    endloop
  endfacet
  facet normal 0.740963 -0.671545 0
    outer loop
      vertex 21.9054 16.2146 3.99
      vertex 21.8164 16.1164 12
      vertex 21.8164 16.1164 3.99
    endloop
  endfacet
  facet normal -0.146385 -0.989228 0
    outer loop
      vertex 22.9923 16.6035 3.99
      vertex 23.1234 16.5841 12
      vertex 22.9923 16.6035 12
    endloop
  endfacet
  facet normal -0.146385 -0.989228 -0
    outer loop
      vertex 23.1234 16.5841 12
      vertex 22.9923 16.6035 3.99
      vertex 23.1234 16.5841 3.99
    endloop
  endfacet
  facet normal 0.970009 0.243068 0
    outer loop
      vertex 21.5681 14.8681 12
      vertex 21.5359 14.9966 3.99
      vertex 21.5359 14.9966 12
    endloop
  endfacet
  facet normal 0.970009 0.243068 0
    outer loop
      vertex 21.5359 14.9966 3.99
      vertex 21.5681 14.8681 12
      vertex 21.5681 14.8681 3.99
    endloop
  endfacet
  facet normal 0.941348 -0.337436 0
    outer loop
      vertex 21.5681 15.6519 12
      vertex 21.6128 15.7766 3.99
      vertex 21.6128 15.7766 12
    endloop
  endfacet
  facet normal 0.941348 -0.337436 0
    outer loop
      vertex 21.6128 15.7766 3.99
      vertex 21.5681 15.6519 12
      vertex 21.5681 15.6519 3.99
    endloop
  endfacet
  facet normal 0.941348 0.337436 0
    outer loop
      vertex 21.6128 14.7434 12
      vertex 21.5681 14.8681 3.99
      vertex 21.5681 14.8681 12
    endloop
  endfacet
  facet normal 0.941348 0.337436 0
    outer loop
      vertex 21.5681 14.8681 3.99
      vertex 21.6128 14.7434 12
      vertex 21.6128 14.7434 3.99
    endloop
  endfacet
  facet normal -0.243068 -0.970009 0
    outer loop
      vertex 23.1234 16.5841 3.99
      vertex 23.2519 16.5519 12
      vertex 23.1234 16.5841 12
    endloop
  endfacet
  facet normal -0.243068 -0.970009 -0
    outer loop
      vertex 23.2519 16.5519 12
      vertex 23.1234 16.5841 3.99
      vertex 23.2519 16.5519 3.99
    endloop
  endfacet
  facet normal 0.595643 -0.803249 0
    outer loop
      vertex 22.0036 16.3036 3.99
      vertex 22.11 16.3825 12
      vertex 22.0036 16.3036 12
    endloop
  endfacet
  facet normal 0.595643 -0.803249 0
    outer loop
      vertex 22.11 16.3825 12
      vertex 22.0036 16.3036 3.99
      vertex 22.11 16.3825 3.99
    endloop
  endfacet
  facet normal -0.427178 -0.904168 0
    outer loop
      vertex 23.3766 16.5072 3.99
      vertex 23.4964 16.4506 12
      vertex 23.3766 16.5072 12
    endloop
  endfacet
  facet normal -0.427178 -0.904168 -0
    outer loop
      vertex 23.4964 16.4506 12
      vertex 23.3766 16.5072 3.99
      vertex 23.4964 16.4506 3.99
    endloop
  endfacet
  facet normal -0.595643 0.803249 0
    outer loop
      vertex 23.7164 14.2164 3.99
      vertex 23.61 14.1375 12
      vertex 23.7164 14.2164 12
    endloop
  endfacet
  facet normal -0.595643 0.803249 0
    outer loop
      vertex 23.61 14.1375 12
      vertex 23.7164 14.2164 3.99
      vertex 23.61 14.1375 3.99
    endloop
  endfacet
  facet normal -0.941348 -0.337436 0
    outer loop
      vertex 24.1519 15.6519 3.99
      vertex 24.1072 15.7766 12
      vertex 24.1072 15.7766 3.99
    endloop
  endfacet
  facet normal -0.941348 -0.337436 0
    outer loop
      vertex 24.1072 15.7766 12
      vertex 24.1519 15.6519 3.99
      vertex 24.1519 15.6519 12
    endloop
  endfacet
  facet normal -0.989228 0.146385 0
    outer loop
      vertex 24.1841 14.9966 3.99
      vertex 24.2035 15.1277 12
      vertex 24.2035 15.1277 3.99
    endloop
  endfacet
  facet normal -0.989228 0.146385 0
    outer loop
      vertex 24.2035 15.1277 12
      vertex 24.1841 14.9966 3.99
      vertex 24.1841 14.9966 12
    endloop
  endfacet
  facet normal -0.998795 0.0490716 0
    outer loop
      vertex 24.2035 15.1277 3.99
      vertex 24.21 15.26 12
      vertex 24.21 15.26 3.99
    endloop
  endfacet
  facet normal -0.998795 0.0490716 0
    outer loop
      vertex 24.21 15.26 12
      vertex 24.2035 15.1277 3.99
      vertex 24.2035 15.1277 12
    endloop
  endfacet
  facet normal -0.803249 0.595643 0
    outer loop
      vertex 23.9036 14.4036 3.99
      vertex 23.9825 14.51 12
      vertex 23.9825 14.51 3.99
    endloop
  endfacet
  facet normal -0.803249 0.595643 0
    outer loop
      vertex 23.9825 14.51 12
      vertex 23.9036 14.4036 3.99
      vertex 23.9036 14.4036 12
    endloop
  endfacet
  facet normal -0.904168 -0.427178 0
    outer loop
      vertex 24.1072 15.7766 3.99
      vertex 24.0506 15.8964 12
      vertex 24.0506 15.8964 3.99
    endloop
  endfacet
  facet normal -0.904168 -0.427178 0
    outer loop
      vertex 24.0506 15.8964 12
      vertex 24.1072 15.7766 3.99
      vertex 24.1072 15.7766 12
    endloop
  endfacet
  facet normal -0.427178 0.904168 0
    outer loop
      vertex 23.4964 14.0694 3.99
      vertex 23.3766 14.0128 12
      vertex 23.4964 14.0694 12
    endloop
  endfacet
  facet normal -0.427178 0.904168 0
    outer loop
      vertex 23.3766 14.0128 12
      vertex 23.4964 14.0694 3.99
      vertex 23.3766 14.0128 3.99
    endloop
  endfacet
  facet normal 0.514163 -0.857693 0
    outer loop
      vertex 22.11 16.3825 3.99
      vertex 22.2236 16.4506 12
      vertex 22.11 16.3825 12
    endloop
  endfacet
  facet normal 0.514163 -0.857693 0
    outer loop
      vertex 22.2236 16.4506 12
      vertex 22.11 16.3825 3.99
      vertex 22.2236 16.4506 3.99
    endloop
  endfacet
  facet normal 0.427178 0.904168 -0
    outer loop
      vertex 22.3434 14.0128 3.99
      vertex 22.2236 14.0694 12
      vertex 22.3434 14.0128 12
    endloop
  endfacet
  facet normal 0.427178 0.904168 0
    outer loop
      vertex 22.2236 14.0694 12
      vertex 22.3434 14.0128 3.99
      vertex 22.2236 14.0694 3.99
    endloop
  endfacet
  facet normal 0.998795 0.0490716 0
    outer loop
      vertex 21.5165 15.1277 12
      vertex 21.51 15.26 3.99
      vertex 21.51 15.26 12
    endloop
  endfacet
  facet normal 0.998795 0.0490716 0
    outer loop
      vertex 21.51 15.26 3.99
      vertex 21.5165 15.1277 12
      vertex 21.5165 15.1277 3.99
    endloop
  endfacet
  facet normal -0.857693 0.514163 0
    outer loop
      vertex 23.9825 14.51 3.99
      vertex 24.0506 14.6236 12
      vertex 24.0506 14.6236 3.99
    endloop
  endfacet
  facet normal -0.857693 0.514163 0
    outer loop
      vertex 24.0506 14.6236 12
      vertex 23.9825 14.51 3.99
      vertex 23.9825 14.51 12
    endloop
  endfacet
  facet normal 0.427178 -0.904168 0
    outer loop
      vertex 22.2236 16.4506 3.99
      vertex 22.3434 16.5072 12
      vertex 22.2236 16.4506 12
    endloop
  endfacet
  facet normal 0.427178 -0.904168 0
    outer loop
      vertex 22.3434 16.5072 12
      vertex 22.2236 16.4506 3.99
      vertex 22.3434 16.5072 3.99
    endloop
  endfacet
  facet normal 0.0490716 -0.998795 0
    outer loop
      vertex 22.7277 16.6035 3.99
      vertex 22.86 16.61 12
      vertex 22.7277 16.6035 12
    endloop
  endfacet
  facet normal 0.0490716 -0.998795 0
    outer loop
      vertex 22.86 16.61 12
      vertex 22.7277 16.6035 3.99
      vertex 22.86 16.61 3.99
    endloop
  endfacet
  facet normal 0.803249 -0.595643 0
    outer loop
      vertex 21.7375 16.01 12
      vertex 21.8164 16.1164 3.99
      vertex 21.8164 16.1164 12
    endloop
  endfacet
  facet normal 0.803249 -0.595643 0
    outer loop
      vertex 21.8164 16.1164 3.99
      vertex 21.7375 16.01 12
      vertex 21.7375 16.01 3.99
    endloop
  endfacet
  facet normal 0.337436 -0.941348 0
    outer loop
      vertex 22.3434 16.5072 3.99
      vertex 22.4681 16.5519 12
      vertex 22.3434 16.5072 12
    endloop
  endfacet
  facet normal 0.337436 -0.941348 0
    outer loop
      vertex 22.4681 16.5519 12
      vertex 22.3434 16.5072 3.99
      vertex 22.4681 16.5519 3.99
    endloop
  endfacet
  facet normal -0.970009 0.243068 0
    outer loop
      vertex 24.1519 14.8681 3.99
      vertex 24.1841 14.9966 12
      vertex 24.1841 14.9966 3.99
    endloop
  endfacet
  facet normal -0.970009 0.243068 0
    outer loop
      vertex 24.1841 14.9966 12
      vertex 24.1519 14.8681 3.99
      vertex 24.1519 14.8681 12
    endloop
  endfacet
  facet normal -0.941348 0.337436 0
    outer loop
      vertex 24.1072 14.7434 3.99
      vertex 24.1519 14.8681 12
      vertex 24.1519 14.8681 3.99
    endloop
  endfacet
  facet normal -0.941348 0.337436 0
    outer loop
      vertex 24.1519 14.8681 12
      vertex 24.1072 14.7434 3.99
      vertex 24.1072 14.7434 12
    endloop
  endfacet
  facet normal -0.0490716 -0.998795 0
    outer loop
      vertex 22.86 16.61 3.99
      vertex 22.9923 16.6035 12
      vertex 22.86 16.61 12
    endloop
  endfacet
  facet normal -0.0490716 -0.998795 -0
    outer loop
      vertex 22.9923 16.6035 12
      vertex 22.86 16.61 3.99
      vertex 22.9923 16.6035 3.99
    endloop
  endfacet
  facet normal -0.857693 -0.514163 0
    outer loop
      vertex 24.0506 15.8964 3.99
      vertex 23.9825 16.01 12
      vertex 23.9825 16.01 3.99
    endloop
  endfacet
  facet normal -0.857693 -0.514163 0
    outer loop
      vertex 23.9825 16.01 12
      vertex 24.0506 15.8964 3.99
      vertex 24.0506 15.8964 12
    endloop
  endfacet
  facet normal 0.904168 0.427178 0
    outer loop
      vertex 21.6694 14.6236 12
      vertex 21.6128 14.7434 3.99
      vertex 21.6128 14.7434 12
    endloop
  endfacet
  facet normal 0.904168 0.427178 0
    outer loop
      vertex 21.6128 14.7434 3.99
      vertex 21.6694 14.6236 12
      vertex 21.6694 14.6236 3.99
    endloop
  endfacet
  facet normal -0.0490716 0.998795 0
    outer loop
      vertex 22.9923 13.9165 3.99
      vertex 22.86 13.91 12
      vertex 22.9923 13.9165 12
    endloop
  endfacet
  facet normal -0.0490716 0.998795 0
    outer loop
      vertex 22.86 13.91 12
      vertex 22.9923 13.9165 3.99
      vertex 22.86 13.91 3.99
    endloop
  endfacet
  facet normal 0.671545 -0.740963 0
    outer loop
      vertex 21.9054 16.2146 3.99
      vertex 22.0036 16.3036 12
      vertex 21.9054 16.2146 12
    endloop
  endfacet
  facet normal 0.671545 -0.740963 0
    outer loop
      vertex 22.0036 16.3036 12
      vertex 21.9054 16.2146 3.99
      vertex 22.0036 16.3036 3.99
    endloop
  endfacet
  facet normal 0.671545 0.740963 -0
    outer loop
      vertex 22.0036 14.2164 3.99
      vertex 21.9054 14.3054 12
      vertex 22.0036 14.2164 12
    endloop
  endfacet
  facet normal 0.671545 0.740963 0
    outer loop
      vertex 21.9054 14.3054 12
      vertex 22.0036 14.2164 3.99
      vertex 21.9054 14.3054 3.99
    endloop
  endfacet
  facet normal -0.146385 0.989228 0
    outer loop
      vertex 23.1234 13.9359 3.99
      vertex 22.9923 13.9165 12
      vertex 23.1234 13.9359 12
    endloop
  endfacet
  facet normal -0.146385 0.989228 0
    outer loop
      vertex 22.9923 13.9165 12
      vertex 23.1234 13.9359 3.99
      vertex 22.9923 13.9165 3.99
    endloop
  endfacet
  facet normal -0.740963 -0.671545 0
    outer loop
      vertex 23.9036 16.1164 3.99
      vertex 23.8146 16.2146 12
      vertex 23.8146 16.2146 3.99
    endloop
  endfacet
  facet normal -0.740963 -0.671545 0
    outer loop
      vertex 23.8146 16.2146 12
      vertex 23.9036 16.1164 3.99
      vertex 23.9036 16.1164 12
    endloop
  endfacet
  facet normal 0.0490716 0.998795 -0
    outer loop
      vertex 22.86 13.91 3.99
      vertex 22.7277 13.9165 12
      vertex 22.86 13.91 12
    endloop
  endfacet
  facet normal 0.0490716 0.998795 0
    outer loop
      vertex 22.7277 13.9165 12
      vertex 22.86 13.91 3.99
      vertex 22.7277 13.9165 3.99
    endloop
  endfacet
  facet normal 0.595643 0.803249 -0
    outer loop
      vertex 22.11 14.1375 3.99
      vertex 22.0036 14.2164 12
      vertex 22.11 14.1375 12
    endloop
  endfacet
  facet normal 0.595643 0.803249 0
    outer loop
      vertex 22.0036 14.2164 12
      vertex 22.11 14.1375 3.99
      vertex 22.0036 14.2164 3.99
    endloop
  endfacet
  facet normal 0.904168 -0.427178 0
    outer loop
      vertex 21.6128 15.7766 12
      vertex 21.6694 15.8964 3.99
      vertex 21.6694 15.8964 12
    endloop
  endfacet
  facet normal 0.904168 -0.427178 0
    outer loop
      vertex 21.6694 15.8964 3.99
      vertex 21.6128 15.7766 12
      vertex 21.6128 15.7766 3.99
    endloop
  endfacet
  facet normal 0.998795 -0.0490716 0
    outer loop
      vertex 21.51 15.26 12
      vertex 21.5165 15.3923 3.99
      vertex 21.5165 15.3923 12
    endloop
  endfacet
  facet normal 0.998795 -0.0490716 0
    outer loop
      vertex 21.5165 15.3923 3.99
      vertex 21.51 15.26 12
      vertex 21.51 15.26 3.99
    endloop
  endfacet
  facet normal 0.514163 0.857693 -0
    outer loop
      vertex 22.2236 14.0694 3.99
      vertex 22.11 14.1375 12
      vertex 22.2236 14.0694 12
    endloop
  endfacet
  facet normal 0.514163 0.857693 0
    outer loop
      vertex 22.11 14.1375 12
      vertex 22.2236 14.0694 3.99
      vertex 22.11 14.1375 3.99
    endloop
  endfacet
  facet normal 1 -0 0
    outer loop
      vertex 27.4 -2 12
      vertex 27.4 19.8 0
      vertex 27.4 19.8 12
    endloop
  endfacet
  facet normal 1 0 0
    outer loop
      vertex 27.4 19.8 0
      vertex 27.4 -2 12
      vertex 27.4 -2 0
    endloop
  endfacet
  facet normal 0 0 1
    outer loop
      vertex 11.1721 9.36368 12
      vertex 3.49459 14.3054 12
      vertex 11.1721 9.36349 12
    endloop
  endfacet
  facet normal 0 0 1
    outer loop
      vertex 11.1033 8.9 12
      vertex 3.8835 2.67232 12
      vertex 3.89 2.54 12
    endloop
  endfacet
  facet normal -0 0 1
    outer loop
      vertex 3.39643 14.2164 12
      vertex 11.1721 9.36349 12
      vertex 3.49459 14.3054 12
    endloop
  endfacet
  facet normal 0 0 1
    outer loop
      vertex 11.1033 8.9 12
      vertex 3.86406 2.80337 12
      vertex 3.8835 2.67232 12
    endloop
  endfacet
  facet normal 0 0 1
    outer loop
      vertex 11.1721 9.36349 12
      vertex 3.39643 14.2164 12
      vertex 11.172 9.3633 12
    endloop
  endfacet
  facet normal 0 0 1
    outer loop
      vertex 11.1033 8.9 12
      vertex 3.83187 2.93188 12
      vertex 3.86406 2.80337 12
    endloop
  endfacet
  facet normal 0 0 1
    outer loop
      vertex 11.172 9.3633 12
      vertex 3.39643 14.2164 12
      vertex 11.134 9.2115 12
    endloop
  endfacet
  facet normal 0 0 1
    outer loop
      vertex 11.1033 8.9 12
      vertex 3.78724 3.05662 12
      vertex 3.83187 2.93188 12
    endloop
  endfacet
  facet normal -0 0 1
    outer loop
      vertex 3.29002 14.1375 12
      vertex 11.134 9.2115 12
      vertex 3.39643 14.2164 12
    endloop
  endfacet
  facet normal 0 0 1
    outer loop
      vertex 11.1033 8.9 12
      vertex 3.73059 3.17638 12
      vertex 3.78724 3.05662 12
    endloop
  endfacet
  facet normal 0 0 1
    outer loop
      vertex 11.134 9.2115 12
      vertex 3.29002 14.1375 12
      vertex 11.111 9.05669 12
    endloop
  endfacet
  facet normal 0 0 1
    outer loop
      vertex 11.1033 8.9 12
      vertex 3.66248 3.29002 12
      vertex 3.73059 3.17638 12
    endloop
  endfacet
  facet normal 0 0 1
    outer loop
      vertex 11.111 9.05669 12
      vertex 3.29002 14.1375 12
      vertex 11.111 9.0565 12
    endloop
  endfacet
  facet normal 0 0 1
    outer loop
      vertex 11.1033 8.9 12
      vertex 3.58356 3.39643 12
      vertex 3.66248 3.29002 12
    endloop
  endfacet
  facet normal -0 0 1
    outer loop
      vertex 3.17638 14.0694 12
      vertex 11.111 9.0565 12
      vertex 3.29002 14.1375 12
    endloop
  endfacet
  facet normal 0 0 1
    outer loop
      vertex 11.1033 8.9 12
      vertex 3.49459 3.49459 12
      vertex 3.58356 3.39643 12
    endloop
  endfacet
  facet normal 0 0 1
    outer loop
      vertex 11.111 9.0565 12
      vertex 3.17638 14.0694 12
      vertex 11.111 9.05631 12
    endloop
  endfacet
  facet normal 0 0 1
    outer loop
      vertex 11.1033 8.9 12
      vertex 3.39643 3.58356 12
      vertex 3.49459 3.49459 12
    endloop
  endfacet
  facet normal 0 0 1
    outer loop
      vertex 11.111 9.05631 12
      vertex 3.17638 14.0694 12
      vertex 11.1033 8.9 12
    endloop
  endfacet
  facet normal 0 0 1
    outer loop
      vertex 11.1033 8.9 12
      vertex 3.29002 3.66248 12
      vertex 3.39643 3.58356 12
    endloop
  endfacet
  facet normal -0 0 1
    outer loop
      vertex 3.05662 14.0128 12
      vertex 11.1033 8.9 12
      vertex 3.17638 14.0694 12
    endloop
  endfacet
  facet normal 0 0 1
    outer loop
      vertex 11.1033 8.9 12
      vertex 3.17638 3.73059 12
      vertex 3.29002 3.66248 12
    endloop
  endfacet
  facet normal 0 0 1
    outer loop
      vertex 3.05662 3.78724 12
      vertex 11.1033 8.9 12
      vertex 3.05662 14.0128 12
    endloop
  endfacet
  facet normal 0 0 1
    outer loop
      vertex 11.1033 8.9 12
      vertex 3.05662 3.78724 12
      vertex 3.17638 3.73059 12
    endloop
  endfacet
  facet normal -0 0 1
    outer loop
      vertex 2.93188 13.9681 12
      vertex 3.05662 3.78724 12
      vertex 3.05662 14.0128 12
    endloop
  endfacet
  facet normal 0 0 1
    outer loop
      vertex 2.93188 13.9681 12
      vertex 2.93188 3.83187 12
      vertex 3.05662 3.78724 12
    endloop
  endfacet
  facet normal -0 0 1
    outer loop
      vertex 2.80337 13.9359 12
      vertex 2.93188 3.83187 12
      vertex 2.93188 13.9681 12
    endloop
  endfacet
  facet normal 0 0 1
    outer loop
      vertex 2.80337 13.9359 12
      vertex 2.80337 3.86406 12
      vertex 2.93188 3.83187 12
    endloop
  endfacet
  facet normal -0 0 1
    outer loop
      vertex 2.67232 13.9165 12
      vertex 2.80337 3.86406 12
      vertex 2.80337 13.9359 12
    endloop
  endfacet
  facet normal 0 0 1
    outer loop
      vertex 2.67232 13.9165 12
      vertex 2.67232 3.8835 12
      vertex 2.80337 3.86406 12
    endloop
  endfacet
  facet normal -0 0 1
    outer loop
      vertex 2.54 13.91 12
      vertex 2.67232 3.8835 12
      vertex 2.67232 13.9165 12
    endloop
  endfacet
  facet normal 0 0 1
    outer loop
      vertex 2.54 13.91 12
      vertex 2.54 3.89 12
      vertex 2.67232 3.8835 12
    endloop
  endfacet
  facet normal 0 0 1
    outer loop
      vertex 2.40768 13.9165 12
      vertex 2.54 3.89 12
      vertex 2.54 13.91 12
    endloop
  endfacet
  facet normal 0 0 1
    outer loop
      vertex 2.40768 13.9165 12
      vertex 2.40768 3.8835 12
      vertex 2.54 3.89 12
    endloop
  endfacet
  facet normal 0 0 1
    outer loop
      vertex 2.27663 13.9359 12
      vertex 2.40768 3.8835 12
      vertex 2.40768 13.9165 12
    endloop
  endfacet
  facet normal 0 0 1
    outer loop
      vertex 2.27663 13.9359 12
      vertex 2.27663 3.86406 12
      vertex 2.40768 3.8835 12
    endloop
  endfacet
  facet normal 0 0 1
    outer loop
      vertex 2.14812 13.9681 12
      vertex 2.27663 3.86406 12
      vertex 2.27663 13.9359 12
    endloop
  endfacet
  facet normal 0 0 1
    outer loop
      vertex 2.14812 13.9681 12
      vertex 2.14812 3.83187 12
      vertex 2.27663 3.86406 12
    endloop
  endfacet
  facet normal 0 0 1
    outer loop
      vertex 2.02338 14.0128 12
      vertex 2.14812 3.83187 12
      vertex 2.14812 13.9681 12
    endloop
  endfacet
  facet normal 0 0 1
    outer loop
      vertex 2.02338 14.0128 12
      vertex 2.02338 3.78724 12
      vertex 2.14812 3.83187 12
    endloop
  endfacet
  facet normal 0 0 1
    outer loop
      vertex 1.90361 14.0694 12
      vertex 2.02338 3.78724 12
      vertex 2.02338 14.0128 12
    endloop
  endfacet
  facet normal 0 0 1
    outer loop
      vertex 1.90361 14.0694 12
      vertex 1.90361 3.73059 12
      vertex 2.02338 3.78724 12
    endloop
  endfacet
  facet normal 0 0 1
    outer loop
      vertex 1.78998 14.1375 12
      vertex 1.90361 3.73059 12
      vertex 1.90361 14.0694 12
    endloop
  endfacet
  facet normal 0 0 1
    outer loop
      vertex 1.78998 14.1375 12
      vertex 1.78998 3.66248 12
      vertex 1.90361 3.73059 12
    endloop
  endfacet
  facet normal 0 0 1
    outer loop
      vertex 1.68357 14.2164 12
      vertex 1.78998 3.66248 12
      vertex 1.78998 14.1375 12
    endloop
  endfacet
  facet normal 0 0 1
    outer loop
      vertex 1.68357 14.2164 12
      vertex 1.68357 3.58356 12
      vertex 1.78998 3.66248 12
    endloop
  endfacet
  facet normal 0 0 1
    outer loop
      vertex 1.58541 14.3054 12
      vertex 1.68357 3.58356 12
      vertex 1.68357 14.2164 12
    endloop
  endfacet
  facet normal 0 0 1
    outer loop
      vertex 1.58541 14.3054 12
      vertex 1.58541 3.49459 12
      vertex 1.68357 3.58356 12
    endloop
  endfacet
  facet normal 0 0 1
    outer loop
      vertex 1.49644 14.4036 12
      vertex 1.58541 3.49459 12
      vertex 1.58541 14.3054 12
    endloop
  endfacet
  facet normal 0 0 1
    outer loop
      vertex 1.49644 14.4036 12
      vertex 1.49644 3.39643 12
      vertex 1.58541 3.49459 12
    endloop
  endfacet
  facet normal 0 0 1
    outer loop
      vertex 1.41752 14.51 12
      vertex 1.49644 3.39643 12
      vertex 1.49644 14.4036 12
    endloop
  endfacet
  facet normal 0 0 1
    outer loop
      vertex 1.41752 14.51 12
      vertex 1.41752 3.29002 12
      vertex 1.49644 3.39643 12
    endloop
  endfacet
  facet normal 0 0 1
    outer loop
      vertex 1.34941 14.6236 12
      vertex 1.41752 3.29002 12
      vertex 1.41752 14.51 12
    endloop
  endfacet
  facet normal 0 0 1
    outer loop
      vertex 1.34941 14.6236 12
      vertex 1.34941 3.17638 12
      vertex 1.41752 3.29002 12
    endloop
  endfacet
  facet normal 0 0 1
    outer loop
      vertex 1.29276 14.7434 12
      vertex 1.34941 3.17638 12
      vertex 1.34941 14.6236 12
    endloop
  endfacet
  facet normal 0 0 1
    outer loop
      vertex 1.29276 14.7434 12
      vertex 1.29276 3.05662 12
      vertex 1.34941 3.17638 12
    endloop
  endfacet
  facet normal 0 0 1
    outer loop
      vertex -2 19.8 12
      vertex 1.29276 14.7434 12
      vertex 1.24813 14.8681 12
    endloop
  endfacet
  facet normal 0 0 1
    outer loop
      vertex 1.29276 14.7434 12
      vertex -2 19.8 12
      vertex 1.29276 3.05662 12
    endloop
  endfacet
  facet normal 0 0 1
    outer loop
      vertex -2 19.8 12
      vertex 1.24813 14.8681 12
      vertex 1.21594 14.9966 12
    endloop
  endfacet
  facet normal 0 0 1
    outer loop
      vertex -2 -2 12
      vertex 1.29276 3.05662 12
      vertex -2 19.8 12
    endloop
  endfacet
  facet normal 0 0 1
    outer loop
      vertex -2 19.8 12
      vertex 1.21594 14.9966 12
      vertex 1.1965 15.1277 12
    endloop
  endfacet
  facet normal 0 0 1
    outer loop
      vertex 1.29276 3.05662 12
      vertex -2 -2 12
      vertex 1.24813 2.93188 12
    endloop
  endfacet
  facet normal 0 0 1
    outer loop
      vertex -2 19.8 12
      vertex 1.1965 15.1277 12
      vertex 1.19 15.26 12
    endloop
  endfacet
  facet normal 0 0 1
    outer loop
      vertex 1.24813 2.93188 12
      vertex -2 -2 12
      vertex 1.21594 2.80337 12
    endloop
  endfacet
  facet normal 0 0 1
    outer loop
      vertex 24.1519 14.8681 12
      vertex 27.4 19.8 12
      vertex 24.1841 14.9966 12
    endloop
  endfacet
  facet normal 0 0 1
    outer loop
      vertex 27.4 -2 12
      vertex 24.2035 2.67232 12
      vertex 24.21 2.54 12
    endloop
  endfacet
  facet normal 0 0 1
    outer loop
      vertex 24.1072 14.7434 12
      vertex 27.4 19.8 12
      vertex 24.1519 14.8681 12
    endloop
  endfacet
  facet normal 0 0 1
    outer loop
      vertex 27.4 -2 12
      vertex 24.1841 2.80337 12
      vertex 24.2035 2.67232 12
    endloop
  endfacet
  facet normal 0 0 1
    outer loop
      vertex 27.4 19.8 12
      vertex 24.1072 14.7434 12
      vertex 27.4 -2 12
    endloop
  endfacet
  facet normal 0 0 1
    outer loop
      vertex 27.4 -2 12
      vertex 24.1519 2.93188 12
      vertex 24.1841 2.80337 12
    endloop
  endfacet
  facet normal -0 0 1
    outer loop
      vertex 24.1072 3.05662 12
      vertex 27.4 -2 12
      vertex 24.1072 14.7434 12
    endloop
  endfacet
  facet normal 0 0 1
    outer loop
      vertex 27.4 -2 12
      vertex 24.1072 3.05662 12
      vertex 24.1519 2.93188 12
    endloop
  endfacet
  facet normal -0 0 1
    outer loop
      vertex 24.0506 14.6236 12
      vertex 24.1072 3.05662 12
      vertex 24.1072 14.7434 12
    endloop
  endfacet
  facet normal 0 0 1
    outer loop
      vertex 24.0506 14.6236 12
      vertex 24.0506 3.17638 12
      vertex 24.1072 3.05662 12
    endloop
  endfacet
  facet normal -0 0 1
    outer loop
      vertex 23.9825 14.51 12
      vertex 24.0506 3.17638 12
      vertex 24.0506 14.6236 12
    endloop
  endfacet
  facet normal 0 0 1
    outer loop
      vertex 23.9825 14.51 12
      vertex 23.9825 3.29002 12
      vertex 24.0506 3.17638 12
    endloop
  endfacet
  facet normal -0 0 1
    outer loop
      vertex 23.9036 14.4036 12
      vertex 23.9825 3.29002 12
      vertex 23.9825 14.51 12
    endloop
  endfacet
  facet normal 0 0 1
    outer loop
      vertex 23.9036 14.4036 12
      vertex 23.9036 3.39643 12
      vertex 23.9825 3.29002 12
    endloop
  endfacet
  facet normal -0 0 1
    outer loop
      vertex 23.8146 14.3054 12
      vertex 23.9036 3.39643 12
      vertex 23.9036 14.4036 12
    endloop
  endfacet
  facet normal 0 0 1
    outer loop
      vertex 23.8146 14.3054 12
      vertex 23.8146 3.49459 12
      vertex 23.9036 3.39643 12
    endloop
  endfacet
  facet normal -0 0 1
    outer loop
      vertex 23.7164 14.2164 12
      vertex 23.8146 3.49459 12
      vertex 23.8146 14.3054 12
    endloop
  endfacet
  facet normal 0 0 1
    outer loop
      vertex 23.7164 14.2164 12
      vertex 23.7164 3.58356 12
      vertex 23.8146 3.49459 12
    endloop
  endfacet
  facet normal -0 0 1
    outer loop
      vertex 23.61 14.1375 12
      vertex 23.7164 3.58356 12
      vertex 23.7164 14.2164 12
    endloop
  endfacet
  facet normal 0 0 1
    outer loop
      vertex 23.61 14.1375 12
      vertex 23.61 3.66248 12
      vertex 23.7164 3.58356 12
    endloop
  endfacet
  facet normal -0 0 1
    outer loop
      vertex 23.4964 14.0694 12
      vertex 23.61 3.66248 12
      vertex 23.61 14.1375 12
    endloop
  endfacet
  facet normal 0 0 1
    outer loop
      vertex 23.4964 14.0694 12
      vertex 23.4964 3.73059 12
      vertex 23.61 3.66248 12
    endloop
  endfacet
  facet normal -0 0 1
    outer loop
      vertex 23.3766 14.0128 12
      vertex 23.4964 3.73059 12
      vertex 23.4964 14.0694 12
    endloop
  endfacet
  facet normal 0 0 1
    outer loop
      vertex 23.3766 14.0128 12
      vertex 23.3766 3.78724 12
      vertex 23.4964 3.73059 12
    endloop
  endfacet
  facet normal -0 0 1
    outer loop
      vertex 23.2519 13.9681 12
      vertex 23.3766 3.78724 12
      vertex 23.3766 14.0128 12
    endloop
  endfacet
  facet normal 0 0 1
    outer loop
      vertex 23.2519 13.9681 12
      vertex 23.2519 3.83187 12
      vertex 23.3766 3.78724 12
    endloop
  endfacet
  facet normal -0 0 1
    outer loop
      vertex 23.1234 13.9359 12
      vertex 23.2519 3.83187 12
      vertex 23.2519 13.9681 12
    endloop
  endfacet
  facet normal 0 0 1
    outer loop
      vertex 23.1234 13.9359 12
      vertex 23.1234 3.86406 12
      vertex 23.2519 3.83187 12
    endloop
  endfacet
  facet normal -0 0 1
    outer loop
      vertex 22.9923 13.9165 12
      vertex 23.1234 3.86406 12
      vertex 23.1234 13.9359 12
    endloop
  endfacet
  facet normal 0 0 1
    outer loop
      vertex 22.9923 13.9165 12
      vertex 22.9923 3.8835 12
      vertex 23.1234 3.86406 12
    endloop
  endfacet
  facet normal -0 0 1
    outer loop
      vertex 22.86 13.91 12
      vertex 22.9923 3.8835 12
      vertex 22.9923 13.9165 12
    endloop
  endfacet
  facet normal 0 0 1
    outer loop
      vertex 22.86 13.91 12
      vertex 22.86 3.89 12
      vertex 22.9923 3.8835 12
    endloop
  endfacet
  facet normal 0 0 1
    outer loop
      vertex 22.7277 13.9165 12
      vertex 22.86 3.89 12
      vertex 22.86 13.91 12
    endloop
  endfacet
  facet normal 0 0 1
    outer loop
      vertex 22.7277 13.9165 12
      vertex 22.7277 3.8835 12
      vertex 22.86 3.89 12
    endloop
  endfacet
  facet normal 0 0 1
    outer loop
      vertex 22.5966 13.9359 12
      vertex 22.7277 3.8835 12
      vertex 22.7277 13.9165 12
    endloop
  endfacet
  facet normal 0 0 1
    outer loop
      vertex 22.5966 13.9359 12
      vertex 22.5966 3.86406 12
      vertex 22.7277 3.8835 12
    endloop
  endfacet
  facet normal 0 0 1
    outer loop
      vertex 22.4681 13.9681 12
      vertex 22.5966 3.86406 12
      vertex 22.5966 13.9359 12
    endloop
  endfacet
  facet normal 0 0 1
    outer loop
      vertex 22.4681 13.9681 12
      vertex 22.4681 3.83187 12
      vertex 22.5966 3.86406 12
    endloop
  endfacet
  facet normal 0 0 1
    outer loop
      vertex 22.3434 14.0128 12
      vertex 22.4681 3.83187 12
      vertex 22.4681 13.9681 12
    endloop
  endfacet
  facet normal 0 0 1
    outer loop
      vertex 22.3434 14.0128 12
      vertex 22.3434 3.78724 12
      vertex 22.4681 3.83187 12
    endloop
  endfacet
  facet normal 0 0 1
    outer loop
      vertex 14.2967 8.9 12
      vertex 22.3434 14.0128 12
      vertex 22.2236 14.0694 12
    endloop
  endfacet
  facet normal 0 0 1
    outer loop
      vertex 22.3434 14.0128 12
      vertex 14.2967 8.9 12
      vertex 22.3434 3.78724 12
    endloop
  endfacet
  facet normal 0 0 1
    outer loop
      vertex 14.289 9.0565 12
      vertex 22.2236 14.0694 12
      vertex 22.11 14.1375 12
    endloop
  endfacet
  facet normal 0 0 1
    outer loop
      vertex 22.3434 3.78724 12
      vertex 14.2967 8.9 12
      vertex 22.2236 3.73059 12
    endloop
  endfacet
  facet normal 0 0 1
    outer loop
      vertex 14.266 9.2115 12
      vertex 22.11 14.1375 12
      vertex 22.0036 14.2164 12
    endloop
  endfacet
  facet normal -0 0 1
    outer loop
      vertex 14.2967 8.8998 12
      vertex 22.2236 3.73059 12
      vertex 14.2967 8.9 12
    endloop
  endfacet
  facet normal 0 0 1
    outer loop
      vertex 14.2279 9.36349 12
      vertex 22.0036 14.2164 12
      vertex 21.9054 14.3054 12
    endloop
  endfacet
  facet normal -0 0 1
    outer loop
      vertex 14.289 8.7435 12
      vertex 22.2236 3.73059 12
      vertex 14.2967 8.8998 12
    endloop
  endfacet
  facet normal 0 0 1
    outer loop
      vertex 14.1751 9.51102 12
      vertex 21.9054 14.3054 12
      vertex 21.8164 14.4036 12
    endloop
  endfacet
  facet normal 0 0 1
    outer loop
      vertex 22.2236 3.73059 12
      vertex 14.289 8.7435 12
      vertex 22.11 3.66248 12
    endloop
  endfacet
  facet normal 0 0 1
    outer loop
      vertex 14.1081 9.65267 12
      vertex 21.8164 14.4036 12
      vertex 21.7375 14.51 12
    endloop
  endfacet
  facet normal -0 0 1
    outer loop
      vertex 14.266 8.5887 12
      vertex 22.11 3.66248 12
      vertex 14.289 8.7435 12
    endloop
  endfacet
  facet normal 0 0 1
    outer loop
      vertex 14.0276 9.78707 12
      vertex 21.7375 14.51 12
      vertex 21.6694 14.6236 12
    endloop
  endfacet
  facet normal -0 0 1
    outer loop
      vertex 14.266 8.5885 12
      vertex 22.11 3.66248 12
      vertex 14.266 8.5887 12
    endloop
  endfacet
  facet normal 0 0 1
    outer loop
      vertex 13.9342 9.91292 12
      vertex 21.6694 14.6236 12
      vertex 21.6128 14.7434 12
    endloop
  endfacet
  facet normal 0 0 1
    outer loop
      vertex 22.11 3.66248 12
      vertex 14.266 8.5885 12
      vertex 22.0036 3.58356 12
    endloop
  endfacet
  facet normal 0 0 1
    outer loop
      vertex 13.829 10.029 12
      vertex 21.6128 14.7434 12
      vertex 21.5681 14.8681 12
    endloop
  endfacet
  facet normal -0 0 1
    outer loop
      vertex 14.266 8.58831 12
      vertex 22.0036 3.58356 12
      vertex 14.266 8.5885 12
    endloop
  endfacet
  facet normal 0 0 1
    outer loop
      vertex 13.7129 10.1342 12
      vertex 21.5681 14.8681 12
      vertex 21.5359 14.9966 12
    endloop
  endfacet
  facet normal -0 0 1
    outer loop
      vertex 14.2279 8.43651 12
      vertex 22.0036 3.58356 12
      vertex 14.266 8.58831 12
    endloop
  endfacet
  facet normal 0 0 1
    outer loop
      vertex 13.5871 10.2276 12
      vertex 21.5359 14.9966 12
      vertex 21.5165 15.1277 12
    endloop
  endfacet
  facet normal 0 0 1
    outer loop
      vertex 22.0036 3.58356 12
      vertex 14.2279 8.43651 12
      vertex 21.9054 3.49459 12
    endloop
  endfacet
  facet normal 0 0 1
    outer loop
      vertex 13.4527 10.3081 12
      vertex 21.5165 15.1277 12
      vertex 21.51 15.26 12
    endloop
  endfacet
  facet normal -0 0 1
    outer loop
      vertex 14.1752 8.28916 12
      vertex 21.9054 3.49459 12
      vertex 14.2279 8.43651 12
    endloop
  endfacet
  facet normal 0 0 1
    outer loop
      vertex 24.2035 15.1277 12
      vertex 27.4 19.8 12
      vertex 24.21 15.26 12
    endloop
  endfacet
  facet normal 0 0 1
    outer loop
      vertex 27.4 19.8 12
      vertex 24.2035 15.3923 12
      vertex 24.21 15.26 12
    endloop
  endfacet
  facet normal 0 0 1
    outer loop
      vertex 27.4 19.8 12
      vertex 24.1841 15.5234 12
      vertex 24.2035 15.3923 12
    endloop
  endfacet
  facet normal 0 0 1
    outer loop
      vertex 27.4 19.8 12
      vertex 24.1519 15.6519 12
      vertex 24.1841 15.5234 12
    endloop
  endfacet
  facet normal 0 0 1
    outer loop
      vertex 27.4 19.8 12
      vertex 24.1072 15.7766 12
      vertex 24.1519 15.6519 12
    endloop
  endfacet
  facet normal 0 0 1
    outer loop
      vertex 27.4 19.8 12
      vertex 24.0506 15.8964 12
      vertex 24.1072 15.7766 12
    endloop
  endfacet
  facet normal 0 0 1
    outer loop
      vertex 27.4 19.8 12
      vertex 23.9825 16.01 12
      vertex 24.0506 15.8964 12
    endloop
  endfacet
  facet normal 0 0 1
    outer loop
      vertex 27.4 19.8 12
      vertex 23.9036 16.1164 12
      vertex 23.9825 16.01 12
    endloop
  endfacet
  facet normal 0 0 1
    outer loop
      vertex 27.4 19.8 12
      vertex 23.8146 16.2146 12
      vertex 23.9036 16.1164 12
    endloop
  endfacet
  facet normal 0 0 1
    outer loop
      vertex 27.4 19.8 12
      vertex 23.7164 16.3036 12
      vertex 23.8146 16.2146 12
    endloop
  endfacet
  facet normal 0 0 1
    outer loop
      vertex 27.4 19.8 12
      vertex 23.61 16.3825 12
      vertex 23.7164 16.3036 12
    endloop
  endfacet
  facet normal 0 0 1
    outer loop
      vertex 27.4 19.8 12
      vertex 23.4964 16.4506 12
      vertex 23.61 16.3825 12
    endloop
  endfacet
  facet normal 0 0 1
    outer loop
      vertex 27.4 19.8 12
      vertex 23.3766 16.5072 12
      vertex 23.4964 16.4506 12
    endloop
  endfacet
  facet normal 0 0 1
    outer loop
      vertex 27.4 19.8 12
      vertex 23.2519 16.5519 12
      vertex 23.3766 16.5072 12
    endloop
  endfacet
  facet normal 0 0 1
    outer loop
      vertex 27.4 19.8 12
      vertex 23.1234 16.5841 12
      vertex 23.2519 16.5519 12
    endloop
  endfacet
  facet normal 0 0 1
    outer loop
      vertex 27.4 19.8 12
      vertex 22.9923 16.6035 12
      vertex 23.1234 16.5841 12
    endloop
  endfacet
  facet normal 0 0 1
    outer loop
      vertex 27.4 19.8 12
      vertex 22.86 16.61 12
      vertex 22.9923 16.6035 12
    endloop
  endfacet
  facet normal 0 0 1
    outer loop
      vertex 27.4 19.8 12
      vertex 22.7277 16.6035 12
      vertex 22.86 16.61 12
    endloop
  endfacet
  facet normal 0 0 1
    outer loop
      vertex 27.4 19.8 12
      vertex 22.5966 16.5841 12
      vertex 22.7277 16.6035 12
    endloop
  endfacet
  facet normal 0 0 1
    outer loop
      vertex 27.4 19.8 12
      vertex 22.4681 16.5519 12
      vertex 22.5966 16.5841 12
    endloop
  endfacet
  facet normal 0 0 1
    outer loop
      vertex 27.4 19.8 12
      vertex 22.3434 16.5072 12
      vertex 22.4681 16.5519 12
    endloop
  endfacet
  facet normal 0 0 1
    outer loop
      vertex 27.4 19.8 12
      vertex 22.2236 16.4506 12
      vertex 22.3434 16.5072 12
    endloop
  endfacet
  facet normal 0 0 1
    outer loop
      vertex 3.17638 16.4506 12
      vertex 22.2236 16.4506 12
      vertex 27.4 19.8 12
    endloop
  endfacet
  facet normal -0 0 1
    outer loop
      vertex 14.1751 8.28898 12
      vertex 21.9054 3.49459 12
      vertex 14.1752 8.28916 12
    endloop
  endfacet
  facet normal 0 0 1
    outer loop
      vertex 13.3112 10.3751 12
      vertex 21.51 15.26 12
      vertex 21.5165 15.3923 12
    endloop
  endfacet
  facet normal 0 0 1
    outer loop
      vertex 13.1635 10.4279 12
      vertex 21.5165 15.3923 12
      vertex 21.5359 15.5234 12
    endloop
  endfacet
  facet normal 0 0 1
    outer loop
      vertex 13.0117 10.466 12
      vertex 21.5359 15.5234 12
      vertex 21.5681 15.6519 12
    endloop
  endfacet
  facet normal 0 0 1
    outer loop
      vertex 13.0115 10.466 12
      vertex 21.5681 15.6519 12
      vertex 21.6128 15.7766 12
    endloop
  endfacet
  facet normal 0 0 1
    outer loop
      vertex 12.8563 10.489 12
      vertex 21.6128 15.7766 12
      vertex 21.6694 15.8964 12
    endloop
  endfacet
  facet normal 0 0 1
    outer loop
      vertex 3.73059 15.8964 12
      vertex 21.6694 15.8964 12
      vertex 21.7375 16.01 12
    endloop
  endfacet
  facet normal 0 0 1
    outer loop
      vertex 3.66248 16.01 12
      vertex 21.7375 16.01 12
      vertex 21.8164 16.1164 12
    endloop
  endfacet
  facet normal 0 0 1
    outer loop
      vertex 3.58356 16.1164 12
      vertex 21.8164 16.1164 12
      vertex 21.9054 16.2146 12
    endloop
  endfacet
  facet normal 0 0 1
    outer loop
      vertex 22.2236 14.0694 12
      vertex 14.2967 8.9002 12
      vertex 14.2967 8.9 12
    endloop
  endfacet
  facet normal 0 0 1
    outer loop
      vertex 22.2236 14.0694 12
      vertex 14.289 9.0565 12
      vertex 14.2967 8.9002 12
    endloop
  endfacet
  facet normal 0 0 1
    outer loop
      vertex 22.11 14.1375 12
      vertex 14.266 9.2113 12
      vertex 14.289 9.0565 12
    endloop
  endfacet
  facet normal 0 0 1
    outer loop
      vertex 22.11 14.1375 12
      vertex 14.266 9.2115 12
      vertex 14.266 9.2113 12
    endloop
  endfacet
  facet normal 0 0 1
    outer loop
      vertex 22.0036 14.2164 12
      vertex 14.266 9.21169 12
      vertex 14.266 9.2115 12
    endloop
  endfacet
  facet normal 0 0 1
    outer loop
      vertex 22.0036 14.2164 12
      vertex 14.2279 9.36349 12
      vertex 14.266 9.21169 12
    endloop
  endfacet
  facet normal 0 0 1
    outer loop
      vertex 3.49459 16.2146 12
      vertex 21.9054 16.2146 12
      vertex 22.0036 16.3036 12
    endloop
  endfacet
  facet normal 0 0 1
    outer loop
      vertex 21.9054 14.3054 12
      vertex 14.1752 9.51084 12
      vertex 14.2279 9.36349 12
    endloop
  endfacet
  facet normal 0 0 1
    outer loop
      vertex 21.9054 14.3054 12
      vertex 14.1751 9.51102 12
      vertex 14.1752 9.51084 12
    endloop
  endfacet
  facet normal 0 0 1
    outer loop
      vertex 21.8164 14.4036 12
      vertex 14.1751 9.5112 12
      vertex 14.1751 9.51102 12
    endloop
  endfacet
  facet normal 0 0 1
    outer loop
      vertex 21.8164 14.4036 12
      vertex 14.1081 9.65267 12
      vertex 14.1751 9.5112 12
    endloop
  endfacet
  facet normal 0 0 1
    outer loop
      vertex 21.7375 14.51 12
      vertex 14.0277 9.7869 12
      vertex 14.1081 9.65267 12
    endloop
  endfacet
  facet normal 0 0 1
    outer loop
      vertex 21.7375 14.51 12
      vertex 14.0276 9.78707 12
      vertex 14.0277 9.7869 12
    endloop
  endfacet
  facet normal 0 0 1
    outer loop
      vertex 21.6694 14.6236 12
      vertex 14.0275 9.78722 12
      vertex 14.0276 9.78707 12
    endloop
  endfacet
  facet normal 0 0 1
    outer loop
      vertex 21.6694 14.6236 12
      vertex 13.9342 9.91292 12
      vertex 14.0275 9.78722 12
    endloop
  endfacet
  facet normal 0 0 1
    outer loop
      vertex 21.6128 14.7434 12
      vertex 13.8292 10.0289 12
      vertex 13.9342 9.91292 12
    endloop
  endfacet
  facet normal 0 0 1
    outer loop
      vertex 21.6128 14.7434 12
      vertex 13.829 10.029 12
      vertex 13.8292 10.0289 12
    endloop
  endfacet
  facet normal 0 0 1
    outer loop
      vertex 21.5681 14.8681 12
      vertex 13.7131 10.1341 12
      vertex 13.829 10.029 12
    endloop
  endfacet
  facet normal 0 0 1
    outer loop
      vertex 21.5681 14.8681 12
      vertex 13.7129 10.1342 12
      vertex 13.7131 10.1341 12
    endloop
  endfacet
  facet normal 0 0 1
    outer loop
      vertex 21.5359 14.9966 12
      vertex 13.5872 10.2275 12
      vertex 13.7129 10.1342 12
    endloop
  endfacet
  facet normal 0 0 1
    outer loop
      vertex 3.39643 16.3036 12
      vertex 22.0036 16.3036 12
      vertex 22.11 16.3825 12
    endloop
  endfacet
  facet normal 0 0 1
    outer loop
      vertex 21.5359 14.9966 12
      vertex 13.5871 10.2276 12
      vertex 13.5872 10.2275 12
    endloop
  endfacet
  facet normal 0 0 1
    outer loop
      vertex 21.5165 15.1277 12
      vertex 13.5869 10.2277 12
      vertex 13.5871 10.2276 12
    endloop
  endfacet
  facet normal 0 0 1
    outer loop
      vertex 21.5165 15.1277 12
      vertex 13.4527 10.3081 12
      vertex 13.5869 10.2277 12
    endloop
  endfacet
  facet normal 0 0 1
    outer loop
      vertex 21.51 15.26 12
      vertex 13.3112 10.3751 12
      vertex 13.4527 10.3081 12
    endloop
  endfacet
  facet normal 0 0 1
    outer loop
      vertex 21.5165 15.3923 12
      vertex 13.311 10.3751 12
      vertex 13.3112 10.3751 12
    endloop
  endfacet
  facet normal 0 0 1
    outer loop
      vertex 21.5165 15.3923 12
      vertex 13.3108 10.3752 12
      vertex 13.311 10.3751 12
    endloop
  endfacet
  facet normal 0 0 1
    outer loop
      vertex 21.5165 15.3923 12
      vertex 13.1635 10.4279 12
      vertex 13.3108 10.3752 12
    endloop
  endfacet
  facet normal 0 0 1
    outer loop
      vertex 21.5359 15.5234 12
      vertex 13.0117 10.466 12
      vertex 13.1635 10.4279 12
    endloop
  endfacet
  facet normal 0 0 1
    outer loop
      vertex 21.5681 15.6519 12
      vertex 13.0115 10.466 12
      vertex 13.0117 10.466 12
    endloop
  endfacet
  facet normal 0 0 1
    outer loop
      vertex 21.6128 15.7766 12
      vertex 12.8567 10.489 12
      vertex 13.0115 10.466 12
    endloop
  endfacet
  facet normal 0 0 1
    outer loop
      vertex 22.2236 16.4506 12
      vertex 3.17638 16.4506 12
      vertex 22.11 16.3825 12
    endloop
  endfacet
  facet normal 0 0 1
    outer loop
      vertex 21.6128 15.7766 12
      vertex 12.8565 10.489 12
      vertex 12.8567 10.489 12
    endloop
  endfacet
  facet normal 0 0 1
    outer loop
      vertex 21.7375 16.01 12
      vertex 3.66248 16.01 12
      vertex 3.73059 15.8964 12
    endloop
  endfacet
  facet normal 0 0 1
    outer loop
      vertex 21.6128 15.7766 12
      vertex 12.8563 10.489 12
      vertex 12.8565 10.489 12
    endloop
  endfacet
  facet normal 0 0 1
    outer loop
      vertex 21.6694 15.8964 12
      vertex 12.7 10.4967 12
      vertex 12.8563 10.489 12
    endloop
  endfacet
  facet normal 0 0 1
    outer loop
      vertex 21.6694 15.8964 12
      vertex 3.73059 15.8964 12
      vertex 12.7 10.4967 12
    endloop
  endfacet
  facet normal 0 0 1
    outer loop
      vertex 12.7 10.4967 12
      vertex 3.73059 15.8964 12
      vertex 12.5437 10.489 12
    endloop
  endfacet
  facet normal -0 -0 1
    outer loop
      vertex 3.78724 15.7766 12
      vertex 12.5437 10.489 12
      vertex 3.73059 15.8964 12
    endloop
  endfacet
  facet normal 0 0 1
    outer loop
      vertex 12.5437 10.489 12
      vertex 3.78724 15.7766 12
      vertex 12.5435 10.489 12
    endloop
  endfacet
  facet normal 0 0 1
    outer loop
      vertex 12.5435 10.489 12
      vertex 3.78724 15.7766 12
      vertex 12.5433 10.489 12
    endloop
  endfacet
  facet normal 0 0 1
    outer loop
      vertex 12.5433 10.489 12
      vertex 3.78724 15.7766 12
      vertex 12.3885 10.466 12
    endloop
  endfacet
  facet normal -0 -0 1
    outer loop
      vertex 3.83187 15.6519 12
      vertex 12.3885 10.466 12
      vertex 3.78724 15.7766 12
    endloop
  endfacet
  facet normal 0 0 1
    outer loop
      vertex 12.3885 10.466 12
      vertex 3.83187 15.6519 12
      vertex 12.3883 10.466 12
    endloop
  endfacet
  facet normal -0 -0 1
    outer loop
      vertex 3.86406 15.5234 12
      vertex 12.3883 10.466 12
      vertex 3.83187 15.6519 12
    endloop
  endfacet
  facet normal 0 0 1
    outer loop
      vertex 12.3883 10.466 12
      vertex 3.86406 15.5234 12
      vertex 12.2365 10.4279 12
    endloop
  endfacet
  facet normal -0 -0 1
    outer loop
      vertex 3.8835 15.3923 12
      vertex 12.2365 10.4279 12
      vertex 3.86406 15.5234 12
    endloop
  endfacet
  facet normal 0 0 1
    outer loop
      vertex 11.9472 10.308 12
      vertex 3.8835 15.1277 12
      vertex 11.8129 10.2276 12
    endloop
  endfacet
  facet normal 0 0 1
    outer loop
      vertex 11.5711 10.0292 12
      vertex 3.83187 14.8681 12
      vertex 11.571 10.029 12
    endloop
  endfacet
  facet normal 0 0 1
    outer loop
      vertex 11.571 10.029 12
      vertex 3.78724 14.7434 12
      vertex 11.5708 10.0289 12
    endloop
  endfacet
  facet normal 0 0 1
    outer loop
      vertex 11.3724 9.78707 12
      vertex 3.66248 14.51 12
      vertex 11.292 9.65284 12
    endloop
  endfacet
  facet normal -0 0 1
    outer loop
      vertex 3.58356 14.4036 12
      vertex 11.2919 9.65267 12
      vertex 3.66248 14.51 12
    endloop
  endfacet
  facet normal 0 0 1
    outer loop
      vertex 11.2918 9.65249 12
      vertex 3.58356 14.4036 12
      vertex 11.2249 9.51102 12
    endloop
  endfacet
  facet normal -0 0 1
    outer loop
      vertex 3.49459 14.3054 12
      vertex 11.2249 9.51102 12
      vertex 3.58356 14.4036 12
    endloop
  endfacet
  facet normal 0 0 1
    outer loop
      vertex 11.2919 9.65267 12
      vertex 3.58356 14.4036 12
      vertex 11.2918 9.65249 12
    endloop
  endfacet
  facet normal 0 0 1
    outer loop
      vertex 11.292 9.65284 12
      vertex 3.66248 14.51 12
      vertex 11.2919 9.65267 12
    endloop
  endfacet
  facet normal -0 0 1
    outer loop
      vertex 3.66248 14.51 12
      vertex 11.3724 9.78707 12
      vertex 3.73059 14.6236 12
    endloop
  endfacet
  facet normal 0 0 1
    outer loop
      vertex 11.4656 9.91276 12
      vertex 3.73059 14.6236 12
      vertex 11.3724 9.78707 12
    endloop
  endfacet
  facet normal 0 0 1
    outer loop
      vertex 11.4658 9.91292 12
      vertex 3.73059 14.6236 12
      vertex 11.4656 9.91276 12
    endloop
  endfacet
  facet normal -0 0 1
    outer loop
      vertex 3.73059 14.6236 12
      vertex 11.4658 9.91292 12
      vertex 3.78724 14.7434 12
    endloop
  endfacet
  facet normal 0 0 1
    outer loop
      vertex 11.5708 10.0289 12
      vertex 3.78724 14.7434 12
      vertex 11.4658 9.91292 12
    endloop
  endfacet
  facet normal -0 0 1
    outer loop
      vertex 3.78724 14.7434 12
      vertex 11.571 10.029 12
      vertex 3.83187 14.8681 12
    endloop
  endfacet
  facet normal 0 0 1
    outer loop
      vertex 11.6871 10.1342 12
      vertex 3.83187 14.8681 12
      vertex 11.5711 10.0292 12
    endloop
  endfacet
  facet normal -0 0 1
    outer loop
      vertex 3.83187 14.8681 12
      vertex 11.6871 10.1342 12
      vertex 3.86406 14.9966 12
    endloop
  endfacet
  facet normal 0 0 1
    outer loop
      vertex 11.6872 10.1344 12
      vertex 3.86406 14.9966 12
      vertex 11.6871 10.1342 12
    endloop
  endfacet
  facet normal 0 0 1
    outer loop
      vertex 11.8129 10.2276 12
      vertex 3.86406 14.9966 12
      vertex 11.6872 10.1344 12
    endloop
  endfacet
  facet normal -0 0 1
    outer loop
      vertex 3.86406 14.9966 12
      vertex 11.8129 10.2276 12
      vertex 3.8835 15.1277 12
    endloop
  endfacet
  facet normal 0 0 1
    outer loop
      vertex 12.2365 10.4279 12
      vertex 3.8835 15.3923 12
      vertex 12.0892 10.3752 12
    endloop
  endfacet
  facet normal 0 0 1
    outer loop
      vertex 11.9473 10.3081 12
      vertex 3.8835 15.1277 12
      vertex 11.9472 10.308 12
    endloop
  endfacet
  facet normal -0 0 1
    outer loop
      vertex 3.8835 15.1277 12
      vertex 11.9473 10.3081 12
      vertex 3.89 15.26 12
    endloop
  endfacet
  facet normal 0 0 1
    outer loop
      vertex 11.9475 10.3082 12
      vertex 3.89 15.26 12
      vertex 11.9473 10.3081 12
    endloop
  endfacet
  facet normal 0 0 1
    outer loop
      vertex 12.089 10.3751 12
      vertex 3.89 15.26 12
      vertex 11.9475 10.3082 12
    endloop
  endfacet
  facet normal -0 -0 1
    outer loop
      vertex 3.89 15.26 12
      vertex 12.089 10.3751 12
      vertex 3.8835 15.3923 12
    endloop
  endfacet
  facet normal 0 0 1
    outer loop
      vertex 12.0892 10.3752 12
      vertex 3.8835 15.3923 12
      vertex 12.089 10.3751 12
    endloop
  endfacet
  facet normal 0 0 1
    outer loop
      vertex 21.8164 16.1164 12
      vertex 3.58356 16.1164 12
      vertex 3.66248 16.01 12
    endloop
  endfacet
  facet normal 0 0 1
    outer loop
      vertex 21.9054 16.2146 12
      vertex 3.49459 16.2146 12
      vertex 3.58356 16.1164 12
    endloop
  endfacet
  facet normal 0 0 1
    outer loop
      vertex 22.0036 16.3036 12
      vertex 3.39643 16.3036 12
      vertex 3.49459 16.2146 12
    endloop
  endfacet
  facet normal 0 0 1
    outer loop
      vertex 22.11 16.3825 12
      vertex 3.29002 16.3825 12
      vertex 3.39643 16.3036 12
    endloop
  endfacet
  facet normal 0 0 1
    outer loop
      vertex 22.11 16.3825 12
      vertex 3.17638 16.4506 12
      vertex 3.29002 16.3825 12
    endloop
  endfacet
  facet normal 0 0 1
    outer loop
      vertex 27.4 19.8 12
      vertex 3.05662 16.5072 12
      vertex 3.17638 16.4506 12
    endloop
  endfacet
  facet normal -0 0 1
    outer loop
      vertex -2 19.8 12
      vertex 3.05662 16.5072 12
      vertex 27.4 19.8 12
    endloop
  endfacet
  facet normal 0 0 1
    outer loop
      vertex 3.05662 16.5072 12
      vertex -2 19.8 12
      vertex 2.93188 16.5519 12
    endloop
  endfacet
  facet normal 0 0 1
    outer loop
      vertex 2.93188 16.5519 12
      vertex -2 19.8 12
      vertex 2.80337 16.5841 12
    endloop
  endfacet
  facet normal 0 0 1
    outer loop
      vertex 2.80337 16.5841 12
      vertex -2 19.8 12
      vertex 2.67232 16.6035 12
    endloop
  endfacet
  facet normal 0 0 1
    outer loop
      vertex 2.67232 16.6035 12
      vertex -2 19.8 12
      vertex 2.54 16.61 12
    endloop
  endfacet
  facet normal 0 0 1
    outer loop
      vertex 1.21594 2.80337 12
      vertex -2 -2 12
      vertex 1.1965 2.67232 12
    endloop
  endfacet
  facet normal 0 0 1
    outer loop
      vertex 1.1965 15.3923 12
      vertex -2 19.8 12
      vertex 1.19 15.26 12
    endloop
  endfacet
  facet normal 0 0 1
    outer loop
      vertex 1.21594 15.5234 12
      vertex -2 19.8 12
      vertex 1.1965 15.3923 12
    endloop
  endfacet
  facet normal 0 0 1
    outer loop
      vertex 1.24813 15.6519 12
      vertex -2 19.8 12
      vertex 1.21594 15.5234 12
    endloop
  endfacet
  facet normal 0 0 1
    outer loop
      vertex 1.29276 15.7766 12
      vertex -2 19.8 12
      vertex 1.24813 15.6519 12
    endloop
  endfacet
  facet normal 0 0 1
    outer loop
      vertex 1.34941 15.8964 12
      vertex -2 19.8 12
      vertex 1.29276 15.7766 12
    endloop
  endfacet
  facet normal 0 0 1
    outer loop
      vertex 1.41752 16.01 12
      vertex -2 19.8 12
      vertex 1.34941 15.8964 12
    endloop
  endfacet
  facet normal 0 0 1
    outer loop
      vertex 1.49644 16.1164 12
      vertex -2 19.8 12
      vertex 1.41752 16.01 12
    endloop
  endfacet
  facet normal 0 0 1
    outer loop
      vertex 1.58541 16.2146 12
      vertex -2 19.8 12
      vertex 1.49644 16.1164 12
    endloop
  endfacet
  facet normal 0 0 1
    outer loop
      vertex 1.68357 16.3036 12
      vertex -2 19.8 12
      vertex 1.58541 16.2146 12
    endloop
  endfacet
  facet normal 0 0 1
    outer loop
      vertex 1.78998 16.3825 12
      vertex -2 19.8 12
      vertex 1.68357 16.3036 12
    endloop
  endfacet
  facet normal 0 0 1
    outer loop
      vertex 1.90361 16.4506 12
      vertex -2 19.8 12
      vertex 1.78998 16.3825 12
    endloop
  endfacet
  facet normal 0 0 1
    outer loop
      vertex 2.02338 16.5072 12
      vertex -2 19.8 12
      vertex 1.90361 16.4506 12
    endloop
  endfacet
  facet normal 0 0 1
    outer loop
      vertex 2.14812 16.5519 12
      vertex -2 19.8 12
      vertex 2.02338 16.5072 12
    endloop
  endfacet
  facet normal 0 0 1
    outer loop
      vertex 2.27663 16.5841 12
      vertex -2 19.8 12
      vertex 2.14812 16.5519 12
    endloop
  endfacet
  facet normal 0 0 1
    outer loop
      vertex 2.40768 16.6035 12
      vertex -2 19.8 12
      vertex 2.27663 16.5841 12
    endloop
  endfacet
  facet normal 0 0 1
    outer loop
      vertex 2.54 16.61 12
      vertex -2 19.8 12
      vertex 2.40768 16.6035 12
    endloop
  endfacet
  facet normal 0 0 1
    outer loop
      vertex 24.1841 14.9966 12
      vertex 27.4 19.8 12
      vertex 24.2035 15.1277 12
    endloop
  endfacet
  facet normal -0 0 1
    outer loop
      vertex 24.2035 2.40768 12
      vertex 27.4 -2 12
      vertex 24.21 2.54 12
    endloop
  endfacet
  facet normal -0 0 1
    outer loop
      vertex 24.1841 2.27663 12
      vertex 27.4 -2 12
      vertex 24.2035 2.40768 12
    endloop
  endfacet
  facet normal -0 0 1
    outer loop
      vertex 24.1519 2.14812 12
      vertex 27.4 -2 12
      vertex 24.1841 2.27663 12
    endloop
  endfacet
  facet normal -0 0 1
    outer loop
      vertex 24.1072 2.02338 12
      vertex 27.4 -2 12
      vertex 24.1519 2.14812 12
    endloop
  endfacet
  facet normal -0 0 1
    outer loop
      vertex 24.0506 1.90361 12
      vertex 27.4 -2 12
      vertex 24.1072 2.02338 12
    endloop
  endfacet
  facet normal -0 0 1
    outer loop
      vertex 23.9825 1.78998 12
      vertex 27.4 -2 12
      vertex 24.0506 1.90361 12
    endloop
  endfacet
  facet normal -0 0 1
    outer loop
      vertex 23.9036 1.68357 12
      vertex 27.4 -2 12
      vertex 23.9825 1.78998 12
    endloop
  endfacet
  facet normal -0 0 1
    outer loop
      vertex 23.8146 1.58541 12
      vertex 27.4 -2 12
      vertex 23.9036 1.68357 12
    endloop
  endfacet
  facet normal -0 0 1
    outer loop
      vertex 23.7164 1.49644 12
      vertex 27.4 -2 12
      vertex 23.8146 1.58541 12
    endloop
  endfacet
  facet normal -0 0 1
    outer loop
      vertex 23.61 1.41752 12
      vertex 27.4 -2 12
      vertex 23.7164 1.49644 12
    endloop
  endfacet
  facet normal -0 0 1
    outer loop
      vertex 23.4964 1.34941 12
      vertex 27.4 -2 12
      vertex 23.61 1.41752 12
    endloop
  endfacet
  facet normal -0 0 1
    outer loop
      vertex 23.3766 1.29276 12
      vertex 27.4 -2 12
      vertex 23.4964 1.34941 12
    endloop
  endfacet
  facet normal -0 0 1
    outer loop
      vertex 23.2519 1.24813 12
      vertex 27.4 -2 12
      vertex 23.3766 1.29276 12
    endloop
  endfacet
  facet normal -0 0 1
    outer loop
      vertex 23.1234 1.21594 12
      vertex 27.4 -2 12
      vertex 23.2519 1.24813 12
    endloop
  endfacet
  facet normal -0 0 1
    outer loop
      vertex 22.9923 1.1965 12
      vertex 27.4 -2 12
      vertex 23.1234 1.21594 12
    endloop
  endfacet
  facet normal -0 0 1
    outer loop
      vertex 22.86 1.19 12
      vertex 27.4 -2 12
      vertex 22.9923 1.1965 12
    endloop
  endfacet
  facet normal 0 0 1
    outer loop
      vertex 22.7277 1.1965 12
      vertex 27.4 -2 12
      vertex 22.86 1.19 12
    endloop
  endfacet
  facet normal 0 0 1
    outer loop
      vertex 22.5966 1.21594 12
      vertex 27.4 -2 12
      vertex 22.7277 1.1965 12
    endloop
  endfacet
  facet normal 0 0 1
    outer loop
      vertex 22.4681 1.24813 12
      vertex 27.4 -2 12
      vertex 22.5966 1.21594 12
    endloop
  endfacet
  facet normal 0 0 1
    outer loop
      vertex 22.3434 1.29276 12
      vertex 27.4 -2 12
      vertex 22.4681 1.24813 12
    endloop
  endfacet
  facet normal 0 0 1
    outer loop
      vertex 22.2236 1.34941 12
      vertex 27.4 -2 12
      vertex 22.3434 1.29276 12
    endloop
  endfacet
  facet normal 0 0 1
    outer loop
      vertex 3.17638 1.34941 12
      vertex 22.2236 1.34941 12
      vertex 22.11 1.41752 12
    endloop
  endfacet
  facet normal 0 0 1
    outer loop
      vertex 21.9054 3.49459 12
      vertex 14.1751 8.28898 12
      vertex 21.8164 3.39643 12
    endloop
  endfacet
  facet normal -0 0 1
    outer loop
      vertex 14.1751 8.2888 12
      vertex 21.8164 3.39643 12
      vertex 14.1751 8.28898 12
    endloop
  endfacet
  facet normal -0 0 1
    outer loop
      vertex 14.1081 8.14733 12
      vertex 21.8164 3.39643 12
      vertex 14.1751 8.2888 12
    endloop
  endfacet
  facet normal 0 0 1
    outer loop
      vertex 21.8164 3.39643 12
      vertex 14.1081 8.14733 12
      vertex 21.7375 3.29002 12
    endloop
  endfacet
  facet normal -0 0 1
    outer loop
      vertex 14.108 8.14716 12
      vertex 21.7375 3.29002 12
      vertex 14.1081 8.14733 12
    endloop
  endfacet
  facet normal -0 0 1
    outer loop
      vertex 14.0276 8.01293 12
      vertex 21.7375 3.29002 12
      vertex 14.108 8.14716 12
    endloop
  endfacet
  facet normal 0 0 1
    outer loop
      vertex 21.7375 3.29002 12
      vertex 14.0276 8.01293 12
      vertex 21.6694 3.17638 12
    endloop
  endfacet
  facet normal -0 0 1
    outer loop
      vertex 14.0275 8.01278 12
      vertex 21.6694 3.17638 12
      vertex 14.0276 8.01293 12
    endloop
  endfacet
  facet normal -0 0 1
    outer loop
      vertex 13.9342 7.88708 12
      vertex 21.6694 3.17638 12
      vertex 14.0275 8.01278 12
    endloop
  endfacet
  facet normal 0 0 1
    outer loop
      vertex 21.6694 3.17638 12
      vertex 13.9342 7.88708 12
      vertex 21.6128 3.05662 12
    endloop
  endfacet
  facet normal -0 0 1
    outer loop
      vertex 13.8292 7.77112 12
      vertex 21.6128 3.05662 12
      vertex 13.9342 7.88708 12
    endloop
  endfacet
  facet normal -0 0 1
    outer loop
      vertex 13.829 7.77098 12
      vertex 21.6128 3.05662 12
      vertex 13.8292 7.77112 12
    endloop
  endfacet
  facet normal 0 0 1
    outer loop
      vertex 21.6128 3.05662 12
      vertex 13.829 7.77098 12
      vertex 21.5681 2.93188 12
    endloop
  endfacet
  facet normal -0 0 1
    outer loop
      vertex 13.7131 7.66588 12
      vertex 21.5681 2.93188 12
      vertex 13.829 7.77098 12
    endloop
  endfacet
  facet normal -0 0 1
    outer loop
      vertex 13.7129 7.66575 12
      vertex 21.5681 2.93188 12
      vertex 13.7131 7.66588 12
    endloop
  endfacet
  facet normal 0 0 1
    outer loop
      vertex 21.5681 2.93188 12
      vertex 13.7129 7.66575 12
      vertex 21.5359 2.80337 12
    endloop
  endfacet
  facet normal -0 0 1
    outer loop
      vertex 13.7128 7.66563 12
      vertex 21.5359 2.80337 12
      vertex 13.7129 7.66575 12
    endloop
  endfacet
  facet normal -0 0 1
    outer loop
      vertex 13.5871 7.57241 12
      vertex 21.5359 2.80337 12
      vertex 13.7128 7.66563 12
    endloop
  endfacet
  facet normal 0 0 1
    outer loop
      vertex 21.5359 2.80337 12
      vertex 13.5871 7.57241 12
      vertex 21.5165 2.67232 12
    endloop
  endfacet
  facet normal -0 0 1
    outer loop
      vertex 13.5869 7.57231 12
      vertex 21.5165 2.67232 12
      vertex 13.5871 7.57241 12
    endloop
  endfacet
  facet normal -0 0 1
    outer loop
      vertex 13.4527 7.49186 12
      vertex 21.5165 2.67232 12
      vertex 13.5869 7.57231 12
    endloop
  endfacet
  facet normal 0 0 1
    outer loop
      vertex 21.5165 2.67232 12
      vertex 13.4527 7.49186 12
      vertex 21.51 2.54 12
    endloop
  endfacet
  facet normal -0 0 1
    outer loop
      vertex 13.3112 7.42494 12
      vertex 21.51 2.54 12
      vertex 13.4527 7.49186 12
    endloop
  endfacet
  facet normal 0 0 1
    outer loop
      vertex 21.51 2.54 12
      vertex 13.3112 7.42494 12
      vertex 21.5165 2.40768 12
    endloop
  endfacet
  facet normal -0 0 1
    outer loop
      vertex 13.311 7.42486 12
      vertex 21.5165 2.40768 12
      vertex 13.3112 7.42494 12
    endloop
  endfacet
  facet normal -0 0 1
    outer loop
      vertex 13.1637 7.37214 12
      vertex 21.5165 2.40768 12
      vertex 13.311 7.42486 12
    endloop
  endfacet
  facet normal 0 0 1
    outer loop
      vertex 21.5165 2.40768 12
      vertex 13.1637 7.37214 12
      vertex 21.5359 2.27663 12
    endloop
  endfacet
  facet normal -0 0 1
    outer loop
      vertex 13.1635 7.37207 12
      vertex 21.5359 2.27663 12
      vertex 13.1637 7.37214 12
    endloop
  endfacet
  facet normal -0 0 1
    outer loop
      vertex 13.1633 7.37203 12
      vertex 21.5359 2.27663 12
      vertex 13.1635 7.37207 12
    endloop
  endfacet
  facet normal -0 0 1
    outer loop
      vertex 13.0115 7.334 12
      vertex 21.5359 2.27663 12
      vertex 13.1633 7.37203 12
    endloop
  endfacet
  facet normal 0 0 1
    outer loop
      vertex 21.5359 2.27663 12
      vertex 13.0115 7.334 12
      vertex 21.5681 2.14812 12
    endloop
  endfacet
  facet normal 0 0 1
    outer loop
      vertex 21.5681 2.14812 12
      vertex 13.0115 7.334 12
      vertex 21.6128 2.02338 12
    endloop
  endfacet
  facet normal -0 0 1
    outer loop
      vertex 12.8567 7.31104 12
      vertex 21.6128 2.02338 12
      vertex 13.0115 7.334 12
    endloop
  endfacet
  facet normal -0 0 1
    outer loop
      vertex 12.8565 7.31101 12
      vertex 21.6128 2.02338 12
      vertex 12.8567 7.31104 12
    endloop
  endfacet
  facet normal -0 0 1
    outer loop
      vertex 12.8563 7.311 12
      vertex 21.6128 2.02338 12
      vertex 12.8565 7.31101 12
    endloop
  endfacet
  facet normal 0 0 1
    outer loop
      vertex 21.6128 2.02338 12
      vertex 12.8563 7.311 12
      vertex 21.6694 1.90361 12
    endloop
  endfacet
  facet normal -0 0 1
    outer loop
      vertex 12.7 7.30332 12
      vertex 21.6694 1.90361 12
      vertex 12.8563 7.311 12
    endloop
  endfacet
  facet normal 0 0 1
    outer loop
      vertex 3.73059 1.90361 12
      vertex 21.6694 1.90361 12
      vertex 12.7 7.30332 12
    endloop
  endfacet
  facet normal 0 0 1
    outer loop
      vertex 21.6694 1.90361 12
      vertex 3.73059 1.90361 12
      vertex 21.7375 1.78998 12
    endloop
  endfacet
  facet normal 0 0 1
    outer loop
      vertex 3.66248 1.78998 12
      vertex 21.7375 1.78998 12
      vertex 3.73059 1.90361 12
    endloop
  endfacet
  facet normal 0 0 1
    outer loop
      vertex 21.7375 1.78998 12
      vertex 3.66248 1.78998 12
      vertex 21.8164 1.68357 12
    endloop
  endfacet
  facet normal 0 0 1
    outer loop
      vertex 3.58356 1.68357 12
      vertex 21.8164 1.68357 12
      vertex 3.66248 1.78998 12
    endloop
  endfacet
  facet normal 0 0 1
    outer loop
      vertex 21.8164 1.68357 12
      vertex 3.58356 1.68357 12
      vertex 21.9054 1.58541 12
    endloop
  endfacet
  facet normal 0 0 1
    outer loop
      vertex 3.73059 1.90361 12
      vertex 12.7 7.30332 12
      vertex 12.5437 7.311 12
    endloop
  endfacet
  facet normal 0 0 1
    outer loop
      vertex 3.78724 2.02338 12
      vertex 12.5437 7.311 12
      vertex 12.5435 7.31101 12
    endloop
  endfacet
  facet normal 0 0 1
    outer loop
      vertex 3.78724 2.02338 12
      vertex 12.5435 7.31101 12
      vertex 12.5433 7.31104 12
    endloop
  endfacet
  facet normal 0 0 1
    outer loop
      vertex 3.78724 2.02338 12
      vertex 12.5433 7.31104 12
      vertex 12.3885 7.334 12
    endloop
  endfacet
  facet normal 0 0 1
    outer loop
      vertex 3.86406 2.27663 12
      vertex 12.3885 7.334 12
      vertex 12.2367 7.37203 12
    endloop
  endfacet
  facet normal 0 0 1
    outer loop
      vertex 3.86406 2.27663 12
      vertex 12.2367 7.37203 12
      vertex 12.2365 7.37207 12
    endloop
  endfacet
  facet normal 0 0 1
    outer loop
      vertex 3.8835 2.40768 12
      vertex 12.2365 7.37207 12
      vertex 12.0892 7.4248 12
    endloop
  endfacet
  facet normal 0 0 1
    outer loop
      vertex 3.8835 2.40768 12
      vertex 12.0892 7.4248 12
      vertex 12.089 7.42486 12
    endloop
  endfacet
  facet normal 0 0 1
    outer loop
      vertex 3.89 2.54 12
      vertex 12.089 7.42486 12
      vertex 11.9475 7.49177 12
    endloop
  endfacet
  facet normal 0 0 1
    outer loop
      vertex 3.89 2.54 12
      vertex 11.9475 7.49177 12
      vertex 11.9473 7.49186 12
    endloop
  endfacet
  facet normal 0 0 1
    outer loop
      vertex 3.89 2.54 12
      vertex 11.9473 7.49186 12
      vertex 11.9472 7.49196 12
    endloop
  endfacet
  facet normal 0 0 1
    outer loop
      vertex 3.89 2.54 12
      vertex 11.9472 7.49196 12
      vertex 11.8129 7.57241 12
    endloop
  endfacet
  facet normal 0 0 1
    outer loop
      vertex 3.89 2.54 12
      vertex 11.6872 7.66563 12
      vertex 11.6871 7.66575 12
    endloop
  endfacet
  facet normal 0 0 1
    outer loop
      vertex 3.89 2.54 12
      vertex 11.5711 7.77085 12
      vertex 11.571 7.77098 12
    endloop
  endfacet
  facet normal 0 0 1
    outer loop
      vertex 3.89 2.54 12
      vertex 11.4656 7.88724 12
      vertex 11.3724 8.01293 12
    endloop
  endfacet
  facet normal 0 0 1
    outer loop
      vertex 3.89 2.54 12
      vertex 11.292 8.14716 12
      vertex 11.2919 8.14733 12
    endloop
  endfacet
  facet normal 0 0 1
    outer loop
      vertex 3.89 2.54 12
      vertex 11.172 8.4367 12
      vertex 11.134 8.5885 12
    endloop
  endfacet
  facet normal 0 0 1
    outer loop
      vertex 3.89 2.54 12
      vertex 11.111 8.7433 12
      vertex 11.111 8.7435 12
    endloop
  endfacet
  facet normal 0 0 1
    outer loop
      vertex 3.89 2.54 12
      vertex 11.111 8.74369 12
      vertex 11.1033 8.9 12
    endloop
  endfacet
  facet normal 0 0 1
    outer loop
      vertex 11.2249 9.51102 12
      vertex 3.49459 14.3054 12
      vertex 11.1721 9.36368 12
    endloop
  endfacet
  facet normal 0 0 1
    outer loop
      vertex 11.111 8.74369 12
      vertex 3.89 2.54 12
      vertex 11.111 8.7435 12
    endloop
  endfacet
  facet normal 0 0 1
    outer loop
      vertex 11.111 8.7433 12
      vertex 3.89 2.54 12
      vertex 11.134 8.5885 12
    endloop
  endfacet
  facet normal 0 0 1
    outer loop
      vertex 11.172 8.4367 12
      vertex 3.89 2.54 12
      vertex 11.1721 8.43651 12
    endloop
  endfacet
  facet normal 0 0 1
    outer loop
      vertex 11.1721 8.43651 12
      vertex 3.89 2.54 12
      vertex 11.1721 8.43632 12
    endloop
  endfacet
  facet normal 0 0 1
    outer loop
      vertex 11.1721 8.43632 12
      vertex 3.89 2.54 12
      vertex 11.2249 8.28898 12
    endloop
  endfacet
  facet normal 0 0 1
    outer loop
      vertex 11.2249 8.28898 12
      vertex 3.89 2.54 12
      vertex 11.2918 8.14751 12
    endloop
  endfacet
  facet normal 0 0 1
    outer loop
      vertex 11.2918 8.14751 12
      vertex 3.89 2.54 12
      vertex 11.2919 8.14733 12
    endloop
  endfacet
  facet normal 0 0 1
    outer loop
      vertex 11.292 8.14716 12
      vertex 3.89 2.54 12
      vertex 11.3724 8.01293 12
    endloop
  endfacet
  facet normal 0 0 1
    outer loop
      vertex 11.4656 7.88724 12
      vertex 3.89 2.54 12
      vertex 11.4658 7.88708 12
    endloop
  endfacet
  facet normal 0 0 1
    outer loop
      vertex 11.4658 7.88708 12
      vertex 3.89 2.54 12
      vertex 11.5708 7.77112 12
    endloop
  endfacet
  facet normal 0 0 1
    outer loop
      vertex 11.5708 7.77112 12
      vertex 3.89 2.54 12
      vertex 11.571 7.77098 12
    endloop
  endfacet
  facet normal 0 0 1
    outer loop
      vertex 11.5711 7.77085 12
      vertex 3.89 2.54 12
      vertex 11.6871 7.66575 12
    endloop
  endfacet
  facet normal 0 0 1
    outer loop
      vertex 11.6872 7.66563 12
      vertex 3.89 2.54 12
      vertex 11.8129 7.57241 12
    endloop
  endfacet
  facet normal 0 0 1
    outer loop
      vertex 12.089 7.42486 12
      vertex 3.89 2.54 12
      vertex 3.8835 2.40768 12
    endloop
  endfacet
  facet normal 0 0 1
    outer loop
      vertex 12.2365 7.37207 12
      vertex 3.8835 2.40768 12
      vertex 3.86406 2.27663 12
    endloop
  endfacet
  facet normal 0 0 1
    outer loop
      vertex 12.3885 7.334 12
      vertex 3.86406 2.27663 12
      vertex 3.83187 2.14812 12
    endloop
  endfacet
  facet normal 0 0 1
    outer loop
      vertex 12.3885 7.334 12
      vertex 3.83187 2.14812 12
      vertex 3.78724 2.02338 12
    endloop
  endfacet
  facet normal 0 0 1
    outer loop
      vertex 12.5437 7.311 12
      vertex 3.78724 2.02338 12
      vertex 3.73059 1.90361 12
    endloop
  endfacet
  facet normal 0 0 1
    outer loop
      vertex 3.49459 1.58541 12
      vertex 21.9054 1.58541 12
      vertex 3.58356 1.68357 12
    endloop
  endfacet
  facet normal 0 0 1
    outer loop
      vertex 21.9054 1.58541 12
      vertex 3.49459 1.58541 12
      vertex 22.0036 1.49644 12
    endloop
  endfacet
  facet normal 0 0 1
    outer loop
      vertex 3.39643 1.49644 12
      vertex 22.0036 1.49644 12
      vertex 3.49459 1.58541 12
    endloop
  endfacet
  facet normal 0 0 1
    outer loop
      vertex 22.0036 1.49644 12
      vertex 3.39643 1.49644 12
      vertex 22.11 1.41752 12
    endloop
  endfacet
  facet normal 0 0 1
    outer loop
      vertex 3.29002 1.41752 12
      vertex 22.11 1.41752 12
      vertex 3.39643 1.49644 12
    endloop
  endfacet
  facet normal 0 0 1
    outer loop
      vertex 3.17638 1.34941 12
      vertex 22.11 1.41752 12
      vertex 3.29002 1.41752 12
    endloop
  endfacet
  facet normal 0 0 1
    outer loop
      vertex 22.2236 1.34941 12
      vertex 3.17638 1.34941 12
      vertex 27.4 -2 12
    endloop
  endfacet
  facet normal -0 0 1
    outer loop
      vertex 3.05662 1.29276 12
      vertex 27.4 -2 12
      vertex 3.17638 1.34941 12
    endloop
  endfacet
  facet normal 0 0 1
    outer loop
      vertex -2 -2 12
      vertex 3.05662 1.29276 12
      vertex 2.93188 1.24813 12
    endloop
  endfacet
  facet normal 0 0 1
    outer loop
      vertex -2 -2 12
      vertex 2.93188 1.24813 12
      vertex 2.80337 1.21594 12
    endloop
  endfacet
  facet normal 0 0 1
    outer loop
      vertex -2 -2 12
      vertex 2.80337 1.21594 12
      vertex 2.67232 1.1965 12
    endloop
  endfacet
  facet normal 0 0 1
    outer loop
      vertex -2 -2 12
      vertex 2.67232 1.1965 12
      vertex 2.54 1.19 12
    endloop
  endfacet
  facet normal 0 0 1
    outer loop
      vertex -2 -2 12
      vertex 2.54 1.19 12
      vertex 2.40768 1.1965 12
    endloop
  endfacet
  facet normal 0 0 1
    outer loop
      vertex 1.1965 2.67232 12
      vertex -2 -2 12
      vertex 1.19 2.54 12
    endloop
  endfacet
  facet normal 0 0 1
    outer loop
      vertex 1.19 2.54 12
      vertex -2 -2 12
      vertex 1.1965 2.40768 12
    endloop
  endfacet
  facet normal 0 0 1
    outer loop
      vertex 3.05662 1.29276 12
      vertex -2 -2 12
      vertex 27.4 -2 12
    endloop
  endfacet
  facet normal 0 0 1
    outer loop
      vertex 2.27663 1.21594 12
      vertex -2 -2 12
      vertex 2.40768 1.1965 12
    endloop
  endfacet
  facet normal 0 0 1
    outer loop
      vertex 2.14812 1.24813 12
      vertex -2 -2 12
      vertex 2.27663 1.21594 12
    endloop
  endfacet
  facet normal 0 0 1
    outer loop
      vertex 2.02338 1.29276 12
      vertex -2 -2 12
      vertex 2.14812 1.24813 12
    endloop
  endfacet
  facet normal 0 0 1
    outer loop
      vertex 1.90361 1.34941 12
      vertex -2 -2 12
      vertex 2.02338 1.29276 12
    endloop
  endfacet
  facet normal 0 0 1
    outer loop
      vertex 1.78998 1.41752 12
      vertex -2 -2 12
      vertex 1.90361 1.34941 12
    endloop
  endfacet
  facet normal 0 0 1
    outer loop
      vertex 1.68357 1.49644 12
      vertex -2 -2 12
      vertex 1.78998 1.41752 12
    endloop
  endfacet
  facet normal 0 0 1
    outer loop
      vertex 1.58541 1.58541 12
      vertex -2 -2 12
      vertex 1.68357 1.49644 12
    endloop
  endfacet
  facet normal 0 0 1
    outer loop
      vertex 1.49644 1.68357 12
      vertex -2 -2 12
      vertex 1.58541 1.58541 12
    endloop
  endfacet
  facet normal 0 0 1
    outer loop
      vertex 1.41752 1.78998 12
      vertex -2 -2 12
      vertex 1.49644 1.68357 12
    endloop
  endfacet
  facet normal 0 0 1
    outer loop
      vertex 1.34941 1.90361 12
      vertex -2 -2 12
      vertex 1.41752 1.78998 12
    endloop
  endfacet
  facet normal 0 0 1
    outer loop
      vertex 1.29276 2.02338 12
      vertex -2 -2 12
      vertex 1.34941 1.90361 12
    endloop
  endfacet
  facet normal 0 0 1
    outer loop
      vertex 1.24813 2.14812 12
      vertex -2 -2 12
      vertex 1.29276 2.02338 12
    endloop
  endfacet
  facet normal 0 0 1
    outer loop
      vertex 1.21594 2.27663 12
      vertex -2 -2 12
      vertex 1.24813 2.14812 12
    endloop
  endfacet
  facet normal 0 0 1
    outer loop
      vertex 1.1965 2.40768 12
      vertex -2 -2 12
      vertex 1.21594 2.27663 12
    endloop
  endfacet
  facet normal 0 0 -1
    outer loop
      vertex 27.4 -2 0
      vertex 25.4 0 0
      vertex 27.4 19.8 0
    endloop
  endfacet
  facet normal 0 0 -1
    outer loop
      vertex 27.4 -2 0
      vertex 0 0 0
      vertex 25.4 0 0
    endloop
  endfacet
  facet normal -0 0 -1
    outer loop
      vertex 0 0 0
      vertex -2 -2 0
      vertex 0 17.8 0
    endloop
  endfacet
  facet normal 0 0 -1
    outer loop
      vertex -2 -2 0
      vertex 0 0 0
      vertex 27.4 -2 0
    endloop
  endfacet
  facet normal 0 0 -1
    outer loop
      vertex 25.4 17.8 0
      vertex 27.4 19.8 0
      vertex 25.4 0 0
    endloop
  endfacet
  facet normal 0 0 -1
    outer loop
      vertex 0 17.8 0
      vertex 27.4 19.8 0
      vertex 25.4 17.8 0
    endloop
  endfacet
  facet normal 0 0 -1
    outer loop
      vertex 0 17.8 0
      vertex -2 19.8 0
      vertex 27.4 19.8 0
    endloop
  endfacet
  facet normal 0 0 -1
    outer loop
      vertex -2 19.8 0
      vertex 0 17.8 0
      vertex -2 -2 0
    endloop
  endfacet
  facet normal -1 0 0
    outer loop
      vertex -2 -2 0
      vertex -2 19.8 12
      vertex -2 19.8 0
    endloop
  endfacet
  facet normal -1 -0 0
    outer loop
      vertex -2 19.8 12
      vertex -2 -2 0
      vertex -2 -2 12
    endloop
  endfacet
  facet normal 0 1 -0
    outer loop
      vertex 27.4 19.8 0
      vertex -2 19.8 12
      vertex 27.4 19.8 12
    endloop
  endfacet
  facet normal 0 1 0
    outer loop
      vertex -2 19.8 12
      vertex 27.4 19.8 0
      vertex -2 19.8 0
    endloop
  endfacet
  facet normal 0 -1 0
    outer loop
      vertex -2 -2 0
      vertex 27.4 -2 12
      vertex -2 -2 12
    endloop
  endfacet
  facet normal 0 -1 -0
    outer loop
      vertex 27.4 -2 12
      vertex -2 -2 0
      vertex 27.4 -2 0
    endloop
  endfacet
  facet normal -1 0 0
    outer loop
      vertex 25.4 0 0
      vertex 25.4 17.8 3.99
      vertex 25.4 17.8 0
    endloop
  endfacet
  facet normal -1 -0 0
    outer loop
      vertex 25.4 17.8 3.99
      vertex 25.4 0 0
      vertex 25.4 0 3.99
    endloop
  endfacet
  facet normal 0 0 -1
    outer loop
      vertex 3.58356 3.39643 3.99
      vertex 11.3771 8.1929 3.99
      vertex 3.66248 3.29002 3.99
    endloop
  endfacet
  facet normal 0 0 -1
    outer loop
      vertex 11.2 8.9 3.99
      vertex 3.8835 15.1277 3.99
      vertex 3.89 15.26 3.99
    endloop
  endfacet
  facet normal -0 0 -1
    outer loop
      vertex 11.3771 8.1929 3.99
      vertex 3.58356 3.39643 3.99
      vertex 11.3142 8.32597 3.99
    endloop
  endfacet
  facet normal 0 0 -1
    outer loop
      vertex 11.2 8.9 3.99
      vertex 3.86406 14.9966 3.99
      vertex 3.8835 15.1277 3.99
    endloop
  endfacet
  facet normal 0 0 -1
    outer loop
      vertex 3.49459 3.49459 3.99
      vertex 11.3142 8.32597 3.99
      vertex 3.58356 3.39643 3.99
    endloop
  endfacet
  facet normal 0 0 -1
    outer loop
      vertex 11.2 8.9 3.99
      vertex 3.83187 14.8681 3.99
      vertex 3.86406 14.9966 3.99
    endloop
  endfacet
  facet normal -0 0 -1
    outer loop
      vertex 11.3142 8.32597 3.99
      vertex 3.49459 3.49459 3.99
      vertex 11.2646 8.46457 3.99
    endloop
  endfacet
  facet normal 0 0 -1
    outer loop
      vertex 11.2 8.9 3.99
      vertex 3.78724 14.7434 3.99
      vertex 3.83187 14.8681 3.99
    endloop
  endfacet
  facet normal 0 0 -1
    outer loop
      vertex 3.39643 3.58356 3.99
      vertex 11.2646 8.46457 3.99
      vertex 3.49459 3.49459 3.99
    endloop
  endfacet
  facet normal 0 0 -1
    outer loop
      vertex 11.2 8.9 3.99
      vertex 3.73059 14.6236 3.99
      vertex 3.78724 14.7434 3.99
    endloop
  endfacet
  facet normal -0 0 -1
    outer loop
      vertex 11.2646 8.46457 3.99
      vertex 3.39643 3.58356 3.99
      vertex 11.2288 8.60736 3.99
    endloop
  endfacet
  facet normal 0 0 -1
    outer loop
      vertex 11.2 8.9 3.99
      vertex 3.66248 14.51 3.99
      vertex 3.73059 14.6236 3.99
    endloop
  endfacet
  facet normal 0 0 -1
    outer loop
      vertex 3.29002 3.66248 3.99
      vertex 11.2288 8.60736 3.99
      vertex 3.39643 3.58356 3.99
    endloop
  endfacet
  facet normal 0 0 -1
    outer loop
      vertex 11.2 8.9 3.99
      vertex 3.58356 14.4036 3.99
      vertex 3.66248 14.51 3.99
    endloop
  endfacet
  facet normal -0 0 -1
    outer loop
      vertex 11.2288 8.60736 3.99
      vertex 3.29002 3.66248 3.99
      vertex 11.2072 8.75297 3.99
    endloop
  endfacet
  facet normal 0 0 -1
    outer loop
      vertex 11.2 8.9 3.99
      vertex 3.49459 14.3054 3.99
      vertex 3.58356 14.4036 3.99
    endloop
  endfacet
  facet normal 0 0 -1
    outer loop
      vertex 3.17638 3.73059 3.99
      vertex 11.2072 8.75297 3.99
      vertex 3.29002 3.66248 3.99
    endloop
  endfacet
  facet normal 0 0 -1
    outer loop
      vertex 11.2 8.9 3.99
      vertex 3.39643 14.2164 3.99
      vertex 3.49459 14.3054 3.99
    endloop
  endfacet
  facet normal -0 0 -1
    outer loop
      vertex 11.2072 8.75297 3.99
      vertex 3.17638 3.73059 3.99
      vertex 11.2 8.9 3.99
    endloop
  endfacet
  facet normal 0 0 -1
    outer loop
      vertex 11.2 8.9 3.99
      vertex 3.29002 14.1375 3.99
      vertex 3.39643 14.2164 3.99
    endloop
  endfacet
  facet normal 0 0 -1
    outer loop
      vertex 3.17638 14.0694 3.99
      vertex 11.2 8.9 3.99
      vertex 3.17638 3.73059 3.99
    endloop
  endfacet
  facet normal 0 0 -1
    outer loop
      vertex 11.2 8.9 3.99
      vertex 3.17638 14.0694 3.99
      vertex 3.29002 14.1375 3.99
    endloop
  endfacet
  facet normal 0 0 -1
    outer loop
      vertex 3.05662 3.78724 3.99
      vertex 3.17638 14.0694 3.99
      vertex 3.17638 3.73059 3.99
    endloop
  endfacet
  facet normal 0 0 -1
    outer loop
      vertex 3.05662 3.78724 3.99
      vertex 3.05662 14.0128 3.99
      vertex 3.17638 14.0694 3.99
    endloop
  endfacet
  facet normal 0 0 -1
    outer loop
      vertex 2.93188 3.83187 3.99
      vertex 3.05662 14.0128 3.99
      vertex 3.05662 3.78724 3.99
    endloop
  endfacet
  facet normal 0 0 -1
    outer loop
      vertex 2.93188 3.83187 3.99
      vertex 2.93188 13.9681 3.99
      vertex 3.05662 14.0128 3.99
    endloop
  endfacet
  facet normal 0 0 -1
    outer loop
      vertex 2.80337 3.86406 3.99
      vertex 2.93188 13.9681 3.99
      vertex 2.93188 3.83187 3.99
    endloop
  endfacet
  facet normal 0 0 -1
    outer loop
      vertex 2.80337 3.86406 3.99
      vertex 2.80337 13.9359 3.99
      vertex 2.93188 13.9681 3.99
    endloop
  endfacet
  facet normal 0 0 -1
    outer loop
      vertex 2.67232 3.8835 3.99
      vertex 2.80337 13.9359 3.99
      vertex 2.80337 3.86406 3.99
    endloop
  endfacet
  facet normal 0 0 -1
    outer loop
      vertex 2.67232 3.8835 3.99
      vertex 2.67232 13.9165 3.99
      vertex 2.80337 13.9359 3.99
    endloop
  endfacet
  facet normal 0 0 -1
    outer loop
      vertex 2.54 3.89 3.99
      vertex 2.67232 13.9165 3.99
      vertex 2.67232 3.8835 3.99
    endloop
  endfacet
  facet normal 0 0 -1
    outer loop
      vertex 2.54 3.89 3.99
      vertex 2.54 13.91 3.99
      vertex 2.67232 13.9165 3.99
    endloop
  endfacet
  facet normal 0 0 -1
    outer loop
      vertex 2.40768 3.8835 3.99
      vertex 2.54 13.91 3.99
      vertex 2.54 3.89 3.99
    endloop
  endfacet
  facet normal 0 0 -1
    outer loop
      vertex 2.40768 3.8835 3.99
      vertex 2.40768 13.9165 3.99
      vertex 2.54 13.91 3.99
    endloop
  endfacet
  facet normal 0 0 -1
    outer loop
      vertex 2.27663 3.86406 3.99
      vertex 2.40768 13.9165 3.99
      vertex 2.40768 3.8835 3.99
    endloop
  endfacet
  facet normal 0 0 -1
    outer loop
      vertex 2.27663 3.86406 3.99
      vertex 2.27663 13.9359 3.99
      vertex 2.40768 13.9165 3.99
    endloop
  endfacet
  facet normal 0 0 -1
    outer loop
      vertex 2.14812 3.83187 3.99
      vertex 2.27663 13.9359 3.99
      vertex 2.27663 3.86406 3.99
    endloop
  endfacet
  facet normal 0 0 -1
    outer loop
      vertex 2.14812 3.83187 3.99
      vertex 2.14812 13.9681 3.99
      vertex 2.27663 13.9359 3.99
    endloop
  endfacet
  facet normal 0 0 -1
    outer loop
      vertex 2.02338 3.78724 3.99
      vertex 2.14812 13.9681 3.99
      vertex 2.14812 3.83187 3.99
    endloop
  endfacet
  facet normal 0 0 -1
    outer loop
      vertex 2.02338 3.78724 3.99
      vertex 2.02338 14.0128 3.99
      vertex 2.14812 13.9681 3.99
    endloop
  endfacet
  facet normal 0 0 -1
    outer loop
      vertex 1.90361 3.73059 3.99
      vertex 2.02338 14.0128 3.99
      vertex 2.02338 3.78724 3.99
    endloop
  endfacet
  facet normal 0 0 -1
    outer loop
      vertex 1.90361 3.73059 3.99
      vertex 1.90361 14.0694 3.99
      vertex 2.02338 14.0128 3.99
    endloop
  endfacet
  facet normal 0 0 -1
    outer loop
      vertex 1.78998 3.66248 3.99
      vertex 1.90361 14.0694 3.99
      vertex 1.90361 3.73059 3.99
    endloop
  endfacet
  facet normal 0 0 -1
    outer loop
      vertex 1.78998 3.66248 3.99
      vertex 1.78998 14.1375 3.99
      vertex 1.90361 14.0694 3.99
    endloop
  endfacet
  facet normal 0 0 -1
    outer loop
      vertex 1.68357 3.58356 3.99
      vertex 1.78998 14.1375 3.99
      vertex 1.78998 3.66248 3.99
    endloop
  endfacet
  facet normal 0 0 -1
    outer loop
      vertex 1.68357 3.58356 3.99
      vertex 1.68357 14.2164 3.99
      vertex 1.78998 14.1375 3.99
    endloop
  endfacet
  facet normal 0 0 -1
    outer loop
      vertex 1.58541 3.49459 3.99
      vertex 1.68357 14.2164 3.99
      vertex 1.68357 3.58356 3.99
    endloop
  endfacet
  facet normal 0 0 -1
    outer loop
      vertex 1.58541 3.49459 3.99
      vertex 1.58541 14.3054 3.99
      vertex 1.68357 14.2164 3.99
    endloop
  endfacet
  facet normal 0 0 -1
    outer loop
      vertex 1.49644 3.39643 3.99
      vertex 1.58541 14.3054 3.99
      vertex 1.58541 3.49459 3.99
    endloop
  endfacet
  facet normal 0 0 -1
    outer loop
      vertex 1.49644 3.39643 3.99
      vertex 1.49644 14.4036 3.99
      vertex 1.58541 14.3054 3.99
    endloop
  endfacet
  facet normal 0 0 -1
    outer loop
      vertex 1.41752 3.29002 3.99
      vertex 1.49644 14.4036 3.99
      vertex 1.49644 3.39643 3.99
    endloop
  endfacet
  facet normal 0 0 -1
    outer loop
      vertex 1.41752 3.29002 3.99
      vertex 1.41752 14.51 3.99
      vertex 1.49644 14.4036 3.99
    endloop
  endfacet
  facet normal 0 0 -1
    outer loop
      vertex 1.34941 3.17638 3.99
      vertex 1.41752 14.51 3.99
      vertex 1.41752 3.29002 3.99
    endloop
  endfacet
  facet normal 0 0 -1
    outer loop
      vertex 1.34941 3.17638 3.99
      vertex 1.34941 14.6236 3.99
      vertex 1.41752 14.51 3.99
    endloop
  endfacet
  facet normal 0 0 -1
    outer loop
      vertex 1.29276 3.05662 3.99
      vertex 1.34941 14.6236 3.99
      vertex 1.34941 3.17638 3.99
    endloop
  endfacet
  facet normal 0 0 -1
    outer loop
      vertex 1.29276 3.05662 3.99
      vertex 1.29276 14.7434 3.99
      vertex 1.34941 14.6236 3.99
    endloop
  endfacet
  facet normal 0 0 -1
    outer loop
      vertex 1.24813 2.93188 3.99
      vertex 1.29276 14.7434 3.99
      vertex 1.29276 3.05662 3.99
    endloop
  endfacet
  facet normal 0 0 -1
    outer loop
      vertex 1.24813 2.93188 3.99
      vertex 1.24813 14.8681 3.99
      vertex 1.29276 14.7434 3.99
    endloop
  endfacet
  facet normal 0 0 -1
    outer loop
      vertex 0 0 3.99
      vertex 1.24813 2.93188 3.99
      vertex 1.21594 2.80337 3.99
    endloop
  endfacet
  facet normal -0 0 -1
    outer loop
      vertex 1.24813 2.93188 3.99
      vertex 0 0 3.99
      vertex 1.24813 14.8681 3.99
    endloop
  endfacet
  facet normal 0 0 -1
    outer loop
      vertex 0 0 3.99
      vertex 1.21594 2.80337 3.99
      vertex 1.1965 2.67232 3.99
    endloop
  endfacet
  facet normal 0 0 -1
    outer loop
      vertex 0 17.8 3.99
      vertex 1.24813 14.8681 3.99
      vertex 0 0 3.99
    endloop
  endfacet
  facet normal 0 0 -1
    outer loop
      vertex 0 0 3.99
      vertex 1.1965 2.67232 3.99
      vertex 1.19 2.54 3.99
    endloop
  endfacet
  facet normal 0 0 -1
    outer loop
      vertex 1.24813 14.8681 3.99
      vertex 0 17.8 3.99
      vertex 1.21594 14.9966 3.99
    endloop
  endfacet
  facet normal 0 0 -1
    outer loop
      vertex 24.1519 2.93188 3.99
      vertex 25.4 0 3.99
      vertex 24.1841 2.80337 3.99
    endloop
  endfacet
  facet normal 0 0 -1
    outer loop
      vertex 25.4 17.8 3.99
      vertex 24.2035 15.1277 3.99
      vertex 24.21 15.26 3.99
    endloop
  endfacet
  facet normal 0 0 -1
    outer loop
      vertex 25.4 0 3.99
      vertex 24.1519 2.93188 3.99
      vertex 25.4 17.8 3.99
    endloop
  endfacet
  facet normal 0 0 -1
    outer loop
      vertex 25.4 17.8 3.99
      vertex 24.1841 14.9966 3.99
      vertex 24.2035 15.1277 3.99
    endloop
  endfacet
  facet normal 0 0 -1
    outer loop
      vertex 24.1519 14.8681 3.99
      vertex 25.4 17.8 3.99
      vertex 24.1519 2.93188 3.99
    endloop
  endfacet
  facet normal 0 0 -1
    outer loop
      vertex 25.4 17.8 3.99
      vertex 24.1519 14.8681 3.99
      vertex 24.1841 14.9966 3.99
    endloop
  endfacet
  facet normal 0 0 -1
    outer loop
      vertex 24.1072 3.05662 3.99
      vertex 24.1519 14.8681 3.99
      vertex 24.1519 2.93188 3.99
    endloop
  endfacet
  facet normal 0 0 -1
    outer loop
      vertex 24.1072 3.05662 3.99
      vertex 24.1072 14.7434 3.99
      vertex 24.1519 14.8681 3.99
    endloop
  endfacet
  facet normal 0 0 -1
    outer loop
      vertex 24.0506 3.17638 3.99
      vertex 24.1072 14.7434 3.99
      vertex 24.1072 3.05662 3.99
    endloop
  endfacet
  facet normal 0 0 -1
    outer loop
      vertex 24.0506 3.17638 3.99
      vertex 24.0506 14.6236 3.99
      vertex 24.1072 14.7434 3.99
    endloop
  endfacet
  facet normal 0 0 -1
    outer loop
      vertex 23.9825 3.29002 3.99
      vertex 24.0506 14.6236 3.99
      vertex 24.0506 3.17638 3.99
    endloop
  endfacet
  facet normal 0 0 -1
    outer loop
      vertex 23.9825 3.29002 3.99
      vertex 23.9825 14.51 3.99
      vertex 24.0506 14.6236 3.99
    endloop
  endfacet
  facet normal 0 0 -1
    outer loop
      vertex 23.9036 3.39643 3.99
      vertex 23.9825 14.51 3.99
      vertex 23.9825 3.29002 3.99
    endloop
  endfacet
  facet normal 0 0 -1
    outer loop
      vertex 23.9036 3.39643 3.99
      vertex 23.9036 14.4036 3.99
      vertex 23.9825 14.51 3.99
    endloop
  endfacet
  facet normal 0 0 -1
    outer loop
      vertex 23.8146 3.49459 3.99
      vertex 23.9036 14.4036 3.99
      vertex 23.9036 3.39643 3.99
    endloop
  endfacet
  facet normal 0 0 -1
    outer loop
      vertex 23.8146 3.49459 3.99
      vertex 23.8146 14.3054 3.99
      vertex 23.9036 14.4036 3.99
    endloop
  endfacet
  facet normal 0 0 -1
    outer loop
      vertex 23.7164 3.58356 3.99
      vertex 23.8146 14.3054 3.99
      vertex 23.8146 3.49459 3.99
    endloop
  endfacet
  facet normal 0 0 -1
    outer loop
      vertex 23.7164 3.58356 3.99
      vertex 23.7164 14.2164 3.99
      vertex 23.8146 14.3054 3.99
    endloop
  endfacet
  facet normal 0 0 -1
    outer loop
      vertex 23.61 3.66248 3.99
      vertex 23.7164 14.2164 3.99
      vertex 23.7164 3.58356 3.99
    endloop
  endfacet
  facet normal 0 0 -1
    outer loop
      vertex 23.61 3.66248 3.99
      vertex 23.61 14.1375 3.99
      vertex 23.7164 14.2164 3.99
    endloop
  endfacet
  facet normal 0 0 -1
    outer loop
      vertex 23.4964 3.73059 3.99
      vertex 23.61 14.1375 3.99
      vertex 23.61 3.66248 3.99
    endloop
  endfacet
  facet normal 0 0 -1
    outer loop
      vertex 23.4964 3.73059 3.99
      vertex 23.4964 14.0694 3.99
      vertex 23.61 14.1375 3.99
    endloop
  endfacet
  facet normal 0 0 -1
    outer loop
      vertex 23.3766 3.78724 3.99
      vertex 23.4964 14.0694 3.99
      vertex 23.4964 3.73059 3.99
    endloop
  endfacet
  facet normal 0 0 -1
    outer loop
      vertex 23.3766 3.78724 3.99
      vertex 23.3766 14.0128 3.99
      vertex 23.4964 14.0694 3.99
    endloop
  endfacet
  facet normal 0 0 -1
    outer loop
      vertex 23.2519 3.83187 3.99
      vertex 23.3766 14.0128 3.99
      vertex 23.3766 3.78724 3.99
    endloop
  endfacet
  facet normal 0 0 -1
    outer loop
      vertex 23.2519 3.83187 3.99
      vertex 23.2519 13.9681 3.99
      vertex 23.3766 14.0128 3.99
    endloop
  endfacet
  facet normal 0 0 -1
    outer loop
      vertex 23.1234 3.86406 3.99
      vertex 23.2519 13.9681 3.99
      vertex 23.2519 3.83187 3.99
    endloop
  endfacet
  facet normal 0 0 -1
    outer loop
      vertex 23.1234 3.86406 3.99
      vertex 23.1234 13.9359 3.99
      vertex 23.2519 13.9681 3.99
    endloop
  endfacet
  facet normal 0 0 -1
    outer loop
      vertex 22.9923 3.8835 3.99
      vertex 23.1234 13.9359 3.99
      vertex 23.1234 3.86406 3.99
    endloop
  endfacet
  facet normal 0 0 -1
    outer loop
      vertex 22.9923 3.8835 3.99
      vertex 22.9923 13.9165 3.99
      vertex 23.1234 13.9359 3.99
    endloop
  endfacet
  facet normal 0 0 -1
    outer loop
      vertex 22.86 3.89 3.99
      vertex 22.9923 13.9165 3.99
      vertex 22.9923 3.8835 3.99
    endloop
  endfacet
  facet normal 0 0 -1
    outer loop
      vertex 22.86 3.89 3.99
      vertex 22.86 13.91 3.99
      vertex 22.9923 13.9165 3.99
    endloop
  endfacet
  facet normal 0 0 -1
    outer loop
      vertex 22.7277 3.8835 3.99
      vertex 22.86 13.91 3.99
      vertex 22.86 3.89 3.99
    endloop
  endfacet
  facet normal 0 0 -1
    outer loop
      vertex 22.7277 3.8835 3.99
      vertex 22.7277 13.9165 3.99
      vertex 22.86 13.91 3.99
    endloop
  endfacet
  facet normal 0 0 -1
    outer loop
      vertex 22.5966 3.86406 3.99
      vertex 22.7277 13.9165 3.99
      vertex 22.7277 3.8835 3.99
    endloop
  endfacet
  facet normal 0 0 -1
    outer loop
      vertex 22.5966 3.86406 3.99
      vertex 22.5966 13.9359 3.99
      vertex 22.7277 13.9165 3.99
    endloop
  endfacet
  facet normal 0 0 -1
    outer loop
      vertex 22.4681 3.83187 3.99
      vertex 22.5966 13.9359 3.99
      vertex 22.5966 3.86406 3.99
    endloop
  endfacet
  facet normal 0 0 -1
    outer loop
      vertex 22.4681 3.83187 3.99
      vertex 22.4681 13.9681 3.99
      vertex 22.5966 13.9359 3.99
    endloop
  endfacet
  facet normal 0 0 -1
    outer loop
      vertex 22.3434 3.78724 3.99
      vertex 22.4681 13.9681 3.99
      vertex 22.4681 3.83187 3.99
    endloop
  endfacet
  facet normal 0 0 -1
    outer loop
      vertex 22.3434 3.78724 3.99
      vertex 22.3434 14.0128 3.99
      vertex 22.4681 13.9681 3.99
    endloop
  endfacet
  facet normal 0 0 -1
    outer loop
      vertex 22.2236 3.73059 3.99
      vertex 22.3434 14.0128 3.99
      vertex 22.3434 3.78724 3.99
    endloop
  endfacet
  facet normal 0 0 -1
    outer loop
      vertex 22.2236 3.73059 3.99
      vertex 22.2236 14.0694 3.99
      vertex 22.3434 14.0128 3.99
    endloop
  endfacet
  facet normal 0 0 -1
    outer loop
      vertex 14.1928 8.75297 3.99
      vertex 22.2236 3.73059 3.99
      vertex 22.11 3.66248 3.99
    endloop
  endfacet
  facet normal 0 0 -1
    outer loop
      vertex 22.2236 3.73059 3.99
      vertex 14.2 8.9 3.99
      vertex 22.2236 14.0694 3.99
    endloop
  endfacet
  facet normal 0 0 -1
    outer loop
      vertex 14.1712 8.60736 3.99
      vertex 22.11 3.66248 3.99
      vertex 22.0036 3.58356 3.99
    endloop
  endfacet
  facet normal 0 0 -1
    outer loop
      vertex 14.1928 9.04703 3.99
      vertex 22.2236 14.0694 3.99
      vertex 14.2 8.9 3.99
    endloop
  endfacet
  facet normal 0 0 -1
    outer loop
      vertex 14.1354 8.46457 3.99
      vertex 22.0036 3.58356 3.99
      vertex 21.9054 3.49459 3.99
    endloop
  endfacet
  facet normal -0 0 -1
    outer loop
      vertex 22.2236 14.0694 3.99
      vertex 14.1928 9.04703 3.99
      vertex 22.11 14.1375 3.99
    endloop
  endfacet
  facet normal 0 0 -1
    outer loop
      vertex 14.0858 8.32597 3.99
      vertex 21.9054 3.49459 3.99
      vertex 21.8164 3.39643 3.99
    endloop
  endfacet
  facet normal 0 0 -1
    outer loop
      vertex 14.1712 9.19263 3.99
      vertex 22.11 14.1375 3.99
      vertex 14.1928 9.04703 3.99
    endloop
  endfacet
  facet normal 0 0 -1
    outer loop
      vertex 14.0229 8.1929 3.99
      vertex 21.8164 3.39643 3.99
      vertex 21.7375 3.29002 3.99
    endloop
  endfacet
  facet normal -0 0 -1
    outer loop
      vertex 22.11 14.1375 3.99
      vertex 14.1712 9.19263 3.99
      vertex 22.0036 14.2164 3.99
    endloop
  endfacet
  facet normal 0 0 -1
    outer loop
      vertex 13.9472 8.06664 3.99
      vertex 21.7375 3.29002 3.99
      vertex 21.6694 3.17638 3.99
    endloop
  endfacet
  facet normal 0 0 -1
    outer loop
      vertex 14.1354 9.33543 3.99
      vertex 22.0036 14.2164 3.99
      vertex 14.1712 9.19263 3.99
    endloop
  endfacet
  facet normal 0 0 -1
    outer loop
      vertex 13.8595 7.94841 3.99
      vertex 21.6694 3.17638 3.99
      vertex 21.6128 3.05662 3.99
    endloop
  endfacet
  facet normal -0 0 -1
    outer loop
      vertex 22.0036 14.2164 3.99
      vertex 14.1354 9.33543 3.99
      vertex 21.9054 14.3054 3.99
    endloop
  endfacet
  facet normal 0 0 -1
    outer loop
      vertex 13.7607 7.83934 3.99
      vertex 21.6128 3.05662 3.99
      vertex 21.5681 2.93188 3.99
    endloop
  endfacet
  facet normal 0 0 -1
    outer loop
      vertex 14.0858 9.47402 3.99
      vertex 21.9054 14.3054 3.99
      vertex 14.1354 9.33543 3.99
    endloop
  endfacet
  facet normal 0 0 -1
    outer loop
      vertex 13.6516 7.74048 3.99
      vertex 21.5681 2.93188 3.99
      vertex 21.5359 2.80337 3.99
    endloop
  endfacet
  facet normal -0 0 -1
    outer loop
      vertex 21.9054 14.3054 3.99
      vertex 14.0858 9.47402 3.99
      vertex 21.8164 14.4036 3.99
    endloop
  endfacet
  facet normal 0 0 -1
    outer loop
      vertex 13.5334 7.65279 3.99
      vertex 21.5359 2.80337 3.99
      vertex 21.5165 2.67232 3.99
    endloop
  endfacet
  facet normal 0 0 -1
    outer loop
      vertex 14.0229 9.60709 3.99
      vertex 21.8164 14.4036 3.99
      vertex 14.0858 9.47402 3.99
    endloop
  endfacet
  facet normal 0 0 -1
    outer loop
      vertex 13.4071 7.57712 3.99
      vertex 21.5165 2.67232 3.99
      vertex 21.51 2.54 3.99
    endloop
  endfacet
  facet normal -0 0 -1
    outer loop
      vertex 21.8164 14.4036 3.99
      vertex 14.0229 9.60709 3.99
      vertex 21.7375 14.51 3.99
    endloop
  endfacet
  facet normal 0 0 -1
    outer loop
      vertex 24.2035 2.67232 3.99
      vertex 25.4 0 3.99
      vertex 24.21 2.54 3.99
    endloop
  endfacet
  facet normal 0 0 -1
    outer loop
      vertex 25.4 0 3.99
      vertex 24.2035 2.40768 3.99
      vertex 24.21 2.54 3.99
    endloop
  endfacet
  facet normal 0 0 -1
    outer loop
      vertex 25.4 0 3.99
      vertex 24.1841 2.27663 3.99
      vertex 24.2035 2.40768 3.99
    endloop
  endfacet
  facet normal 0 0 -1
    outer loop
      vertex 25.4 0 3.99
      vertex 24.1519 2.14812 3.99
      vertex 24.1841 2.27663 3.99
    endloop
  endfacet
  facet normal 0 0 -1
    outer loop
      vertex 25.4 0 3.99
      vertex 24.1072 2.02338 3.99
      vertex 24.1519 2.14812 3.99
    endloop
  endfacet
  facet normal 0 0 -1
    outer loop
      vertex 25.4 0 3.99
      vertex 24.0506 1.90361 3.99
      vertex 24.1072 2.02338 3.99
    endloop
  endfacet
  facet normal 0 0 -1
    outer loop
      vertex 25.4 0 3.99
      vertex 23.9825 1.78998 3.99
      vertex 24.0506 1.90361 3.99
    endloop
  endfacet
  facet normal 0 0 -1
    outer loop
      vertex 25.4 0 3.99
      vertex 23.9036 1.68357 3.99
      vertex 23.9825 1.78998 3.99
    endloop
  endfacet
  facet normal 0 0 -1
    outer loop
      vertex 25.4 0 3.99
      vertex 23.8146 1.58541 3.99
      vertex 23.9036 1.68357 3.99
    endloop
  endfacet
  facet normal 0 0 -1
    outer loop
      vertex 25.4 0 3.99
      vertex 23.7164 1.49644 3.99
      vertex 23.8146 1.58541 3.99
    endloop
  endfacet
  facet normal 0 0 -1
    outer loop
      vertex 25.4 0 3.99
      vertex 23.61 1.41752 3.99
      vertex 23.7164 1.49644 3.99
    endloop
  endfacet
  facet normal 0 0 -1
    outer loop
      vertex 25.4 0 3.99
      vertex 23.4964 1.34941 3.99
      vertex 23.61 1.41752 3.99
    endloop
  endfacet
  facet normal 0 0 -1
    outer loop
      vertex 25.4 0 3.99
      vertex 23.3766 1.29276 3.99
      vertex 23.4964 1.34941 3.99
    endloop
  endfacet
  facet normal 0 0 -1
    outer loop
      vertex 25.4 0 3.99
      vertex 23.2519 1.24813 3.99
      vertex 23.3766 1.29276 3.99
    endloop
  endfacet
  facet normal 0 0 -1
    outer loop
      vertex 25.4 0 3.99
      vertex 23.1234 1.21594 3.99
      vertex 23.2519 1.24813 3.99
    endloop
  endfacet
  facet normal 0 0 -1
    outer loop
      vertex 25.4 0 3.99
      vertex 22.9923 1.1965 3.99
      vertex 23.1234 1.21594 3.99
    endloop
  endfacet
  facet normal 0 0 -1
    outer loop
      vertex 25.4 0 3.99
      vertex 22.86 1.19 3.99
      vertex 22.9923 1.1965 3.99
    endloop
  endfacet
  facet normal 0 0 -1
    outer loop
      vertex 25.4 0 3.99
      vertex 22.7277 1.1965 3.99
      vertex 22.86 1.19 3.99
    endloop
  endfacet
  facet normal 0 0 -1
    outer loop
      vertex 25.4 0 3.99
      vertex 22.5966 1.21594 3.99
      vertex 22.7277 1.1965 3.99
    endloop
  endfacet
  facet normal 0 0 -1
    outer loop
      vertex 25.4 0 3.99
      vertex 22.4681 1.24813 3.99
      vertex 22.5966 1.21594 3.99
    endloop
  endfacet
  facet normal 0 0 -1
    outer loop
      vertex 25.4 0 3.99
      vertex 22.3434 1.29276 3.99
      vertex 22.4681 1.24813 3.99
    endloop
  endfacet
  facet normal 0 0 -1
    outer loop
      vertex 13.9472 9.73335 3.99
      vertex 21.7375 14.51 3.99
      vertex 14.0229 9.60709 3.99
    endloop
  endfacet
  facet normal 0 0 -1
    outer loop
      vertex 13.274 7.51418 3.99
      vertex 21.51 2.54 3.99
      vertex 21.5165 2.40768 3.99
    endloop
  endfacet
  facet normal 0 0 -1
    outer loop
      vertex 13.1354 7.46459 3.99
      vertex 21.5165 2.40768 3.99
      vertex 21.5359 2.27663 3.99
    endloop
  endfacet
  facet normal 0 0 -1
    outer loop
      vertex 12.9926 7.42882 3.99
      vertex 21.5359 2.27663 3.99
      vertex 21.5681 2.14812 3.99
    endloop
  endfacet
  facet normal 0 0 -1
    outer loop
      vertex 12.847 7.40722 3.99
      vertex 21.5681 2.14812 3.99
      vertex 21.6128 2.02338 3.99
    endloop
  endfacet
  facet normal 0 0 -1
    outer loop
      vertex 12.7 7.4 3.99
      vertex 21.6128 2.02338 3.99
      vertex 21.6694 1.90361 3.99
    endloop
  endfacet
  facet normal 0 0 -1
    outer loop
      vertex 3.73059 1.90361 3.99
      vertex 21.6694 1.90361 3.99
      vertex 21.7375 1.78998 3.99
    endloop
  endfacet
  facet normal 0 0 -1
    outer loop
      vertex 3.66248 1.78998 3.99
      vertex 21.7375 1.78998 3.99
      vertex 21.8164 1.68357 3.99
    endloop
  endfacet
  facet normal 0 0 -1
    outer loop
      vertex 3.58356 1.68357 3.99
      vertex 21.8164 1.68357 3.99
      vertex 21.9054 1.58541 3.99
    endloop
  endfacet
  facet normal 0 0 -1
    outer loop
      vertex 22.2236 3.73059 3.99
      vertex 14.1928 8.75297 3.99
      vertex 14.2 8.9 3.99
    endloop
  endfacet
  facet normal 0 0 -1
    outer loop
      vertex 22.11 3.66248 3.99
      vertex 14.1712 8.60736 3.99
      vertex 14.1928 8.75297 3.99
    endloop
  endfacet
  facet normal 0 0 -1
    outer loop
      vertex 22.0036 3.58356 3.99
      vertex 14.1354 8.46457 3.99
      vertex 14.1712 8.60736 3.99
    endloop
  endfacet
  facet normal 0 0 -1
    outer loop
      vertex 3.49459 1.58541 3.99
      vertex 21.9054 1.58541 3.99
      vertex 22.0036 1.49644 3.99
    endloop
  endfacet
  facet normal 0 0 -1
    outer loop
      vertex 21.9054 3.49459 3.99
      vertex 14.0858 8.32597 3.99
      vertex 14.1354 8.46457 3.99
    endloop
  endfacet
  facet normal 0 0 -1
    outer loop
      vertex 21.8164 3.39643 3.99
      vertex 14.0229 8.1929 3.99
      vertex 14.0858 8.32597 3.99
    endloop
  endfacet
  facet normal 0 0 -1
    outer loop
      vertex 21.7375 3.29002 3.99
      vertex 13.9472 8.06664 3.99
      vertex 14.0229 8.1929 3.99
    endloop
  endfacet
  facet normal 0 0 -1
    outer loop
      vertex 21.6694 3.17638 3.99
      vertex 13.8595 7.94841 3.99
      vertex 13.9472 8.06664 3.99
    endloop
  endfacet
  facet normal 0 0 -1
    outer loop
      vertex 21.6128 3.05662 3.99
      vertex 13.7607 7.83934 3.99
      vertex 13.8595 7.94841 3.99
    endloop
  endfacet
  facet normal 0 0 -1
    outer loop
      vertex 21.5681 2.93188 3.99
      vertex 13.6516 7.74048 3.99
      vertex 13.7607 7.83934 3.99
    endloop
  endfacet
  facet normal 0 0 -1
    outer loop
      vertex 21.5359 2.80337 3.99
      vertex 13.5334 7.65279 3.99
      vertex 13.6516 7.74048 3.99
    endloop
  endfacet
  facet normal 0 0 -1
    outer loop
      vertex 3.39643 1.49644 3.99
      vertex 22.0036 1.49644 3.99
      vertex 22.11 1.41752 3.99
    endloop
  endfacet
  facet normal 0 0 -1
    outer loop
      vertex 21.5165 2.67232 3.99
      vertex 13.4071 7.57712 3.99
      vertex 13.5334 7.65279 3.99
    endloop
  endfacet
  facet normal 0 0 -1
    outer loop
      vertex 21.51 2.54 3.99
      vertex 13.274 7.51418 3.99
      vertex 13.4071 7.57712 3.99
    endloop
  endfacet
  facet normal 0 0 -1
    outer loop
      vertex 21.5165 2.40768 3.99
      vertex 13.1354 7.46459 3.99
      vertex 13.274 7.51418 3.99
    endloop
  endfacet
  facet normal 0 0 -1
    outer loop
      vertex 21.5359 2.27663 3.99
      vertex 12.9926 7.42882 3.99
      vertex 13.1354 7.46459 3.99
    endloop
  endfacet
  facet normal 0 0 -1
    outer loop
      vertex 21.5681 2.14812 3.99
      vertex 12.847 7.40722 3.99
      vertex 12.9926 7.42882 3.99
    endloop
  endfacet
  facet normal 0 0 -1
    outer loop
      vertex 21.6128 2.02338 3.99
      vertex 12.7 7.4 3.99
      vertex 12.847 7.40722 3.99
    endloop
  endfacet
  facet normal 0 0 -1
    outer loop
      vertex 21.6694 1.90361 3.99
      vertex 3.73059 1.90361 3.99
      vertex 12.7 7.4 3.99
    endloop
  endfacet
  facet normal 0 -0 -1
    outer loop
      vertex 3.78724 2.02338 3.99
      vertex 12.7 7.4 3.99
      vertex 3.73059 1.90361 3.99
    endloop
  endfacet
  facet normal -0 0 -1
    outer loop
      vertex 12.7 7.4 3.99
      vertex 3.78724 2.02338 3.99
      vertex 12.553 7.40722 3.99
    endloop
  endfacet
  facet normal 0 -0 -1
    outer loop
      vertex 3.83187 2.14812 3.99
      vertex 12.553 7.40722 3.99
      vertex 3.78724 2.02338 3.99
    endloop
  endfacet
  facet normal -0 0 -1
    outer loop
      vertex 12.553 7.40722 3.99
      vertex 3.83187 2.14812 3.99
      vertex 12.4074 7.42882 3.99
    endloop
  endfacet
  facet normal 0 -0 -1
    outer loop
      vertex 3.86406 2.27663 3.99
      vertex 12.4074 7.42882 3.99
      vertex 3.83187 2.14812 3.99
    endloop
  endfacet
  facet normal 0 0 -1
    outer loop
      vertex 3.66248 3.29002 3.99
      vertex 11.4528 8.06664 3.99
      vertex 3.73059 3.17638 3.99
    endloop
  endfacet
  facet normal -0 0 -1
    outer loop
      vertex 11.5405 7.94841 3.99
      vertex 3.73059 3.17638 3.99
      vertex 11.4528 8.06664 3.99
    endloop
  endfacet
  facet normal 0 0 -1
    outer loop
      vertex 3.73059 3.17638 3.99
      vertex 11.5405 7.94841 3.99
      vertex 3.78724 3.05662 3.99
    endloop
  endfacet
  facet normal -0 0 -1
    outer loop
      vertex 11.6393 7.83934 3.99
      vertex 3.78724 3.05662 3.99
      vertex 11.5405 7.94841 3.99
    endloop
  endfacet
  facet normal 0 0 -1
    outer loop
      vertex 3.78724 3.05662 3.99
      vertex 11.6393 7.83934 3.99
      vertex 3.83187 2.93188 3.99
    endloop
  endfacet
  facet normal -0 0 -1
    outer loop
      vertex 11.7484 7.74048 3.99
      vertex 3.83187 2.93188 3.99
      vertex 11.6393 7.83934 3.99
    endloop
  endfacet
  facet normal 0 0 -1
    outer loop
      vertex 3.83187 2.93188 3.99
      vertex 11.7484 7.74048 3.99
      vertex 3.86406 2.80337 3.99
    endloop
  endfacet
  facet normal -0 0 -1
    outer loop
      vertex 11.8666 7.65279 3.99
      vertex 3.86406 2.80337 3.99
      vertex 11.7484 7.74048 3.99
    endloop
  endfacet
  facet normal 0 0 -1
    outer loop
      vertex 3.86406 2.80337 3.99
      vertex 11.8666 7.65279 3.99
      vertex 3.8835 2.67232 3.99
    endloop
  endfacet
  facet normal -0 0 -1
    outer loop
      vertex 11.9929 7.57712 3.99
      vertex 3.8835 2.67232 3.99
      vertex 11.8666 7.65279 3.99
    endloop
  endfacet
  facet normal 0 -0 -1
    outer loop
      vertex 3.8835 2.40768 3.99
      vertex 12.2646 7.46459 3.99
      vertex 3.86406 2.27663 3.99
    endloop
  endfacet
  facet normal 0 0 -1
    outer loop
      vertex 3.29002 1.41752 3.99
      vertex 22.11 1.41752 3.99
      vertex 22.2236 1.34941 3.99
    endloop
  endfacet
  facet normal 0 0 -1
    outer loop
      vertex 3.17638 1.34941 3.99
      vertex 22.2236 1.34941 3.99
      vertex 22.3434 1.29276 3.99
    endloop
  endfacet
  facet normal 0 0 -1
    outer loop
      vertex 3.05662 1.29276 3.99
      vertex 22.3434 1.29276 3.99
      vertex 25.4 0 3.99
    endloop
  endfacet
  facet normal 0 0 -1
    outer loop
      vertex 3.8835 2.67232 3.99
      vertex 11.9929 7.57712 3.99
      vertex 3.89 2.54 3.99
    endloop
  endfacet
  facet normal -0 0 -1
    outer loop
      vertex 12.126 7.51418 3.99
      vertex 3.89 2.54 3.99
      vertex 11.9929 7.57712 3.99
    endloop
  endfacet
  facet normal 0 -0 -1
    outer loop
      vertex 3.89 2.54 3.99
      vertex 12.126 7.51418 3.99
      vertex 3.8835 2.40768 3.99
    endloop
  endfacet
  facet normal -0 0 -1
    outer loop
      vertex 12.2646 7.46459 3.99
      vertex 3.8835 2.40768 3.99
      vertex 12.126 7.51418 3.99
    endloop
  endfacet
  facet normal -0 0 -1
    outer loop
      vertex 12.4074 7.42882 3.99
      vertex 3.86406 2.27663 3.99
      vertex 12.2646 7.46459 3.99
    endloop
  endfacet
  facet normal 0 0 -1
    outer loop
      vertex 21.7375 1.78998 3.99
      vertex 3.66248 1.78998 3.99
      vertex 3.73059 1.90361 3.99
    endloop
  endfacet
  facet normal 0 0 -1
    outer loop
      vertex 21.8164 1.68357 3.99
      vertex 3.58356 1.68357 3.99
      vertex 3.66248 1.78998 3.99
    endloop
  endfacet
  facet normal 0 0 -1
    outer loop
      vertex 21.9054 1.58541 3.99
      vertex 3.49459 1.58541 3.99
      vertex 3.58356 1.68357 3.99
    endloop
  endfacet
  facet normal 0 0 -1
    outer loop
      vertex 22.0036 1.49644 3.99
      vertex 3.39643 1.49644 3.99
      vertex 3.49459 1.58541 3.99
    endloop
  endfacet
  facet normal 0 0 -1
    outer loop
      vertex 22.11 1.41752 3.99
      vertex 3.29002 1.41752 3.99
      vertex 3.39643 1.49644 3.99
    endloop
  endfacet
  facet normal 0 0 -1
    outer loop
      vertex 22.2236 1.34941 3.99
      vertex 3.17638 1.34941 3.99
      vertex 3.29002 1.41752 3.99
    endloop
  endfacet
  facet normal 0 0 -1
    outer loop
      vertex 22.3434 1.29276 3.99
      vertex 3.05662 1.29276 3.99
      vertex 3.17638 1.34941 3.99
    endloop
  endfacet
  facet normal 0 0 -1
    outer loop
      vertex 25.4 0 3.99
      vertex 2.93188 1.24813 3.99
      vertex 3.05662 1.29276 3.99
    endloop
  endfacet
  facet normal 0 0 -1
    outer loop
      vertex 0 0 3.99
      vertex 2.93188 1.24813 3.99
      vertex 25.4 0 3.99
    endloop
  endfacet
  facet normal 0 0 -1
    outer loop
      vertex 2.93188 1.24813 3.99
      vertex 0 0 3.99
      vertex 2.80337 1.21594 3.99
    endloop
  endfacet
  facet normal 0 0 -1
    outer loop
      vertex 2.80337 1.21594 3.99
      vertex 0 0 3.99
      vertex 2.67232 1.1965 3.99
    endloop
  endfacet
  facet normal 0 0 -1
    outer loop
      vertex 2.67232 1.1965 3.99
      vertex 0 0 3.99
      vertex 2.54 1.19 3.99
    endloop
  endfacet
  facet normal 0 0 -1
    outer loop
      vertex 1.21594 14.9966 3.99
      vertex 0 17.8 3.99
      vertex 1.1965 15.1277 3.99
    endloop
  endfacet
  facet normal -0 0 -1
    outer loop
      vertex 1.1965 2.40768 3.99
      vertex 0 0 3.99
      vertex 1.19 2.54 3.99
    endloop
  endfacet
  facet normal -0 0 -1
    outer loop
      vertex 1.21594 2.27663 3.99
      vertex 0 0 3.99
      vertex 1.1965 2.40768 3.99
    endloop
  endfacet
  facet normal -0 0 -1
    outer loop
      vertex 1.24813 2.14812 3.99
      vertex 0 0 3.99
      vertex 1.21594 2.27663 3.99
    endloop
  endfacet
  facet normal -0 0 -1
    outer loop
      vertex 1.29276 2.02338 3.99
      vertex 0 0 3.99
      vertex 1.24813 2.14812 3.99
    endloop
  endfacet
  facet normal -0 0 -1
    outer loop
      vertex 1.34941 1.90361 3.99
      vertex 0 0 3.99
      vertex 1.29276 2.02338 3.99
    endloop
  endfacet
  facet normal -0 0 -1
    outer loop
      vertex 1.41752 1.78998 3.99
      vertex 0 0 3.99
      vertex 1.34941 1.90361 3.99
    endloop
  endfacet
  facet normal -0 0 -1
    outer loop
      vertex 1.49644 1.68357 3.99
      vertex 0 0 3.99
      vertex 1.41752 1.78998 3.99
    endloop
  endfacet
  facet normal -0 0 -1
    outer loop
      vertex 1.58541 1.58541 3.99
      vertex 0 0 3.99
      vertex 1.49644 1.68357 3.99
    endloop
  endfacet
  facet normal -0 0 -1
    outer loop
      vertex 1.68357 1.49644 3.99
      vertex 0 0 3.99
      vertex 1.58541 1.58541 3.99
    endloop
  endfacet
  facet normal -0 0 -1
    outer loop
      vertex 1.78998 1.41752 3.99
      vertex 0 0 3.99
      vertex 1.68357 1.49644 3.99
    endloop
  endfacet
  facet normal -0 0 -1
    outer loop
      vertex 1.90361 1.34941 3.99
      vertex 0 0 3.99
      vertex 1.78998 1.41752 3.99
    endloop
  endfacet
  facet normal -0 0 -1
    outer loop
      vertex 2.02338 1.29276 3.99
      vertex 0 0 3.99
      vertex 1.90361 1.34941 3.99
    endloop
  endfacet
  facet normal -0 0 -1
    outer loop
      vertex 2.14812 1.24813 3.99
      vertex 0 0 3.99
      vertex 2.02338 1.29276 3.99
    endloop
  endfacet
  facet normal -0 0 -1
    outer loop
      vertex 2.27663 1.21594 3.99
      vertex 0 0 3.99
      vertex 2.14812 1.24813 3.99
    endloop
  endfacet
  facet normal -0 0 -1
    outer loop
      vertex 2.40768 1.1965 3.99
      vertex 0 0 3.99
      vertex 2.27663 1.21594 3.99
    endloop
  endfacet
  facet normal -0 0 -1
    outer loop
      vertex 2.54 1.19 3.99
      vertex 0 0 3.99
      vertex 2.40768 1.1965 3.99
    endloop
  endfacet
  facet normal 0 0 -1
    outer loop
      vertex 24.1841 2.80337 3.99
      vertex 25.4 0 3.99
      vertex 24.2035 2.67232 3.99
    endloop
  endfacet
  facet normal 0 0 -1
    outer loop
      vertex 24.2035 15.3923 3.99
      vertex 25.4 17.8 3.99
      vertex 24.21 15.26 3.99
    endloop
  endfacet
  facet normal 0 0 -1
    outer loop
      vertex 24.1841 15.5234 3.99
      vertex 25.4 17.8 3.99
      vertex 24.2035 15.3923 3.99
    endloop
  endfacet
  facet normal 0 0 -1
    outer loop
      vertex 24.1519 15.6519 3.99
      vertex 25.4 17.8 3.99
      vertex 24.1841 15.5234 3.99
    endloop
  endfacet
  facet normal 0 0 -1
    outer loop
      vertex 24.1072 15.7766 3.99
      vertex 25.4 17.8 3.99
      vertex 24.1519 15.6519 3.99
    endloop
  endfacet
  facet normal 0 0 -1
    outer loop
      vertex 24.0506 15.8964 3.99
      vertex 25.4 17.8 3.99
      vertex 24.1072 15.7766 3.99
    endloop
  endfacet
  facet normal 0 0 -1
    outer loop
      vertex 23.9825 16.01 3.99
      vertex 25.4 17.8 3.99
      vertex 24.0506 15.8964 3.99
    endloop
  endfacet
  facet normal 0 0 -1
    outer loop
      vertex 23.9036 16.1164 3.99
      vertex 25.4 17.8 3.99
      vertex 23.9825 16.01 3.99
    endloop
  endfacet
  facet normal 0 0 -1
    outer loop
      vertex 23.8146 16.2146 3.99
      vertex 25.4 17.8 3.99
      vertex 23.9036 16.1164 3.99
    endloop
  endfacet
  facet normal 0 0 -1
    outer loop
      vertex 23.7164 16.3036 3.99
      vertex 25.4 17.8 3.99
      vertex 23.8146 16.2146 3.99
    endloop
  endfacet
  facet normal 0 0 -1
    outer loop
      vertex 23.61 16.3825 3.99
      vertex 25.4 17.8 3.99
      vertex 23.7164 16.3036 3.99
    endloop
  endfacet
  facet normal 0 0 -1
    outer loop
      vertex 23.4964 16.4506 3.99
      vertex 25.4 17.8 3.99
      vertex 23.61 16.3825 3.99
    endloop
  endfacet
  facet normal 0 0 -1
    outer loop
      vertex 23.3766 16.5072 3.99
      vertex 25.4 17.8 3.99
      vertex 23.4964 16.4506 3.99
    endloop
  endfacet
  facet normal 0 0 -1
    outer loop
      vertex 23.2519 16.5519 3.99
      vertex 25.4 17.8 3.99
      vertex 23.3766 16.5072 3.99
    endloop
  endfacet
  facet normal 0 0 -1
    outer loop
      vertex 23.1234 16.5841 3.99
      vertex 25.4 17.8 3.99
      vertex 23.2519 16.5519 3.99
    endloop
  endfacet
  facet normal 0 0 -1
    outer loop
      vertex 22.9923 16.6035 3.99
      vertex 25.4 17.8 3.99
      vertex 23.1234 16.5841 3.99
    endloop
  endfacet
  facet normal 0 0 -1
    outer loop
      vertex 22.86 16.61 3.99
      vertex 25.4 17.8 3.99
      vertex 22.9923 16.6035 3.99
    endloop
  endfacet
  facet normal 0 0 -1
    outer loop
      vertex 22.7277 16.6035 3.99
      vertex 25.4 17.8 3.99
      vertex 22.86 16.61 3.99
    endloop
  endfacet
  facet normal 0 0 -1
    outer loop
      vertex 22.5966 16.5841 3.99
      vertex 25.4 17.8 3.99
      vertex 22.7277 16.6035 3.99
    endloop
  endfacet
  facet normal 0 0 -1
    outer loop
      vertex 22.4681 16.5519 3.99
      vertex 25.4 17.8 3.99
      vertex 22.5966 16.5841 3.99
    endloop
  endfacet
  facet normal 0 0 -1
    outer loop
      vertex 22.3434 16.5072 3.99
      vertex 25.4 17.8 3.99
      vertex 22.4681 16.5519 3.99
    endloop
  endfacet
  facet normal -0 0 -1
    outer loop
      vertex 21.7375 14.51 3.99
      vertex 13.9472 9.73335 3.99
      vertex 21.6694 14.6236 3.99
    endloop
  endfacet
  facet normal 0 0 -1
    outer loop
      vertex 13.8595 9.85159 3.99
      vertex 21.6694 14.6236 3.99
      vertex 13.9472 9.73335 3.99
    endloop
  endfacet
  facet normal -0 0 -1
    outer loop
      vertex 21.6694 14.6236 3.99
      vertex 13.8595 9.85159 3.99
      vertex 21.6128 14.7434 3.99
    endloop
  endfacet
  facet normal 0 0 -1
    outer loop
      vertex 13.7607 9.96066 3.99
      vertex 21.6128 14.7434 3.99
      vertex 13.8595 9.85159 3.99
    endloop
  endfacet
  facet normal -0 0 -1
    outer loop
      vertex 21.6128 14.7434 3.99
      vertex 13.7607 9.96066 3.99
      vertex 21.5681 14.8681 3.99
    endloop
  endfacet
  facet normal 0 0 -1
    outer loop
      vertex 13.6516 10.0595 3.99
      vertex 21.5681 14.8681 3.99
      vertex 13.7607 9.96066 3.99
    endloop
  endfacet
  facet normal -0 0 -1
    outer loop
      vertex 21.5681 14.8681 3.99
      vertex 13.6516 10.0595 3.99
      vertex 21.5359 14.9966 3.99
    endloop
  endfacet
  facet normal 0 0 -1
    outer loop
      vertex 13.5334 10.1472 3.99
      vertex 21.5359 14.9966 3.99
      vertex 13.6516 10.0595 3.99
    endloop
  endfacet
  facet normal -0 0 -1
    outer loop
      vertex 21.5359 14.9966 3.99
      vertex 13.5334 10.1472 3.99
      vertex 21.5165 15.1277 3.99
    endloop
  endfacet
  facet normal 0 0 -1
    outer loop
      vertex 13.4071 10.2229 3.99
      vertex 21.5165 15.1277 3.99
      vertex 13.5334 10.1472 3.99
    endloop
  endfacet
  facet normal -0 0 -1
    outer loop
      vertex 21.5165 15.1277 3.99
      vertex 13.4071 10.2229 3.99
      vertex 21.51 15.26 3.99
    endloop
  endfacet
  facet normal 0 0 -1
    outer loop
      vertex 13.274 10.2858 3.99
      vertex 21.51 15.26 3.99
      vertex 13.4071 10.2229 3.99
    endloop
  endfacet
  facet normal -0 0 -1
    outer loop
      vertex 21.51 15.26 3.99
      vertex 13.274 10.2858 3.99
      vertex 21.5165 15.3923 3.99
    endloop
  endfacet
  facet normal 0 0 -1
    outer loop
      vertex 13.1354 10.3354 3.99
      vertex 21.5165 15.3923 3.99
      vertex 13.274 10.2858 3.99
    endloop
  endfacet
  facet normal -0 0 -1
    outer loop
      vertex 21.5165 15.3923 3.99
      vertex 13.1354 10.3354 3.99
      vertex 21.5359 15.5234 3.99
    endloop
  endfacet
  facet normal 0 0 -1
    outer loop
      vertex 12.9926 10.3712 3.99
      vertex 21.5359 15.5234 3.99
      vertex 13.1354 10.3354 3.99
    endloop
  endfacet
  facet normal -0 0 -1
    outer loop
      vertex 21.5359 15.5234 3.99
      vertex 12.9926 10.3712 3.99
      vertex 21.5681 15.6519 3.99
    endloop
  endfacet
  facet normal 0 0 -1
    outer loop
      vertex 12.847 10.3928 3.99
      vertex 21.5681 15.6519 3.99
      vertex 12.9926 10.3712 3.99
    endloop
  endfacet
  facet normal -0 0 -1
    outer loop
      vertex 21.5681 15.6519 3.99
      vertex 12.847 10.3928 3.99
      vertex 21.6128 15.7766 3.99
    endloop
  endfacet
  facet normal 0 0 -1
    outer loop
      vertex 12.7 10.4 3.99
      vertex 21.6128 15.7766 3.99
      vertex 12.847 10.3928 3.99
    endloop
  endfacet
  facet normal -0 0 -1
    outer loop
      vertex 21.6128 15.7766 3.99
      vertex 12.7 10.4 3.99
      vertex 21.6694 15.8964 3.99
    endloop
  endfacet
  facet normal 0 0 -1
    outer loop
      vertex 3.73059 15.8964 3.99
      vertex 21.6694 15.8964 3.99
      vertex 12.7 10.4 3.99
    endloop
  endfacet
  facet normal 0 0 -1
    outer loop
      vertex 21.6694 15.8964 3.99
      vertex 3.73059 15.8964 3.99
      vertex 21.7375 16.01 3.99
    endloop
  endfacet
  facet normal 0 0 -1
    outer loop
      vertex 3.66248 16.01 3.99
      vertex 21.7375 16.01 3.99
      vertex 3.73059 15.8964 3.99
    endloop
  endfacet
  facet normal 0 0 -1
    outer loop
      vertex 21.7375 16.01 3.99
      vertex 3.66248 16.01 3.99
      vertex 21.8164 16.1164 3.99
    endloop
  endfacet
  facet normal 0 0 -1
    outer loop
      vertex 3.58356 16.1164 3.99
      vertex 21.8164 16.1164 3.99
      vertex 3.66248 16.01 3.99
    endloop
  endfacet
  facet normal 0 0 -1
    outer loop
      vertex 3.78724 15.7766 3.99
      vertex 12.7 10.4 3.99
      vertex 12.553 10.3928 3.99
    endloop
  endfacet
  facet normal 0 0 -1
    outer loop
      vertex 3.83187 15.6519 3.99
      vertex 12.553 10.3928 3.99
      vertex 12.4074 10.3712 3.99
    endloop
  endfacet
  facet normal 0 0 -1
    outer loop
      vertex 3.86406 15.5234 3.99
      vertex 12.4074 10.3712 3.99
      vertex 12.2646 10.3354 3.99
    endloop
  endfacet
  facet normal 0 0 -1
    outer loop
      vertex 3.8835 15.3923 3.99
      vertex 12.2646 10.3354 3.99
      vertex 12.126 10.2858 3.99
    endloop
  endfacet
  facet normal 0 0 -1
    outer loop
      vertex 3.89 15.26 3.99
      vertex 12.126 10.2858 3.99
      vertex 11.9929 10.2229 3.99
    endloop
  endfacet
  facet normal 0 0 -1
    outer loop
      vertex 3.89 15.26 3.99
      vertex 11.9929 10.2229 3.99
      vertex 11.8666 10.1472 3.99
    endloop
  endfacet
  facet normal -0 0 -1
    outer loop
      vertex 11.4528 8.06664 3.99
      vertex 3.66248 3.29002 3.99
      vertex 11.3771 8.1929 3.99
    endloop
  endfacet
  facet normal 0 0 -1
    outer loop
      vertex 11.2 8.9 3.99
      vertex 3.89 15.26 3.99
      vertex 11.2072 9.04703 3.99
    endloop
  endfacet
  facet normal 0 0 -1
    outer loop
      vertex 11.2072 9.04703 3.99
      vertex 3.89 15.26 3.99
      vertex 11.2288 9.19263 3.99
    endloop
  endfacet
  facet normal 0 0 -1
    outer loop
      vertex 11.2288 9.19263 3.99
      vertex 3.89 15.26 3.99
      vertex 11.2646 9.33543 3.99
    endloop
  endfacet
  facet normal 0 0 -1
    outer loop
      vertex 11.2646 9.33543 3.99
      vertex 3.89 15.26 3.99
      vertex 11.3142 9.47402 3.99
    endloop
  endfacet
  facet normal 0 0 -1
    outer loop
      vertex 11.3142 9.47402 3.99
      vertex 3.89 15.26 3.99
      vertex 11.3771 9.60709 3.99
    endloop
  endfacet
  facet normal 0 0 -1
    outer loop
      vertex 11.3771 9.60709 3.99
      vertex 3.89 15.26 3.99
      vertex 11.4528 9.73335 3.99
    endloop
  endfacet
  facet normal 0 0 -1
    outer loop
      vertex 11.4528 9.73335 3.99
      vertex 3.89 15.26 3.99
      vertex 11.5405 9.85159 3.99
    endloop
  endfacet
  facet normal 0 0 -1
    outer loop
      vertex 11.5405 9.85159 3.99
      vertex 3.89 15.26 3.99
      vertex 11.6393 9.96066 3.99
    endloop
  endfacet
  facet normal 0 0 -1
    outer loop
      vertex 3.89 15.26 3.99
      vertex 11.7484 10.0595 3.99
      vertex 11.6393 9.96066 3.99
    endloop
  endfacet
  facet normal 0 0 -1
    outer loop
      vertex 3.89 15.26 3.99
      vertex 11.8666 10.1472 3.99
      vertex 11.7484 10.0595 3.99
    endloop
  endfacet
  facet normal 0 0 -1
    outer loop
      vertex 12.126 10.2858 3.99
      vertex 3.89 15.26 3.99
      vertex 3.8835 15.3923 3.99
    endloop
  endfacet
  facet normal 0 0 -1
    outer loop
      vertex 12.2646 10.3354 3.99
      vertex 3.8835 15.3923 3.99
      vertex 3.86406 15.5234 3.99
    endloop
  endfacet
  facet normal 0 0 -1
    outer loop
      vertex 12.4074 10.3712 3.99
      vertex 3.86406 15.5234 3.99
      vertex 3.83187 15.6519 3.99
    endloop
  endfacet
  facet normal 0 0 -1
    outer loop
      vertex 12.553 10.3928 3.99
      vertex 3.83187 15.6519 3.99
      vertex 3.78724 15.7766 3.99
    endloop
  endfacet
  facet normal 0 0 -1
    outer loop
      vertex 12.7 10.4 3.99
      vertex 3.78724 15.7766 3.99
      vertex 3.73059 15.8964 3.99
    endloop
  endfacet
  facet normal 0 0 -1
    outer loop
      vertex 21.8164 16.1164 3.99
      vertex 3.58356 16.1164 3.99
      vertex 21.9054 16.2146 3.99
    endloop
  endfacet
  facet normal 0 0 -1
    outer loop
      vertex 3.49459 16.2146 3.99
      vertex 21.9054 16.2146 3.99
      vertex 3.58356 16.1164 3.99
    endloop
  endfacet
  facet normal 0 0 -1
    outer loop
      vertex 21.9054 16.2146 3.99
      vertex 3.49459 16.2146 3.99
      vertex 22.0036 16.3036 3.99
    endloop
  endfacet
  facet normal 0 0 -1
    outer loop
      vertex 3.39643 16.3036 3.99
      vertex 22.0036 16.3036 3.99
      vertex 3.49459 16.2146 3.99
    endloop
  endfacet
  facet normal 0 0 -1
    outer loop
      vertex 22.0036 16.3036 3.99
      vertex 3.39643 16.3036 3.99
      vertex 22.11 16.3825 3.99
    endloop
  endfacet
  facet normal 0 0 -1
    outer loop
      vertex 3.29002 16.3825 3.99
      vertex 22.11 16.3825 3.99
      vertex 3.39643 16.3036 3.99
    endloop
  endfacet
  facet normal 0 0 -1
    outer loop
      vertex 22.11 16.3825 3.99
      vertex 3.29002 16.3825 3.99
      vertex 22.2236 16.4506 3.99
    endloop
  endfacet
  facet normal 0 0 -1
    outer loop
      vertex 3.17638 16.4506 3.99
      vertex 22.2236 16.4506 3.99
      vertex 3.29002 16.3825 3.99
    endloop
  endfacet
  facet normal 0 0 -1
    outer loop
      vertex 22.2236 16.4506 3.99
      vertex 3.17638 16.4506 3.99
      vertex 22.3434 16.5072 3.99
    endloop
  endfacet
  facet normal 0 0 -1
    outer loop
      vertex 3.05662 16.5072 3.99
      vertex 22.3434 16.5072 3.99
      vertex 3.17638 16.4506 3.99
    endloop
  endfacet
  facet normal 0 0 -1
    outer loop
      vertex 22.3434 16.5072 3.99
      vertex 3.05662 16.5072 3.99
      vertex 25.4 17.8 3.99
    endloop
  endfacet
  facet normal 0 0 -1
    outer loop
      vertex 2.93188 16.5519 3.99
      vertex 25.4 17.8 3.99
      vertex 3.05662 16.5072 3.99
    endloop
  endfacet
  facet normal 0 0 -1
    outer loop
      vertex 0 17.8 3.99
      vertex 2.93188 16.5519 3.99
      vertex 2.80337 16.5841 3.99
    endloop
  endfacet
  facet normal 0 0 -1
    outer loop
      vertex 0 17.8 3.99
      vertex 2.80337 16.5841 3.99
      vertex 2.67232 16.6035 3.99
    endloop
  endfacet
  facet normal 0 0 -1
    outer loop
      vertex 0 17.8 3.99
      vertex 2.67232 16.6035 3.99
      vertex 2.54 16.61 3.99
    endloop
  endfacet
  facet normal 0 0 -1
    outer loop
      vertex 0 17.8 3.99
      vertex 2.54 16.61 3.99
      vertex 2.40768 16.6035 3.99
    endloop
  endfacet
  facet normal 0 0 -1
    outer loop
      vertex 1.1965 15.1277 3.99
      vertex 0 17.8 3.99
      vertex 1.19 15.26 3.99
    endloop
  endfacet
  facet normal 0 0 -1
    outer loop
      vertex 2.93188 16.5519 3.99
      vertex 0 17.8 3.99
      vertex 25.4 17.8 3.99
    endloop
  endfacet
  facet normal 0 0 -1
    outer loop
      vertex 2.27663 16.5841 3.99
      vertex 0 17.8 3.99
      vertex 2.40768 16.6035 3.99
    endloop
  endfacet
  facet normal 0 0 -1
    outer loop
      vertex 2.14812 16.5519 3.99
      vertex 0 17.8 3.99
      vertex 2.27663 16.5841 3.99
    endloop
  endfacet
  facet normal 0 0 -1
    outer loop
      vertex 2.02338 16.5072 3.99
      vertex 0 17.8 3.99
      vertex 2.14812 16.5519 3.99
    endloop
  endfacet
  facet normal 0 0 -1
    outer loop
      vertex 1.90361 16.4506 3.99
      vertex 0 17.8 3.99
      vertex 2.02338 16.5072 3.99
    endloop
  endfacet
  facet normal 0 0 -1
    outer loop
      vertex 1.78998 16.3825 3.99
      vertex 0 17.8 3.99
      vertex 1.90361 16.4506 3.99
    endloop
  endfacet
  facet normal 0 0 -1
    outer loop
      vertex 1.68357 16.3036 3.99
      vertex 0 17.8 3.99
      vertex 1.78998 16.3825 3.99
    endloop
  endfacet
  facet normal 0 0 -1
    outer loop
      vertex 1.58541 16.2146 3.99
      vertex 0 17.8 3.99
      vertex 1.68357 16.3036 3.99
    endloop
  endfacet
  facet normal 0 0 -1
    outer loop
      vertex 1.49644 16.1164 3.99
      vertex 0 17.8 3.99
      vertex 1.58541 16.2146 3.99
    endloop
  endfacet
  facet normal 0 0 -1
    outer loop
      vertex 1.41752 16.01 3.99
      vertex 0 17.8 3.99
      vertex 1.49644 16.1164 3.99
    endloop
  endfacet
  facet normal 0 0 -1
    outer loop
      vertex 1.34941 15.8964 3.99
      vertex 0 17.8 3.99
      vertex 1.41752 16.01 3.99
    endloop
  endfacet
  facet normal 0 0 -1
    outer loop
      vertex 1.29276 15.7766 3.99
      vertex 0 17.8 3.99
      vertex 1.34941 15.8964 3.99
    endloop
  endfacet
  facet normal 0 0 -1
    outer loop
      vertex 1.24813 15.6519 3.99
      vertex 0 17.8 3.99
      vertex 1.29276 15.7766 3.99
    endloop
  endfacet
  facet normal 0 0 -1
    outer loop
      vertex 1.21594 15.5234 3.99
      vertex 0 17.8 3.99
      vertex 1.24813 15.6519 3.99
    endloop
  endfacet
  facet normal 0 0 -1
    outer loop
      vertex 1.1965 15.3923 3.99
      vertex 0 17.8 3.99
      vertex 1.21594 15.5234 3.99
    endloop
  endfacet
  facet normal 0 0 -1
    outer loop
      vertex 1.19 15.26 3.99
      vertex 0 17.8 3.99
      vertex 1.1965 15.3923 3.99
    endloop
  endfacet
  facet normal 1 -0 0
    outer loop
      vertex 0 0 3.99
      vertex 0 17.8 0
      vertex 0 17.8 3.99
    endloop
  endfacet
  facet normal 1 0 0
    outer loop
      vertex 0 17.8 0
      vertex 0 0 3.99
      vertex 0 0 0
    endloop
  endfacet
  facet normal 0 -1 0
    outer loop
      vertex 0 17.8 0
      vertex 25.4 17.8 3.99
      vertex 0 17.8 3.99
    endloop
  endfacet
  facet normal 0 -1 -0
    outer loop
      vertex 25.4 17.8 3.99
      vertex 0 17.8 0
      vertex 25.4 17.8 0
    endloop
  endfacet
  facet normal 0 1 -0
    outer loop
      vertex 25.4 0 0
      vertex 0 0 3.99
      vertex 25.4 0 3.99
    endloop
  endfacet
  facet normal 0 1 0
    outer loop
      vertex 0 0 3.99
      vertex 25.4 0 0
      vertex 0 0 0
    endloop
  endfacet
  facet normal -0.989273 -0.146081 0
    outer loop
      vertex 13.2971 8.95881 5.49
      vertex 13.2885 9.01705 9
      vertex 13.2885 9.01705 5.49
    endloop
  endfacet
  facet normal -0.989273 -0.146081 0
    outer loop
      vertex 13.2885 9.01705 9
      vertex 13.2971 8.95881 5.49
      vertex 13.2971 8.95881 9
    endloop
  endfacet
  facet normal -0.998786 -0.0492515 0
    outer loop
      vertex 13.3 8.9 5.49
      vertex 13.2971 8.95881 9
      vertex 13.2971 8.95881 5.49
    endloop
  endfacet
  facet normal -0.998786 -0.0492515 0
    outer loop
      vertex 13.2971 8.95881 9
      vertex 13.3 8.9 5.49
      vertex 13.3 8.9 9
    endloop
  endfacet
  facet normal -0.970063 -0.242855 0
    outer loop
      vertex 13.2885 9.01705 5.49
      vertex 13.2742 9.07417 9
      vertex 13.2742 9.07417 5.49
    endloop
  endfacet
  facet normal -0.970063 -0.242855 0
    outer loop
      vertex 13.2742 9.07417 9
      vertex 13.2885 9.01705 5.49
      vertex 13.2885 9.01705 9
    endloop
  endfacet
  facet normal -0.427809 0.903869 0
    outer loop
      vertex 12.9828 8.37085 5.49
      vertex 12.9296 8.34567 9
      vertex 12.9828 8.37085 9
    endloop
  endfacet
  facet normal -0.427809 0.903869 0
    outer loop
      vertex 12.9296 8.34567 9
      vertex 12.9828 8.37085 5.49
      vertex 12.9296 8.34567 5.49
    endloop
  endfacet
  facet normal 0.427809 -0.903869 0
    outer loop
      vertex 12.4172 9.42915 5.49
      vertex 12.4704 9.45433 9
      vertex 12.4172 9.42915 9
    endloop
  endfacet
  facet normal 0.427809 -0.903869 0
    outer loop
      vertex 12.4704 9.45433 9
      vertex 12.4172 9.42915 5.49
      vertex 12.4704 9.45433 5.49
    endloop
  endfacet
  facet normal -0.514121 0.857718 0
    outer loop
      vertex 13.0333 8.40112 5.49
      vertex 12.9828 8.37085 9
      vertex 13.0333 8.40112 9
    endloop
  endfacet
  facet normal -0.514121 0.857718 0
    outer loop
      vertex 12.9828 8.37085 9
      vertex 13.0333 8.40112 5.49
      vertex 12.9828 8.37085 5.49
    endloop
  endfacet
  facet normal -0.243095 0.970002 0
    outer loop
      vertex 12.8742 8.32584 5.49
      vertex 12.8171 8.31153 9
      vertex 12.8742 8.32584 9
    endloop
  endfacet
  facet normal -0.243095 0.970002 0
    outer loop
      vertex 12.8171 8.31153 9
      vertex 12.8742 8.32584 5.49
      vertex 12.8171 8.31153 5.49
    endloop
  endfacet
  facet normal -0.146598 0.989196 0
    outer loop
      vertex 12.8171 8.31153 5.49
      vertex 12.7588 8.30289 9
      vertex 12.8171 8.31153 9
    endloop
  endfacet
  facet normal -0.146598 0.989196 0
    outer loop
      vertex 12.7588 8.30289 9
      vertex 12.8171 8.31153 5.49
      vertex 12.7588 8.30289 5.49
    endloop
  endfacet
  facet normal -0.741246 -0.671234 0
    outer loop
      vertex 13.1638 9.28064 5.49
      vertex 13.1243 9.32426 9
      vertex 13.1243 9.32426 5.49
    endloop
  endfacet
  facet normal -0.741246 -0.671234 0
    outer loop
      vertex 13.1243 9.32426 9
      vertex 13.1638 9.28064 5.49
      vertex 13.1638 9.28064 9
    endloop
  endfacet
  facet normal -0.427809 -0.903869 0
    outer loop
      vertex 12.9296 9.45433 5.49
      vertex 12.9828 9.42915 9
      vertex 12.9296 9.45433 9
    endloop
  endfacet
  facet normal -0.427809 -0.903869 -0
    outer loop
      vertex 12.9828 9.42915 9
      vertex 12.9296 9.45433 5.49
      vertex 12.9828 9.42915 5.49
    endloop
  endfacet
  facet normal 0.904487 0.426501 0
    outer loop
      vertex 12.1708 8.61716 9
      vertex 12.1457 8.67039 5.49
      vertex 12.1457 8.67039 9
    endloop
  endfacet
  facet normal 0.904487 0.426501 0
    outer loop
      vertex 12.1457 8.67039 5.49
      vertex 12.1708 8.61716 9
      vertex 12.1708 8.61716 5.49
    endloop
  endfacet
  facet normal 0.970063 0.242855 0
    outer loop
      vertex 12.1258 8.72583 9
      vertex 12.1115 8.78295 5.49
      vertex 12.1115 8.78295 9
    endloop
  endfacet
  facet normal 0.970063 0.242855 0
    outer loop
      vertex 12.1115 8.78295 5.49
      vertex 12.1258 8.72583 9
      vertex 12.1258 8.72583 5.49
    endloop
  endfacet
  facet normal -0.803046 0.595918 0
    outer loop
      vertex 13.1638 8.51936 5.49
      vertex 13.1989 8.56666 9
      vertex 13.1989 8.56666 5.49
    endloop
  endfacet
  facet normal -0.803046 0.595918 0
    outer loop
      vertex 13.1989 8.56666 9
      vertex 13.1638 8.51936 5.49
      vertex 13.1638 8.51936 9
    endloop
  endfacet
  facet normal -0.671024 -0.741435 0
    outer loop
      vertex 13.0806 9.36381 5.49
      vertex 13.1243 9.32426 9
      vertex 13.0806 9.36381 9
    endloop
  endfacet
  facet normal -0.671024 -0.741435 -0
    outer loop
      vertex 13.1243 9.32426 9
      vertex 13.0806 9.36381 5.49
      vertex 13.1243 9.32426 5.49
    endloop
  endfacet
  facet normal 0.595589 0.803289 -0
    outer loop
      vertex 12.3667 8.40112 5.49
      vertex 12.3194 8.43619 9
      vertex 12.3667 8.40112 9
    endloop
  endfacet
  facet normal 0.595589 0.803289 0
    outer loop
      vertex 12.3194 8.43619 9
      vertex 12.3667 8.40112 5.49
      vertex 12.3194 8.43619 5.49
    endloop
  endfacet
  facet normal 0.671024 -0.741435 0
    outer loop
      vertex 12.2757 9.32426 5.49
      vertex 12.3194 9.36381 9
      vertex 12.2757 9.32426 9
    endloop
  endfacet
  facet normal 0.671024 -0.741435 0
    outer loop
      vertex 12.3194 9.36381 9
      vertex 12.2757 9.32426 5.49
      vertex 12.3194 9.36381 5.49
    endloop
  endfacet
  facet normal -0.857493 -0.514496 0
    outer loop
      vertex 13.2292 9.18284 5.49
      vertex 13.1989 9.23334 9
      vertex 13.1989 9.23334 5.49
    endloop
  endfacet
  facet normal -0.857493 -0.514496 0
    outer loop
      vertex 13.1989 9.23334 9
      vertex 13.2292 9.18284 5.49
      vertex 13.2292 9.18284 9
    endloop
  endfacet
  facet normal -0.989273 0.146081 0
    outer loop
      vertex 13.2885 8.78295 5.49
      vertex 13.2971 8.84119 9
      vertex 13.2971 8.84119 5.49
    endloop
  endfacet
  facet normal -0.989273 0.146081 0
    outer loop
      vertex 13.2971 8.84119 9
      vertex 13.2885 8.78295 5.49
      vertex 13.2885 8.78295 9
    endloop
  endfacet
  facet normal 0.146598 0.989196 -0
    outer loop
      vertex 12.6412 8.30289 5.49
      vertex 12.5829 8.31153 9
      vertex 12.6412 8.30289 9
    endloop
  endfacet
  facet normal 0.146598 0.989196 0
    outer loop
      vertex 12.5829 8.31153 9
      vertex 12.6412 8.30289 5.49
      vertex 12.5829 8.31153 5.49
    endloop
  endfacet
  facet normal 0.857493 -0.514496 0
    outer loop
      vertex 12.1708 9.18284 9
      vertex 12.2011 9.23334 5.49
      vertex 12.2011 9.23334 9
    endloop
  endfacet
  facet normal 0.857493 -0.514496 0
    outer loop
      vertex 12.2011 9.23334 5.49
      vertex 12.1708 9.18284 9
      vertex 12.1708 9.18284 5.49
    endloop
  endfacet
  facet normal 0.595589 -0.803289 0
    outer loop
      vertex 12.3194 9.36381 5.49
      vertex 12.3667 9.39888 9
      vertex 12.3194 9.36381 9
    endloop
  endfacet
  facet normal 0.595589 -0.803289 0
    outer loop
      vertex 12.3667 9.39888 9
      vertex 12.3194 9.36381 5.49
      vertex 12.3667 9.39888 5.49
    endloop
  endfacet
  facet normal 0.243095 0.970002 -0
    outer loop
      vertex 12.5829 8.31153 5.49
      vertex 12.5258 8.32584 9
      vertex 12.5829 8.31153 9
    endloop
  endfacet
  facet normal 0.243095 0.970002 0
    outer loop
      vertex 12.5258 8.32584 9
      vertex 12.5829 8.31153 5.49
      vertex 12.5258 8.32584 5.49
    endloop
  endfacet
  facet normal 0.427809 0.903869 -0
    outer loop
      vertex 12.4704 8.34567 5.49
      vertex 12.4172 8.37085 9
      vertex 12.4704 8.34567 9
    endloop
  endfacet
  facet normal 0.427809 0.903869 0
    outer loop
      vertex 12.4172 8.37085 9
      vertex 12.4704 8.34567 5.49
      vertex 12.4172 8.37085 5.49
    endloop
  endfacet
  facet normal 0.970063 -0.242855 0
    outer loop
      vertex 12.1115 9.01705 9
      vertex 12.1258 9.07417 5.49
      vertex 12.1258 9.07417 9
    endloop
  endfacet
  facet normal 0.970063 -0.242855 0
    outer loop
      vertex 12.1258 9.07417 5.49
      vertex 12.1115 9.01705 9
      vertex 12.1115 9.01705 5.49
    endloop
  endfacet
  facet normal -0.970063 0.242855 0
    outer loop
      vertex 13.2742 8.72583 5.49
      vertex 13.2885 8.78295 9
      vertex 13.2885 8.78295 5.49
    endloop
  endfacet
  facet normal -0.970063 0.242855 0
    outer loop
      vertex 13.2885 8.78295 9
      vertex 13.2742 8.72583 5.49
      vertex 13.2742 8.72583 9
    endloop
  endfacet
  facet normal 0.989273 -0.146081 0
    outer loop
      vertex 12.1029 8.95881 9
      vertex 12.1115 9.01705 5.49
      vertex 12.1115 9.01705 9
    endloop
  endfacet
  facet normal 0.989273 -0.146081 0
    outer loop
      vertex 12.1115 9.01705 5.49
      vertex 12.1029 8.95881 9
      vertex 12.1029 8.95881 5.49
    endloop
  endfacet
  facet normal 0.337004 0.941503 -0
    outer loop
      vertex 12.5258 8.32584 5.49
      vertex 12.4704 8.34567 9
      vertex 12.5258 8.32584 9
    endloop
  endfacet
  facet normal 0.337004 0.941503 0
    outer loop
      vertex 12.4704 8.34567 9
      vertex 12.5258 8.32584 5.49
      vertex 12.4704 8.34567 5.49
    endloop
  endfacet
  facet normal -0.337004 -0.941503 0
    outer loop
      vertex 12.8742 9.47416 5.49
      vertex 12.9296 9.45433 9
      vertex 12.8742 9.47416 9
    endloop
  endfacet
  facet normal -0.337004 -0.941503 -0
    outer loop
      vertex 12.9296 9.45433 9
      vertex 12.8742 9.47416 5.49
      vertex 12.9296 9.45433 5.49
    endloop
  endfacet
  facet normal -0.243095 -0.970002 0
    outer loop
      vertex 12.8171 9.48847 5.49
      vertex 12.8742 9.47416 9
      vertex 12.8171 9.48847 9
    endloop
  endfacet
  facet normal -0.243095 -0.970002 -0
    outer loop
      vertex 12.8742 9.47416 9
      vertex 12.8171 9.48847 5.49
      vertex 12.8742 9.47416 5.49
    endloop
  endfacet
  facet normal 0.941203 0.337842 0
    outer loop
      vertex 12.1457 8.67039 9
      vertex 12.1258 8.72583 5.49
      vertex 12.1258 8.72583 9
    endloop
  endfacet
  facet normal 0.941203 0.337842 0
    outer loop
      vertex 12.1258 8.72583 5.49
      vertex 12.1457 8.67039 9
      vertex 12.1457 8.67039 5.49
    endloop
  endfacet
  facet normal 0.998786 0.0492515 0
    outer loop
      vertex 12.1029 8.84119 9
      vertex 12.1 8.9 5.49
      vertex 12.1 8.9 9
    endloop
  endfacet
  facet normal 0.998786 0.0492515 0
    outer loop
      vertex 12.1 8.9 5.49
      vertex 12.1029 8.84119 9
      vertex 12.1029 8.84119 5.49
    endloop
  endfacet
  facet normal -0.514121 -0.857718 0
    outer loop
      vertex 12.9828 9.42915 5.49
      vertex 13.0333 9.39888 9
      vertex 12.9828 9.42915 9
    endloop
  endfacet
  facet normal -0.514121 -0.857718 -0
    outer loop
      vertex 13.0333 9.39888 9
      vertex 12.9828 9.42915 5.49
      vertex 13.0333 9.39888 5.49
    endloop
  endfacet
  facet normal -0.998786 0.0492515 0
    outer loop
      vertex 13.2971 8.84119 5.49
      vertex 13.3 8.9 9
      vertex 13.3 8.9 5.49
    endloop
  endfacet
  facet normal -0.998786 0.0492515 0
    outer loop
      vertex 13.3 8.9 9
      vertex 13.2971 8.84119 5.49
      vertex 13.2971 8.84119 9
    endloop
  endfacet
  facet normal -0.904487 0.426501 0
    outer loop
      vertex 13.2292 8.61716 5.49
      vertex 13.2543 8.67039 9
      vertex 13.2543 8.67039 5.49
    endloop
  endfacet
  facet normal -0.904487 0.426501 0
    outer loop
      vertex 13.2543 8.67039 9
      vertex 13.2292 8.61716 5.49
      vertex 13.2292 8.61716 9
    endloop
  endfacet
  facet normal 0.0490904 -0.998794 0
    outer loop
      vertex 12.6412 9.49711 5.49
      vertex 12.7 9.5 9
      vertex 12.6412 9.49711 9
    endloop
  endfacet
  facet normal 0.0490904 -0.998794 0
    outer loop
      vertex 12.7 9.5 9
      vertex 12.6412 9.49711 5.49
      vertex 12.7 9.5 5.49
    endloop
  endfacet
  facet normal -0.146598 -0.989196 0
    outer loop
      vertex 12.7588 9.49711 5.49
      vertex 12.8171 9.48847 9
      vertex 12.7588 9.49711 9
    endloop
  endfacet
  facet normal -0.146598 -0.989196 -0
    outer loop
      vertex 12.8171 9.48847 9
      vertex 12.7588 9.49711 5.49
      vertex 12.8171 9.48847 5.49
    endloop
  endfacet
  facet normal 0.741246 -0.671234 0
    outer loop
      vertex 12.2362 9.28064 9
      vertex 12.2757 9.32426 5.49
      vertex 12.2757 9.32426 9
    endloop
  endfacet
  facet normal 0.741246 -0.671234 0
    outer loop
      vertex 12.2757 9.32426 5.49
      vertex 12.2362 9.28064 9
      vertex 12.2362 9.28064 5.49
    endloop
  endfacet
  facet normal -0.803046 -0.595918 0
    outer loop
      vertex 13.1989 9.23334 5.49
      vertex 13.1638 9.28064 9
      vertex 13.1638 9.28064 5.49
    endloop
  endfacet
  facet normal -0.803046 -0.595918 0
    outer loop
      vertex 13.1638 9.28064 9
      vertex 13.1989 9.23334 5.49
      vertex 13.1989 9.23334 9
    endloop
  endfacet
  facet normal -0.595589 -0.803289 0
    outer loop
      vertex 13.0333 9.39888 5.49
      vertex 13.0806 9.36381 9
      vertex 13.0333 9.39888 9
    endloop
  endfacet
  facet normal -0.595589 -0.803289 -0
    outer loop
      vertex 13.0806 9.36381 9
      vertex 13.0333 9.39888 5.49
      vertex 13.0806 9.36381 5.49
    endloop
  endfacet
  facet normal -0.0490904 0.998794 0
    outer loop
      vertex 12.7588 8.30289 5.49
      vertex 12.7 8.3 9
      vertex 12.7588 8.30289 9
    endloop
  endfacet
  facet normal -0.0490904 0.998794 0
    outer loop
      vertex 12.7 8.3 9
      vertex 12.7588 8.30289 5.49
      vertex 12.7 8.3 5.49
    endloop
  endfacet
  facet normal -0.941203 -0.337842 0
    outer loop
      vertex 13.2742 9.07417 5.49
      vertex 13.2543 9.12961 9
      vertex 13.2543 9.12961 5.49
    endloop
  endfacet
  facet normal -0.941203 -0.337842 0
    outer loop
      vertex 13.2543 9.12961 9
      vertex 13.2742 9.07417 5.49
      vertex 13.2742 9.07417 9
    endloop
  endfacet
  facet normal -0.857493 0.514496 0
    outer loop
      vertex 13.1989 8.56666 5.49
      vertex 13.2292 8.61716 9
      vertex 13.2292 8.61716 5.49
    endloop
  endfacet
  facet normal -0.857493 0.514496 0
    outer loop
      vertex 13.2292 8.61716 9
      vertex 13.1989 8.56666 5.49
      vertex 13.1989 8.56666 9
    endloop
  endfacet
  facet normal 0.514121 -0.857718 0
    outer loop
      vertex 12.3667 9.39888 5.49
      vertex 12.4172 9.42915 9
      vertex 12.3667 9.39888 9
    endloop
  endfacet
  facet normal 0.514121 -0.857718 0
    outer loop
      vertex 12.4172 9.42915 9
      vertex 12.3667 9.39888 5.49
      vertex 12.4172 9.42915 5.49
    endloop
  endfacet
  facet normal -0.941203 0.337842 0
    outer loop
      vertex 13.2543 8.67039 5.49
      vertex 13.2742 8.72583 9
      vertex 13.2742 8.72583 5.49
    endloop
  endfacet
  facet normal -0.941203 0.337842 0
    outer loop
      vertex 13.2742 8.72583 9
      vertex 13.2543 8.67039 5.49
      vertex 13.2543 8.67039 9
    endloop
  endfacet
  facet normal 0.243095 -0.970002 0
    outer loop
      vertex 12.5258 9.47416 5.49
      vertex 12.5829 9.48847 9
      vertex 12.5258 9.47416 9
    endloop
  endfacet
  facet normal 0.243095 -0.970002 0
    outer loop
      vertex 12.5829 9.48847 9
      vertex 12.5258 9.47416 5.49
      vertex 12.5829 9.48847 5.49
    endloop
  endfacet
  facet normal 0.941203 -0.337842 0
    outer loop
      vertex 12.1258 9.07417 9
      vertex 12.1457 9.12961 5.49
      vertex 12.1457 9.12961 9
    endloop
  endfacet
  facet normal 0.941203 -0.337842 0
    outer loop
      vertex 12.1457 9.12961 5.49
      vertex 12.1258 9.07417 9
      vertex 12.1258 9.07417 5.49
    endloop
  endfacet
  facet normal -0.904487 -0.426501 0
    outer loop
      vertex 13.2543 9.12961 5.49
      vertex 13.2292 9.18284 9
      vertex 13.2292 9.18284 5.49
    endloop
  endfacet
  facet normal -0.904487 -0.426501 0
    outer loop
      vertex 13.2292 9.18284 9
      vertex 13.2543 9.12961 5.49
      vertex 13.2543 9.12961 9
    endloop
  endfacet
  facet normal 0.146598 -0.989196 0
    outer loop
      vertex 12.5829 9.48847 5.49
      vertex 12.6412 9.49711 9
      vertex 12.5829 9.48847 9
    endloop
  endfacet
  facet normal 0.146598 -0.989196 0
    outer loop
      vertex 12.6412 9.49711 9
      vertex 12.5829 9.48847 5.49
      vertex 12.6412 9.49711 5.49
    endloop
  endfacet
  facet normal 0.741246 0.671234 0
    outer loop
      vertex 12.2757 8.47574 9
      vertex 12.2362 8.51936 5.49
      vertex 12.2362 8.51936 9
    endloop
  endfacet
  facet normal 0.741246 0.671234 0
    outer loop
      vertex 12.2362 8.51936 5.49
      vertex 12.2757 8.47574 9
      vertex 12.2757 8.47574 5.49
    endloop
  endfacet
  facet normal 0.857493 0.514496 0
    outer loop
      vertex 12.2011 8.56666 9
      vertex 12.1708 8.61716 5.49
      vertex 12.1708 8.61716 9
    endloop
  endfacet
  facet normal 0.857493 0.514496 0
    outer loop
      vertex 12.1708 8.61716 5.49
      vertex 12.2011 8.56666 9
      vertex 12.2011 8.56666 5.49
    endloop
  endfacet
  facet normal 0.337004 -0.941503 0
    outer loop
      vertex 12.4704 9.45433 5.49
      vertex 12.5258 9.47416 9
      vertex 12.4704 9.45433 9
    endloop
  endfacet
  facet normal 0.337004 -0.941503 0
    outer loop
      vertex 12.5258 9.47416 9
      vertex 12.4704 9.45433 5.49
      vertex 12.5258 9.47416 5.49
    endloop
  endfacet
  facet normal 0.514121 0.857718 -0
    outer loop
      vertex 12.4172 8.37085 5.49
      vertex 12.3667 8.40112 9
      vertex 12.4172 8.37085 9
    endloop
  endfacet
  facet normal 0.514121 0.857718 0
    outer loop
      vertex 12.3667 8.40112 9
      vertex 12.4172 8.37085 5.49
      vertex 12.3667 8.40112 5.49
    endloop
  endfacet
  facet normal 0.904487 -0.426501 0
    outer loop
      vertex 12.1457 9.12961 9
      vertex 12.1708 9.18284 5.49
      vertex 12.1708 9.18284 9
    endloop
  endfacet
  facet normal 0.904487 -0.426501 0
    outer loop
      vertex 12.1708 9.18284 5.49
      vertex 12.1457 9.12961 9
      vertex 12.1457 9.12961 5.49
    endloop
  endfacet
  facet normal -0.337004 0.941503 0
    outer loop
      vertex 12.9296 8.34567 5.49
      vertex 12.8742 8.32584 9
      vertex 12.9296 8.34567 9
    endloop
  endfacet
  facet normal -0.337004 0.941503 0
    outer loop
      vertex 12.8742 8.32584 9
      vertex 12.9296 8.34567 5.49
      vertex 12.8742 8.32584 5.49
    endloop
  endfacet
  facet normal 0.803046 0.595918 0
    outer loop
      vertex 12.2362 8.51936 9
      vertex 12.2011 8.56666 5.49
      vertex 12.2011 8.56666 9
    endloop
  endfacet
  facet normal 0.803046 0.595918 0
    outer loop
      vertex 12.2011 8.56666 5.49
      vertex 12.2362 8.51936 9
      vertex 12.2362 8.51936 5.49
    endloop
  endfacet
  facet normal 0.989273 0.146081 0
    outer loop
      vertex 12.1115 8.78295 9
      vertex 12.1029 8.84119 5.49
      vertex 12.1029 8.84119 9
    endloop
  endfacet
  facet normal 0.989273 0.146081 0
    outer loop
      vertex 12.1029 8.84119 5.49
      vertex 12.1115 8.78295 9
      vertex 12.1115 8.78295 5.49
    endloop
  endfacet
  facet normal -0.595589 0.803289 0
    outer loop
      vertex 13.0806 8.43619 5.49
      vertex 13.0333 8.40112 9
      vertex 13.0806 8.43619 9
    endloop
  endfacet
  facet normal -0.595589 0.803289 0
    outer loop
      vertex 13.0333 8.40112 9
      vertex 13.0806 8.43619 5.49
      vertex 13.0333 8.40112 5.49
    endloop
  endfacet
  facet normal -0.0490904 -0.998794 0
    outer loop
      vertex 12.7 9.5 5.49
      vertex 12.7588 9.49711 9
      vertex 12.7 9.5 9
    endloop
  endfacet
  facet normal -0.0490904 -0.998794 -0
    outer loop
      vertex 12.7588 9.49711 9
      vertex 12.7 9.5 5.49
      vertex 12.7588 9.49711 5.49
    endloop
  endfacet
  facet normal 0.671024 0.741435 -0
    outer loop
      vertex 12.3194 8.43619 5.49
      vertex 12.2757 8.47574 9
      vertex 12.3194 8.43619 9
    endloop
  endfacet
  facet normal 0.671024 0.741435 0
    outer loop
      vertex 12.2757 8.47574 9
      vertex 12.3194 8.43619 5.49
      vertex 12.2757 8.47574 5.49
    endloop
  endfacet
  facet normal 0.803046 -0.595918 0
    outer loop
      vertex 12.2011 9.23334 9
      vertex 12.2362 9.28064 5.49
      vertex 12.2362 9.28064 9
    endloop
  endfacet
  facet normal 0.803046 -0.595918 0
    outer loop
      vertex 12.2362 9.28064 5.49
      vertex 12.2011 9.23334 9
      vertex 12.2011 9.23334 5.49
    endloop
  endfacet
  facet normal 0.0490904 0.998794 -0
    outer loop
      vertex 12.7 8.3 5.49
      vertex 12.6412 8.30289 9
      vertex 12.7 8.3 9
    endloop
  endfacet
  facet normal 0.0490904 0.998794 0
    outer loop
      vertex 12.6412 8.30289 9
      vertex 12.7 8.3 5.49
      vertex 12.6412 8.30289 5.49
    endloop
  endfacet
  facet normal 0.998786 -0.0492515 0
    outer loop
      vertex 12.1 8.9 9
      vertex 12.1029 8.95881 5.49
      vertex 12.1029 8.95881 9
    endloop
  endfacet
  facet normal 0.998786 -0.0492515 0
    outer loop
      vertex 12.1029 8.95881 5.49
      vertex 12.1 8.9 9
      vertex 12.1 8.9 5.49
    endloop
  endfacet
  facet normal -0.741246 0.671234 0
    outer loop
      vertex 13.1243 8.47574 5.49
      vertex 13.1638 8.51936 9
      vertex 13.1638 8.51936 5.49
    endloop
  endfacet
  facet normal -0.741246 0.671234 0
    outer loop
      vertex 13.1638 8.51936 9
      vertex 13.1243 8.47574 5.49
      vertex 13.1243 8.47574 9
    endloop
  endfacet
  facet normal -0.671024 0.741435 0
    outer loop
      vertex 13.1243 8.47574 5.49
      vertex 13.0806 8.43619 9
      vertex 13.1243 8.47574 9
    endloop
  endfacet
  facet normal -0.671024 0.741435 0
    outer loop
      vertex 13.0806 8.43619 9
      vertex 13.1243 8.47574 5.49
      vertex 13.0806 8.43619 5.49
    endloop
  endfacet
  facet normal -0.947958 -0.0467451 0.314946
    outer loop
      vertex 13.3 8.9 9
      vertex 14.2967 8.9002 12
      vertex 13.2971 8.95881 9
    endloop
  endfacet
  facet normal -0.948996 0 0.315288
    outer loop
      vertex 14.2967 8.9002 12
      vertex 13.3 8.9 9
      vertex 14.2967 8.9 12
    endloop
  endfacet
  facet normal -0.703548 0.637052 0.314936
    outer loop
      vertex 13.8292 7.77112 12
      vertex 13.9342 7.88708 12
      vertex 13.1638 8.51936 9
    endloop
  endfacet
  facet normal -0.813865 0.488319 0.314911
    outer loop
      vertex 13.1989 8.56666 9
      vertex 14.1081 8.14733 12
      vertex 13.2292 8.61716 9
    endloop
  endfacet
  facet normal -0.818006 0.48118 0.315168
    outer loop
      vertex 14.1081 8.14733 12
      vertex 13.1989 8.56666 9
      vertex 14.108 8.14716 12
    endloop
  endfacet
  facet normal 0.230724 0.920641 0.31494
    outer loop
      vertex 12.5258 8.32584 9
      vertex 12.2367 7.37203 12
      vertex 12.5829 8.31153 9
    endloop
  endfacet
  facet normal 0.186201 0.931004 0.313944
    outer loop
      vertex 12.2367 7.37203 12
      vertex 12.5258 8.32584 9
      vertex 12.2365 7.37207 12
    endloop
  endfacet
  facet normal -0.947959 0.0467005 0.314948
    outer loop
      vertex 14.289 8.7435 12
      vertex 14.2967 8.8998 12
      vertex 13.2971 8.84119 9
    endloop
  endfacet
  facet normal 0.94945 -0 0.31392
    outer loop
      vertex 11.111 9.05631 12
      vertex 12.1029 8.95881 9
      vertex 11.111 9.0565 12
    endloop
  endfacet
  facet normal 0.947958 -0.0467451 0.314946
    outer loop
      vertex 12.1029 8.95881 9
      vertex 11.111 9.05631 12
      vertex 12.1 8.9 9
    endloop
  endfacet
  facet normal -0.0465796 0.947968 0.31494
    outer loop
      vertex 12.8563 7.311 12
      vertex 12.7 8.3 9
      vertex 12.7 7.30332 12
    endloop
  endfacet
  facet normal -0.0465923 -0.947967 0.314941
    outer loop
      vertex 12.7588 9.49711 9
      vertex 12.8563 10.489 12
      vertex 12.7 9.5 9
    endloop
  endfacet
  facet normal 0 -0.94945 0.313917
    outer loop
      vertex 12.8563 10.489 12
      vertex 12.7588 9.49711 9
      vertex 12.8565 10.489 12
    endloop
  endfacet
  facet normal 0.139487 -0.938805 0.314942
    outer loop
      vertex 12.5829 9.48847 9
      vertex 12.5433 10.489 12
      vertex 12.3885 10.466 12
    endloop
  endfacet
  facet normal 0.405726 0.858021 0.314939
    outer loop
      vertex 12.089 7.42486 12
      vertex 12.4704 8.34567 9
      vertex 11.9475 7.49177 12
    endloop
  endfacet
  facet normal 0.762177 0.56559 0.314951
    outer loop
      vertex 11.4656 7.88724 12
      vertex 12.2362 8.51936 9
      vertex 12.2011 8.56666 9
    endloop
  endfacet
  facet normal 0.594107 0.742633 0.309084
    outer loop
      vertex 12.2362 8.51936 9
      vertex 11.4656 7.88724 12
      vertex 11.4658 7.88708 12
    endloop
  endfacet
  facet normal -0.953717 0 0.300707
    outer loop
      vertex 13.2292 9.18284 9
      vertex 14.1751 9.51102 12
      vertex 14.1751 9.5112 12
    endloop
  endfacet
  facet normal -0.858455 -0.404795 0.314953
    outer loop
      vertex 14.1751 9.51102 12
      vertex 13.2292 9.18284 9
      vertex 13.2543 9.12961 9
    endloop
  endfacet
  facet normal -0.405774 0.857995 0.314947
    outer loop
      vertex 13.3112 7.42494 12
      vertex 13.4527 7.49186 12
      vertex 12.9828 8.37085 9
    endloop
  endfacet
  facet normal -0.319828 0.893601 0.31494
    outer loop
      vertex 13.1637 7.37214 12
      vertex 13.311 7.42486 12
      vertex 12.9296 8.34567 9
    endloop
  endfacet
  facet normal 0.424421 -0.848841 0.315175
    outer loop
      vertex 12.4172 9.42915 9
      vertex 11.9475 10.3082 12
      vertex 11.9473 10.3081 12
    endloop
  endfacet
  facet normal 0.406038 -0.857872 0.314943
    outer loop
      vertex 11.9475 10.3082 12
      vertex 12.4172 9.42915 9
      vertex 12.4704 9.45433 9
    endloop
  endfacet
  facet normal -0.487957 -0.814067 0.314949
    outer loop
      vertex 13.0333 9.39888 9
      vertex 13.5869 10.2277 12
      vertex 12.9828 9.42915 9
    endloop
  endfacet
  facet normal -0.424733 -0.849467 0.313062
    outer loop
      vertex 13.5869 10.2277 12
      vertex 13.0333 9.39888 9
      vertex 13.5871 10.2276 12
    endloop
  endfacet
  facet normal -0.703526 0.637076 0.314937
    outer loop
      vertex 13.1243 8.47574 9
      vertex 13.8292 7.77112 12
      vertex 13.1638 8.51936 9
    endloop
  endfacet
  facet normal -0.545035 0.778622 0.310943
    outer loop
      vertex 13.8292 7.77112 12
      vertex 13.1243 8.47574 9
      vertex 13.829 7.77098 12
    endloop
  endfacet
  facet normal 0.703602 -0.636991 0.314937
    outer loop
      vertex 12.2362 9.28064 9
      vertex 11.5708 10.0289 12
      vertex 11.4658 9.91292 12
    endloop
  endfacet
  facet normal 0.938809 -0.139478 0.314936
    outer loop
      vertex 12.1115 9.01705 9
      vertex 11.134 9.2115 12
      vertex 11.111 9.05669 12
    endloop
  endfacet
  facet normal -0.857781 -0.406244 0.314923
    outer loop
      vertex 14.1751 9.5112 12
      vertex 14.1081 9.65267 12
      vertex 13.2292 9.18284 9
    endloop
  endfacet
  facet normal -0.893679 -0.319626 0.314925
    outer loop
      vertex 14.2279 9.36349 12
      vertex 14.1752 9.51084 12
      vertex 13.2742 9.07417 9
    endloop
  endfacet
  facet normal -0.23065 0.92066 0.314937
    outer loop
      vertex 13.0115 7.334 12
      vertex 13.1633 7.37203 12
      vertex 12.8171 8.31153 9
    endloop
  endfacet
  facet normal -0.139137 -0.938856 0.314945
    outer loop
      vertex 12.8171 9.48847 9
      vertex 12.8565 10.489 12
      vertex 12.7588 9.49711 9
    endloop
  endfacet
  facet normal 0 -0.948633 0.316379
    outer loop
      vertex 12.8565 10.489 12
      vertex 12.8171 9.48847 9
      vertex 12.8567 10.489 12
    endloop
  endfacet
  facet normal -0.858455 0.404795 0.314953
    outer loop
      vertex 13.2292 8.61716 9
      vertex 14.1751 8.28898 12
      vertex 13.2543 8.67039 9
    endloop
  endfacet
  facet normal -0.953717 0 0.300707
    outer loop
      vertex 14.1751 8.28898 12
      vertex 13.2292 8.61716 9
      vertex 14.1751 8.2888 12
    endloop
  endfacet
  facet normal -0.938805 -0.139487 0.314942
    outer loop
      vertex 14.289 9.0565 12
      vertex 14.266 9.2113 12
      vertex 13.2971 8.95881 9
    endloop
  endfacet
  facet normal 0.0467006 -0.947961 0.314944
    outer loop
      vertex 12.7 9.5 9
      vertex 12.7 10.4967 12
      vertex 12.5437 10.489 12
    endloop
  endfacet
  facet normal 0.948636 -0 0.31637
    outer loop
      vertex 11.111 9.0565 12
      vertex 12.1115 9.01705 9
      vertex 11.111 9.05669 12
    endloop
  endfacet
  facet normal 0.938925 -0.138646 0.314955
    outer loop
      vertex 12.1115 9.01705 9
      vertex 11.111 9.0565 12
      vertex 12.1029 8.95881 9
    endloop
  endfacet
  facet normal 0.858012 0.405747 0.314938
    outer loop
      vertex 11.2918 8.14751 12
      vertex 12.1457 8.67039 9
      vertex 11.2249 8.28898 12
    endloop
  endfacet
  facet normal 0.23065 0.92066 0.314937
    outer loop
      vertex 12.3885 7.334 12
      vertex 12.5829 8.31153 9
      vertex 12.2367 7.37203 12
    endloop
  endfacet
  facet normal 0.424513 -0.849025 0.314555
    outer loop
      vertex 12.4704 9.45433 9
      vertex 12.0892 10.3752 12
      vertex 12.089 10.3751 12
    endloop
  endfacet
  facet normal 0.319855 -0.893593 0.314937
    outer loop
      vertex 12.0892 10.3752 12
      vertex 12.4704 9.45433 9
      vertex 12.5258 9.47416 9
    endloop
  endfacet
  facet normal 0.405677 -0.858047 0.31493
    outer loop
      vertex 12.4704 9.45433 9
      vertex 12.089 10.3751 12
      vertex 11.9475 10.3082 12
    endloop
  endfacet
  facet normal 0.947961 0.0466976 0.314944
    outer loop
      vertex 11.111 8.74369 12
      vertex 12.1 8.9 9
      vertex 11.1033 8.9 12
    endloop
  endfacet
  facet normal -0.139487 -0.938805 0.314942
    outer loop
      vertex 13.0115 10.466 12
      vertex 12.8567 10.489 12
      vertex 12.8171 9.48847 9
    endloop
  endfacet
  facet normal 0.920704 0.230479 0.314935
    outer loop
      vertex 11.172 8.4367 12
      vertex 12.1115 8.78295 9
      vertex 11.134 8.5885 12
    endloop
  endfacet
  facet normal 0.48751 -0.814336 0.314946
    outer loop
      vertex 12.3667 9.39888 9
      vertex 11.9472 10.308 12
      vertex 11.8129 10.2276 12
    endloop
  endfacet
  facet normal 0.565361 0.762346 0.314954
    outer loop
      vertex 11.8129 7.57241 12
      vertex 12.3667 8.40112 9
      vertex 11.6872 7.66563 12
    endloop
  endfacet
  facet normal 0 -0.94945 0.313917
    outer loop
      vertex 12.6412 9.49711 9
      vertex 12.5437 10.489 12
      vertex 12.5435 10.489 12
    endloop
  endfacet
  facet normal 0.0465923 -0.947967 0.314941
    outer loop
      vertex 12.5437 10.489 12
      vertex 12.6412 9.49711 9
      vertex 12.7 9.5 9
    endloop
  endfacet
  facet normal -0.920699 0.230497 0.314935
    outer loop
      vertex 13.2742 8.72583 9
      vertex 14.266 8.5885 12
      vertex 13.2885 8.78295 9
    endloop
  endfacet
  facet normal -0.949459 0 0.313891
    outer loop
      vertex 14.266 8.5885 12
      vertex 13.2742 8.72583 9
      vertex 14.266 8.58831 12
    endloop
  endfacet
  facet normal -0.352324 0.880811 0.31629
    outer loop
      vertex 12.9828 8.37085 9
      vertex 13.311 7.42486 12
      vertex 13.3112 7.42494 12
    endloop
  endfacet
  facet normal -0.406039 0.857875 0.314934
    outer loop
      vertex 13.311 7.42486 12
      vertex 12.9828 8.37085 9
      vertex 12.9296 8.34567 9
    endloop
  endfacet
  facet normal -0.319721 -0.893642 0.314932
    outer loop
      vertex 13.3108 10.3752 12
      vertex 13.1635 10.4279 12
      vertex 12.8742 9.47416 9
    endloop
  endfacet
  facet normal 0.813865 0.488319 0.314911
    outer loop
      vertex 11.2919 8.14733 12
      vertex 12.2011 8.56666 9
      vertex 12.1708 8.61716 9
    endloop
  endfacet
  facet normal 0.818006 0.48118 0.315168
    outer loop
      vertex 12.2011 8.56666 9
      vertex 11.2919 8.14733 12
      vertex 11.292 8.14716 12
    endloop
  endfacet
  facet normal 0.565278 0.762409 0.31495
    outer loop
      vertex 12.3194 8.43619 9
      vertex 11.6872 7.66563 12
      vertex 12.3667 8.40112 9
    endloop
  endfacet
  facet normal 0.73032 0.6086 0.310224
    outer loop
      vertex 11.6872 7.66563 12
      vertex 12.3194 8.43619 9
      vertex 11.6871 7.66575 12
    endloop
  endfacet
  facet normal 0.319721 -0.893642 0.314932
    outer loop
      vertex 12.5258 9.47416 9
      vertex 12.2365 10.4279 12
      vertex 12.0892 10.3752 12
    endloop
  endfacet
  facet normal -0.319855 -0.893593 0.314937
    outer loop
      vertex 12.9296 9.45433 9
      vertex 13.3108 10.3752 12
      vertex 12.8742 9.47416 9
    endloop
  endfacet
  facet normal -0.424513 -0.849025 0.314555
    outer loop
      vertex 13.3108 10.3752 12
      vertex 12.9296 9.45433 9
      vertex 13.311 10.3751 12
    endloop
  endfacet
  facet normal -0.0473962 0.947923 0.314952
    outer loop
      vertex 12.7588 8.30289 9
      vertex 12.8563 7.311 12
      vertex 12.8565 7.31101 12
    endloop
  endfacet
  facet normal -0.0465923 0.947967 0.314941
    outer loop
      vertex 12.8563 7.311 12
      vertex 12.7588 8.30289 9
      vertex 12.7 8.3 9
    endloop
  endfacet
  facet normal 0.674793 -0.674793 0.298848
    outer loop
      vertex 12.3667 9.39888 9
      vertex 11.9473 10.3081 12
      vertex 11.9472 10.308 12
    endloop
  endfacet
  facet normal 0.487958 -0.81407 0.314939
    outer loop
      vertex 11.9473 10.3081 12
      vertex 12.3667 9.39888 9
      vertex 12.4172 9.42915 9
    endloop
  endfacet
  facet normal 0.63688 0.703708 0.314927
    outer loop
      vertex 12.2757 8.47574 9
      vertex 11.5711 7.77085 12
      vertex 12.3194 8.43619 9
    endloop
  endfacet
  facet normal 0.752828 0.579099 0.312881
    outer loop
      vertex 11.5711 7.77085 12
      vertex 12.2757 8.47574 9
      vertex 11.571 7.77098 12
    endloop
  endfacet
  facet normal -0.139249 0.938841 0.314939
    outer loop
      vertex 12.8567 7.31104 12
      vertex 13.0115 7.334 12
      vertex 12.8171 8.31153 9
    endloop
  endfacet
  facet normal -0.830112 -0.461173 0.313421
    outer loop
      vertex 13.2543 9.12961 9
      vertex 14.1752 9.51084 12
      vertex 14.1751 9.51102 12
    endloop
  endfacet
  facet normal -0.8933 -0.320647 0.31496
    outer loop
      vertex 14.1752 9.51084 12
      vertex 13.2543 9.12961 9
      vertex 13.2742 9.07417 9
    endloop
  endfacet
  facet normal -0.947959 -0.0467005 0.314948
    outer loop
      vertex 14.2967 8.9002 12
      vertex 14.289 9.0565 12
      vertex 13.2971 8.95881 9
    endloop
  endfacet
  facet normal -0.948996 0 0.315288
    outer loop
      vertex 13.3 8.9 9
      vertex 14.2967 8.8998 12
      vertex 14.2967 8.9 12
    endloop
  endfacet
  facet normal -0.947958 0.0467451 0.314946
    outer loop
      vertex 14.2967 8.8998 12
      vertex 13.3 8.9 9
      vertex 13.2971 8.84119 9
    endloop
  endfacet
  facet normal -0.938805 0.139487 0.314942
    outer loop
      vertex 14.266 8.5887 12
      vertex 14.289 8.7435 12
      vertex 13.2971 8.84119 9
    endloop
  endfacet
  facet normal -0.517026 0.795425 0.316202
    outer loop
      vertex 13.1243 8.47574 9
      vertex 13.7129 7.66575 12
      vertex 13.7131 7.66588 12
    endloop
  endfacet
  facet normal -0.636874 0.703702 0.314952
    outer loop
      vertex 13.7129 7.66575 12
      vertex 13.1243 8.47574 9
      vertex 13.0806 8.43619 9
    endloop
  endfacet
  facet normal 0.947961 -0.0466976 0.314944
    outer loop
      vertex 12.1 8.9 9
      vertex 11.111 9.05631 12
      vertex 11.1033 8.9 12
    endloop
  endfacet
  facet normal -0.637567 0.703083 0.314933
    outer loop
      vertex 13.7131 7.66588 12
      vertex 13.829 7.77098 12
      vertex 13.1243 8.47574 9
    endloop
  endfacet
  facet normal -0.488 0.814041 0.314948
    outer loop
      vertex 13.4527 7.49186 12
      vertex 13.5869 7.57231 12
      vertex 12.9828 8.37085 9
    endloop
  endfacet
  facet normal 0.814227 -0.487699 0.314935
    outer loop
      vertex 12.2011 9.23334 9
      vertex 11.3724 9.78707 12
      vertex 11.292 9.65284 12
    endloop
  endfacet
  facet normal 0.893474 -0.320181 0.314944
    outer loop
      vertex 12.1457 9.12961 9
      vertex 11.2249 9.51102 12
      vertex 11.1721 9.36368 12
    endloop
  endfacet
  facet normal -0.487778 -0.814177 0.314943
    outer loop
      vertex 13.5869 10.2277 12
      vertex 13.4527 10.3081 12
      vertex 12.9828 9.42915 9
    endloop
  endfacet
  facet normal 0.951164 -0 0.308685
    outer loop
      vertex 11.1721 9.36349 12
      vertex 12.1457 9.12961 9
      vertex 11.1721 9.36368 12
    endloop
  endfacet
  facet normal 0.893316 -0.320653 0.314909
    outer loop
      vertex 12.1457 9.12961 9
      vertex 11.1721 9.36349 12
      vertex 12.1258 9.07417 9
    endloop
  endfacet
  facet normal 0.231049 -0.920559 0.314939
    outer loop
      vertex 12.5258 9.47416 9
      vertex 12.3883 10.466 12
      vertex 12.2365 10.4279 12
    endloop
  endfacet
  facet normal -0.0467006 -0.947961 0.314944
    outer loop
      vertex 12.8563 10.489 12
      vertex 12.7 10.4967 12
      vertex 12.7 9.5 9
    endloop
  endfacet
  facet normal -0.636877 -0.703704 0.314941
    outer loop
      vertex 13.1243 9.32426 9
      vertex 13.7129 10.1342 12
      vertex 13.0806 9.36381 9
    endloop
  endfacet
  facet normal -0.424785 -0.84957 0.31271
    outer loop
      vertex 13.7129 10.1342 12
      vertex 13.1243 9.32426 9
      vertex 13.7131 10.1341 12
    endloop
  endfacet
  facet normal 0.565282 -0.762403 0.314957
    outer loop
      vertex 12.3667 9.39888 9
      vertex 11.8129 10.2276 12
      vertex 11.6872 10.1344 12
    endloop
  endfacet
  facet normal -0.637568 -0.703084 0.314929
    outer loop
      vertex 13.829 10.029 12
      vertex 13.7131 10.1341 12
      vertex 13.1243 9.32426 9
    endloop
  endfacet
  facet normal -0.565677 -0.762119 0.314935
    outer loop
      vertex 13.7129 10.1342 12
      vertex 13.5872 10.2275 12
      vertex 13.0806 9.36381 9
    endloop
  endfacet
  facet normal 0.893474 0.320181 0.314944
    outer loop
      vertex 11.2249 8.28898 12
      vertex 12.1457 8.67039 9
      vertex 11.1721 8.43632 12
    endloop
  endfacet
  facet normal -0.920562 0.23105 0.314929
    outer loop
      vertex 14.2279 8.43651 12
      vertex 14.266 8.58831 12
      vertex 13.2742 8.72583 9
    endloop
  endfacet
  facet normal -0.857781 0.406244 0.314923
    outer loop
      vertex 14.1081 8.14733 12
      vertex 14.1751 8.2888 12
      vertex 13.2292 8.61716 9
    endloop
  endfacet
  facet normal 0.762386 0.565314 0.31494
    outer loop
      vertex 11.4656 7.88724 12
      vertex 12.2011 8.56666 9
      vertex 11.3724 8.01293 12
    endloop
  endfacet
  facet normal -0.762119 0.565678 0.314934
    outer loop
      vertex 13.9342 7.88708 12
      vertex 14.0275 8.01278 12
      vertex 13.1638 8.51936 9
    endloop
  endfacet
  facet normal -0.938938 0.138648 0.314915
    outer loop
      vertex 13.2885 8.78295 9
      vertex 14.266 8.5887 12
      vertex 13.2971 8.84119 9
    endloop
  endfacet
  facet normal -0.950801 0 0.309803
    outer loop
      vertex 14.266 8.5887 12
      vertex 13.2885 8.78295 9
      vertex 14.266 8.5885 12
    endloop
  endfacet
  facet normal -0.8933 0.320647 0.31496
    outer loop
      vertex 13.2543 8.67039 9
      vertex 14.1752 8.28916 12
      vertex 13.2742 8.72583 9
    endloop
  endfacet
  facet normal -0.830112 0.461173 0.313421
    outer loop
      vertex 14.1752 8.28916 12
      vertex 13.2543 8.67039 9
      vertex 14.1751 8.28898 12
    endloop
  endfacet
  facet normal 0.818006 -0.48118 0.315168
    outer loop
      vertex 11.2919 9.65267 12
      vertex 12.2011 9.23334 9
      vertex 11.292 9.65284 12
    endloop
  endfacet
  facet normal 0.813865 -0.488319 0.314911
    outer loop
      vertex 12.2011 9.23334 9
      vertex 11.2919 9.65267 12
      vertex 12.1708 9.18284 9
    endloop
  endfacet
  facet normal -0.893679 0.319626 0.314925
    outer loop
      vertex 14.1752 8.28916 12
      vertex 14.2279 8.43651 12
      vertex 13.2742 8.72583 9
    endloop
  endfacet
  facet normal 0.0465923 0.947967 0.314941
    outer loop
      vertex 12.6412 8.30289 9
      vertex 12.5437 7.311 12
      vertex 12.7 8.3 9
    endloop
  endfacet
  facet normal 0.0473962 0.947923 0.314952
    outer loop
      vertex 12.5437 7.311 12
      vertex 12.6412 8.30289 9
      vertex 12.5435 7.31101 12
    endloop
  endfacet
  facet normal -0.424734 0.849467 0.31306
    outer loop
      vertex 13.0333 8.40112 9
      vertex 13.5869 7.57231 12
      vertex 13.5871 7.57241 12
    endloop
  endfacet
  facet normal -0.487957 0.814068 0.314947
    outer loop
      vertex 13.5869 7.57231 12
      vertex 13.0333 8.40112 9
      vertex 12.9828 8.37085 9
    endloop
  endfacet
  facet normal -0.73032 0.6086 0.310224
    outer loop
      vertex 13.0806 8.43619 9
      vertex 13.7128 7.66563 12
      vertex 13.7129 7.66575 12
    endloop
  endfacet
  facet normal -0.565278 0.762409 0.31495
    outer loop
      vertex 13.7128 7.66563 12
      vertex 13.0806 8.43619 9
      vertex 13.0333 8.40112 9
    endloop
  endfacet
  facet normal 0.0465796 0.947968 0.31494
    outer loop
      vertex 12.7 7.30332 12
      vertex 12.7 8.3 9
      vertex 12.5437 7.311 12
    endloop
  endfacet
  facet normal 0.637263 0.703354 0.314944
    outer loop
      vertex 11.6871 7.66575 12
      vertex 12.3194 8.43619 9
      vertex 11.5711 7.77085 12
    endloop
  endfacet
  facet normal -0.78938 -0.526254 0.316126
    outer loop
      vertex 13.1638 9.28064 9
      vertex 14.0276 9.78707 12
      vertex 14.0275 9.78722 12
    endloop
  endfacet
  facet normal -0.762181 -0.565593 0.314935
    outer loop
      vertex 14.0276 9.78707 12
      vertex 13.1638 9.28064 9
      vertex 13.1989 9.23334 9
    endloop
  endfacet
  facet normal -0.406171 -0.857809 0.314944
    outer loop
      vertex 13.4527 10.3081 12
      vertex 13.3112 10.3751 12
      vertex 12.9828 9.42915 9
    endloop
  endfacet
  facet normal -0.703602 -0.636991 0.314937
    outer loop
      vertex 13.9342 9.91292 12
      vertex 13.8292 10.0289 12
      vertex 13.1638 9.28064 9
    endloop
  endfacet
  facet normal -0.406041 -0.857878 0.314924
    outer loop
      vertex 12.9828 9.42915 9
      vertex 13.311 10.3751 12
      vertex 12.9296 9.45433 9
    endloop
  endfacet
  facet normal 0 -0.953712 0.300721
    outer loop
      vertex 13.311 10.3751 12
      vertex 12.9828 9.42915 9
      vertex 13.3112 10.3751 12
    endloop
  endfacet
  facet normal 0.319882 0.893582 0.314938
    outer loop
      vertex 12.2365 7.37207 12
      vertex 12.5258 8.32584 9
      vertex 12.0892 7.4248 12
    endloop
  endfacet
  facet normal 0.139138 0.938857 0.314942
    outer loop
      vertex 12.5829 8.31153 9
      vertex 12.5435 7.31101 12
      vertex 12.6412 8.30289 9
    endloop
  endfacet
  facet normal 0.140794 0.938628 0.314888
    outer loop
      vertex 12.5435 7.31101 12
      vertex 12.5829 8.31153 9
      vertex 12.5433 7.31104 12
    endloop
  endfacet
  facet normal 0.920704 -0.230479 0.314935
    outer loop
      vertex 12.1115 9.01705 9
      vertex 11.172 9.3633 12
      vertex 11.134 9.2115 12
    endloop
  endfacet
  facet normal -0.818108 -0.48124 0.314814
    outer loop
      vertex 13.1989 9.23334 9
      vertex 14.0277 9.7869 12
      vertex 14.0276 9.78707 12
    endloop
  endfacet
  facet normal -0.813855 -0.488313 0.314945
    outer loop
      vertex 14.0277 9.7869 12
      vertex 13.1989 9.23334 9
      vertex 13.2292 9.18284 9
    endloop
  endfacet
  facet normal 0.855911 -0.427955 0.290295
    outer loop
      vertex 12.3194 9.36381 9
      vertex 11.6872 10.1344 12
      vertex 11.6871 10.1342 12
    endloop
  endfacet
  facet normal 0.565277 -0.762407 0.314957
    outer loop
      vertex 11.6872 10.1344 12
      vertex 12.3194 9.36381 9
      vertex 12.3667 9.39888 9
    endloop
  endfacet
  facet normal 0.858012 -0.405747 0.314938
    outer loop
      vertex 12.1457 9.12961 9
      vertex 11.2918 9.65249 12
      vertex 11.2249 9.51102 12
    endloop
  endfacet
  facet normal 0.406037 0.85787 0.314951
    outer loop
      vertex 12.4172 8.37085 9
      vertex 11.9475 7.49177 12
      vertex 12.4704 8.34567 9
    endloop
  endfacet
  facet normal 0.389524 0.865608 0.314633
    outer loop
      vertex 11.9475 7.49177 12
      vertex 12.4172 8.37085 9
      vertex 11.9473 7.49186 12
    endloop
  endfacet
  facet normal -0.814231 -0.487701 0.314921
    outer loop
      vertex 14.1081 9.65267 12
      vertex 14.0277 9.7869 12
      vertex 13.2292 9.18284 9
    endloop
  endfacet
  facet normal -0.565277 -0.762407 0.314957
    outer loop
      vertex 13.0806 9.36381 9
      vertex 13.5871 10.2276 12
      vertex 13.0333 9.39888 9
    endloop
  endfacet
  facet normal -0.672881 -0.672881 0.307347
    outer loop
      vertex 13.5871 10.2276 12
      vertex 13.0806 9.36381 9
      vertex 13.5872 10.2275 12
    endloop
  endfacet
  facet normal 0.947958 0.0467451 0.314946
    outer loop
      vertex 11.111 8.74369 12
      vertex 12.1029 8.84119 9
      vertex 12.1 8.9 9
    endloop
  endfacet
  facet normal 0.94945 0 0.31392
    outer loop
      vertex 12.1029 8.84119 9
      vertex 11.111 8.74369 12
      vertex 11.111 8.7435 12
    endloop
  endfacet
  facet normal 0.829591 -0.460884 0.315222
    outer loop
      vertex 11.2918 9.65249 12
      vertex 12.1708 9.18284 9
      vertex 11.2919 9.65267 12
    endloop
  endfacet
  facet normal 0.85847 -0.404802 0.314904
    outer loop
      vertex 12.1708 9.18284 9
      vertex 11.2918 9.65249 12
      vertex 12.1457 9.12961 9
    endloop
  endfacet
  facet normal -0.231049 -0.920559 0.314939
    outer loop
      vertex 13.1635 10.4279 12
      vertex 13.0117 10.466 12
      vertex 12.8742 9.47416 9
    endloop
  endfacet
  facet normal 0.893316 0.320653 0.314909
    outer loop
      vertex 11.1721 8.43651 12
      vertex 12.1457 8.67039 9
      vertex 12.1258 8.72583 9
    endloop
  endfacet
  facet normal 0.951164 0 0.308685
    outer loop
      vertex 12.1457 8.67039 9
      vertex 11.1721 8.43651 12
      vertex 11.1721 8.43632 12
    endloop
  endfacet
  facet normal 0.703526 0.637076 0.314937
    outer loop
      vertex 11.5708 7.77112 12
      vertex 12.2757 8.47574 9
      vertex 12.2362 8.51936 9
    endloop
  endfacet
  facet normal 0.545035 0.778622 0.310943
    outer loop
      vertex 12.2757 8.47574 9
      vertex 11.5708 7.77112 12
      vertex 11.571 7.77098 12
    endloop
  endfacet
  facet normal 0.319855 0.893593 0.314937
    outer loop
      vertex 12.4704 8.34567 9
      vertex 12.0892 7.4248 12
      vertex 12.5258 8.32584 9
    endloop
  endfacet
  facet normal 0.272831 0.909437 0.313826
    outer loop
      vertex 12.0892 7.4248 12
      vertex 12.4704 8.34567 9
      vertex 12.089 7.42486 12
    endloop
  endfacet
  facet normal -0.140794 0.938628 0.314888
    outer loop
      vertex 12.8171 8.31153 9
      vertex 12.8565 7.31101 12
      vertex 12.8567 7.31104 12
    endloop
  endfacet
  facet normal -0.139138 0.938857 0.314942
    outer loop
      vertex 12.8565 7.31101 12
      vertex 12.8171 8.31153 9
      vertex 12.7588 8.30289 9
    endloop
  endfacet
  facet normal -0.762119 -0.565678 0.314934
    outer loop
      vertex 14.0275 9.78722 12
      vertex 13.9342 9.91292 12
      vertex 13.1638 9.28064 9
    endloop
  endfacet
  facet normal -0.426532 -0.853064 0.300588
    outer loop
      vertex 13.1243 9.32426 9
      vertex 13.8292 10.0289 12
      vertex 13.829 10.029 12
    endloop
  endfacet
  facet normal -0.703525 -0.637075 0.314941
    outer loop
      vertex 13.8292 10.0289 12
      vertex 13.1243 9.32426 9
      vertex 13.1638 9.28064 9
    endloop
  endfacet
  facet normal -0.565361 0.762346 0.314954
    outer loop
      vertex 13.5871 7.57241 12
      vertex 13.7128 7.66563 12
      vertex 13.0333 8.40112 9
    endloop
  endfacet
  facet normal -0.814227 0.487699 0.314935
    outer loop
      vertex 14.0276 8.01293 12
      vertex 14.108 8.14716 12
      vertex 13.1989 8.56666 9
    endloop
  endfacet
  facet normal -0.230725 -0.920642 0.314936
    outer loop
      vertex 12.8742 9.47416 9
      vertex 13.0115 10.466 12
      vertex 12.8171 9.48847 9
    endloop
  endfacet
  facet normal 0 -0.949455 0.313903
    outer loop
      vertex 13.0115 10.466 12
      vertex 12.8742 9.47416 9
      vertex 13.0117 10.466 12
    endloop
  endfacet
  facet normal -0.762181 0.565593 0.314935
    outer loop
      vertex 13.1638 8.51936 9
      vertex 14.0276 8.01293 12
      vertex 13.1989 8.56666 9
    endloop
  endfacet
  facet normal -0.78938 0.526254 0.316126
    outer loop
      vertex 14.0276 8.01293 12
      vertex 13.1638 8.51936 9
      vertex 14.0275 8.01278 12
    endloop
  endfacet
  facet normal 0.814227 0.487699 0.314935
    outer loop
      vertex 11.3724 8.01293 12
      vertex 12.2011 8.56666 9
      vertex 11.292 8.14716 12
    endloop
  endfacet
  facet normal -0.920562 -0.23105 0.314929
    outer loop
      vertex 14.266 9.21169 12
      vertex 14.2279 9.36349 12
      vertex 13.2742 9.07417 9
    endloop
  endfacet
  facet normal 0.853065 -0.426532 0.300583
    outer loop
      vertex 12.2757 9.32426 9
      vertex 11.5711 10.0292 12
      vertex 11.571 10.029 12
    endloop
  endfacet
  facet normal 0.636877 -0.703705 0.314938
    outer loop
      vertex 11.5711 10.0292 12
      vertex 12.2757 9.32426 9
      vertex 12.3194 9.36381 9
    endloop
  endfacet
  facet normal 0.426532 -0.853064 0.300588
    outer loop
      vertex 11.5708 10.0289 12
      vertex 12.2757 9.32426 9
      vertex 11.571 10.029 12
    endloop
  endfacet
  facet normal 0.703525 -0.637075 0.314941
    outer loop
      vertex 12.2757 9.32426 9
      vertex 11.5708 10.0289 12
      vertex 12.2362 9.28064 9
    endloop
  endfacet
  facet normal 0.487733 0.814202 0.314948
    outer loop
      vertex 11.9472 7.49196 12
      vertex 12.3667 8.40112 9
      vertex 11.8129 7.57241 12
    endloop
  endfacet
  facet normal -0.186201 0.931004 0.313944
    outer loop
      vertex 12.8742 8.32584 9
      vertex 13.1633 7.37203 12
      vertex 13.1635 7.37207 12
    endloop
  endfacet
  facet normal -0.230724 0.920641 0.31494
    outer loop
      vertex 13.1633 7.37203 12
      vertex 12.8742 8.32584 9
      vertex 12.8171 8.31153 9
    endloop
  endfacet
  facet normal 0.762386 -0.565314 0.31494
    outer loop
      vertex 12.2011 9.23334 9
      vertex 11.4656 9.91276 12
      vertex 11.3724 9.78707 12
    endloop
  endfacet
  facet normal 0.139249 0.938841 0.314939
    outer loop
      vertex 12.5433 7.31104 12
      vertex 12.5829 8.31153 9
      vertex 12.3885 7.334 12
    endloop
  endfacet
  facet normal 0 -0.948633 0.316379
    outer loop
      vertex 12.5829 9.48847 9
      vertex 12.5435 10.489 12
      vertex 12.5433 10.489 12
    endloop
  endfacet
  facet normal 0.139137 -0.938856 0.314945
    outer loop
      vertex 12.5435 10.489 12
      vertex 12.5829 9.48847 9
      vertex 12.6412 9.49711 9
    endloop
  endfacet
  facet normal 0 -0.949455 0.313903
    outer loop
      vertex 12.5258 9.47416 9
      vertex 12.3885 10.466 12
      vertex 12.3883 10.466 12
    endloop
  endfacet
  facet normal 0.230725 -0.920642 0.314936
    outer loop
      vertex 12.3885 10.466 12
      vertex 12.5258 9.47416 9
      vertex 12.5829 9.48847 9
    endloop
  endfacet
  facet normal 0.938807 0.139487 0.314936
    outer loop
      vertex 11.134 8.5885 12
      vertex 12.1115 8.78295 9
      vertex 11.111 8.7433 12
    endloop
  endfacet
  facet normal 0.938925 0.138646 0.314955
    outer loop
      vertex 11.111 8.7435 12
      vertex 12.1115 8.78295 9
      vertex 12.1029 8.84119 9
    endloop
  endfacet
  facet normal 0.948636 0 0.31637
    outer loop
      vertex 12.1115 8.78295 9
      vertex 11.111 8.7435 12
      vertex 11.111 8.7433 12
    endloop
  endfacet
  facet normal 0.841282 -0.44278 0.310145
    outer loop
      vertex 11.172 9.3633 12
      vertex 12.1258 9.07417 9
      vertex 11.1721 9.36349 12
    endloop
  endfacet
  facet normal 0.920699 -0.230497 0.314935
    outer loop
      vertex 12.1258 9.07417 9
      vertex 11.172 9.3633 12
      vertex 12.1115 9.01705 9
    endloop
  endfacet
  facet normal 0.487957 0.814067 0.314949
    outer loop
      vertex 12.3667 8.40112 9
      vertex 11.9473 7.49186 12
      vertex 12.4172 8.37085 9
    endloop
  endfacet
  facet normal 0.674791 0.674791 0.298856
    outer loop
      vertex 11.9473 7.49186 12
      vertex 12.3667 8.40112 9
      vertex 11.9472 7.49196 12
    endloop
  endfacet
  facet normal 0.920699 0.230497 0.314935
    outer loop
      vertex 11.172 8.4367 12
      vertex 12.1258 8.72583 9
      vertex 12.1115 8.78295 9
    endloop
  endfacet
  facet normal 0.841282 0.44278 0.310145
    outer loop
      vertex 12.1258 8.72583 9
      vertex 11.172 8.4367 12
      vertex 11.1721 8.43651 12
    endloop
  endfacet
  facet normal -0.313517 0.895762 0.315148
    outer loop
      vertex 12.9296 8.34567 9
      vertex 13.1635 7.37207 12
      vertex 13.1637 7.37214 12
    endloop
  endfacet
  facet normal -0.319854 0.893592 0.314938
    outer loop
      vertex 13.1635 7.37207 12
      vertex 12.9296 8.34567 9
      vertex 12.8742 8.32584 9
    endloop
  endfacet
  facet normal 0.63693 -0.703656 0.31494
    outer loop
      vertex 12.3194 9.36381 9
      vertex 11.6871 10.1342 12
      vertex 11.5711 10.0292 12
    endloop
  endfacet
  facet normal 0.703548 0.637052 0.314936
    outer loop
      vertex 11.5708 7.77112 12
      vertex 12.2362 8.51936 9
      vertex 11.4658 7.88708 12
    endloop
  endfacet
  facet normal -0.949459 0 0.313891
    outer loop
      vertex 13.2742 9.07417 9
      vertex 14.266 9.2115 12
      vertex 14.266 9.21169 12
    endloop
  endfacet
  facet normal -0.920699 -0.230497 0.314935
    outer loop
      vertex 14.266 9.2115 12
      vertex 13.2742 9.07417 9
      vertex 13.2885 9.01705 9
    endloop
  endfacet
  facet normal -0.950801 0 0.309803
    outer loop
      vertex 13.2885 9.01705 9
      vertex 14.266 9.2113 12
      vertex 14.266 9.2115 12
    endloop
  endfacet
  facet normal -0.938938 -0.138648 0.314915
    outer loop
      vertex 14.266 9.2113 12
      vertex 13.2885 9.01705 9
      vertex 13.2971 8.95881 9
    endloop
  endfacet
  facet normal 0.594107 -0.742633 0.309084
    outer loop
      vertex 11.4656 9.91276 12
      vertex 12.2362 9.28064 9
      vertex 11.4658 9.91292 12
    endloop
  endfacet
  facet normal 0.762177 -0.56559 0.314951
    outer loop
      vertex 12.2362 9.28064 9
      vertex 11.4656 9.91276 12
      vertex 12.2011 9.23334 9
    endloop
  endfacet
  facet normal 0.85847 0.404802 0.314904
    outer loop
      vertex 11.2918 8.14751 12
      vertex 12.1708 8.61716 9
      vertex 12.1457 8.67039 9
    endloop
  endfacet
  facet normal 0.829591 0.460884 0.315222
    outer loop
      vertex 12.1708 8.61716 9
      vertex 11.2918 8.14751 12
      vertex 11.2919 8.14733 12
    endloop
  endfacet
  facet normal -0.989174 -0.146746 0
    outer loop
      vertex 14.1928 9.04703 3.99
      vertex 14.1712 9.19263 5.49
      vertex 14.1712 9.19263 3.99
    endloop
  endfacet
  facet normal -0.989174 -0.146746 0
    outer loop
      vertex 14.1712 9.19263 5.49
      vertex 14.1928 9.04703 3.99
      vertex 14.1928 9.04703 5.49
    endloop
  endfacet
  facet normal -0.998803 -0.048911 0
    outer loop
      vertex 14.2 8.9 3.99
      vertex 14.1928 9.04703 5.49
      vertex 14.1928 9.04703 3.99
    endloop
  endfacet
  facet normal -0.998803 -0.048911 0
    outer loop
      vertex 14.1928 9.04703 5.49
      vertex 14.2 8.9 3.99
      vertex 14.2 8.9 5.49
    endloop
  endfacet
  facet normal -0.969982 -0.243175 0
    outer loop
      vertex 14.1712 9.19263 3.99
      vertex 14.1354 9.33543 5.49
      vertex 14.1354 9.33543 3.99
    endloop
  endfacet
  facet normal -0.969982 -0.243175 0
    outer loop
      vertex 14.1354 9.33543 5.49
      vertex 14.1712 9.19263 3.99
      vertex 14.1712 9.19263 5.49
    endloop
  endfacet
  facet normal -0.998803 0.048911 0
    outer loop
      vertex 14.1928 8.75297 3.99
      vertex 14.2 8.9 5.49
      vertex 14.2 8.9 3.99
    endloop
  endfacet
  facet normal -0.998803 0.048911 0
    outer loop
      vertex 14.2 8.9 5.49
      vertex 14.1928 8.75297 3.99
      vertex 14.1928 8.75297 5.49
    endloop
  endfacet
  facet normal -0.803184 -0.595731 0
    outer loop
      vertex 13.9472 9.73335 3.99
      vertex 13.8595 9.85159 5.49
      vertex 13.8595 9.85159 3.99
    endloop
  endfacet
  facet normal -0.803184 -0.595731 0
    outer loop
      vertex 13.8595 9.85159 5.49
      vertex 13.9472 9.73335 3.99
      vertex 13.9472 9.73335 5.49
    endloop
  endfacet
  facet normal 0.427491 0.90402 -0
    outer loop
      vertex 12.126 7.51418 3.99
      vertex 11.9929 7.57712 5.49
      vertex 12.126 7.51418 5.49
    endloop
  endfacet
  facet normal 0.427491 0.90402 0
    outer loop
      vertex 11.9929 7.57712 5.49
      vertex 12.126 7.51418 3.99
      vertex 11.9929 7.57712 3.99
    endloop
  endfacet
  facet normal -0.0490565 0.998796 0
    outer loop
      vertex 12.847 7.40722 3.99
      vertex 12.7 7.4 5.49
      vertex 12.847 7.40722 5.49
    endloop
  endfacet
  facet normal -0.0490565 0.998796 0
    outer loop
      vertex 12.7 7.4 5.49
      vertex 12.847 7.40722 3.99
      vertex 12.7 7.4 3.99
    endloop
  endfacet
  facet normal -0.941519 -0.33696 0
    outer loop
      vertex 14.1354 9.33543 3.99
      vertex 14.0858 9.47402 5.49
      vertex 14.0858 9.47402 3.99
    endloop
  endfacet
  facet normal -0.941519 -0.33696 0
    outer loop
      vertex 14.0858 9.47402 5.49
      vertex 14.1354 9.33543 3.99
      vertex 14.1354 9.33543 5.49
    endloop
  endfacet
  facet normal -0.741138 0.671353 0
    outer loop
      vertex 13.7607 7.83934 3.99
      vertex 13.8595 7.94841 5.49
      vertex 13.8595 7.94841 3.99
    endloop
  endfacet
  facet normal -0.741138 0.671353 0
    outer loop
      vertex 13.8595 7.94841 5.49
      vertex 13.7607 7.83934 3.99
      vertex 13.7607 7.83934 5.49
    endloop
  endfacet
  facet normal 0.514096 -0.857733 0
    outer loop
      vertex 11.8666 10.1472 3.99
      vertex 11.9929 10.2229 5.49
      vertex 11.8666 10.1472 5.49
    endloop
  endfacet
  facet normal 0.514096 -0.857733 0
    outer loop
      vertex 11.9929 10.2229 5.49
      vertex 11.8666 10.1472 3.99
      vertex 11.9929 10.2229 3.99
    endloop
  endfacet
  facet normal 0.671475 0.741027 -0
    outer loop
      vertex 11.7484 7.74048 3.99
      vertex 11.6393 7.83934 5.49
      vertex 11.7484 7.74048 5.49
    endloop
  endfacet
  facet normal 0.671475 0.741027 0
    outer loop
      vertex 11.6393 7.83934 5.49
      vertex 11.7484 7.74048 3.99
      vertex 11.6393 7.83934 3.99
    endloop
  endfacet
  facet normal 0.969982 -0.243175 0
    outer loop
      vertex 11.2288 9.19263 5.49
      vertex 11.2646 9.33543 3.99
      vertex 11.2646 9.33543 5.49
    endloop
  endfacet
  facet normal 0.969982 -0.243175 0
    outer loop
      vertex 11.2646 9.33543 3.99
      vertex 11.2288 9.19263 5.49
      vertex 11.2288 9.19263 3.99
    endloop
  endfacet
  facet normal 0.941527 0.336939 0
    outer loop
      vertex 11.3142 8.32597 5.49
      vertex 11.2646 8.46457 3.99
      vertex 11.2646 8.46457 5.49
    endloop
  endfacet
  facet normal 0.941527 0.336939 0
    outer loop
      vertex 11.2646 8.46457 3.99
      vertex 11.3142 8.32597 5.49
      vertex 11.3142 8.32597 3.99
    endloop
  endfacet
  facet normal 0.671401 -0.741095 0
    outer loop
      vertex 11.6393 9.96066 3.99
      vertex 11.7484 10.0595 5.49
      vertex 11.6393 9.96066 5.49
    endloop
  endfacet
  facet normal 0.671401 -0.741095 0
    outer loop
      vertex 11.7484 10.0595 5.49
      vertex 11.6393 9.96066 3.99
      vertex 11.7484 10.0595 3.99
    endloop
  endfacet
  facet normal -0.595861 -0.803088 0
    outer loop
      vertex 13.5334 10.1472 3.99
      vertex 13.6516 10.0595 5.49
      vertex 13.5334 10.1472 5.49
    endloop
  endfacet
  facet normal -0.595861 -0.803088 -0
    outer loop
      vertex 13.6516 10.0595 5.49
      vertex 13.5334 10.1472 3.99
      vertex 13.6516 10.0595 3.99
    endloop
  endfacet
  facet normal -0.904088 0.427347 0
    outer loop
      vertex 14.0229 8.1929 3.99
      vertex 14.0858 8.32597 5.49
      vertex 14.0858 8.32597 3.99
    endloop
  endfacet
  facet normal -0.904088 0.427347 0
    outer loop
      vertex 14.0858 8.32597 5.49
      vertex 14.0229 8.1929 3.99
      vertex 14.0229 8.1929 5.49
    endloop
  endfacet
  facet normal -0.989176 0.146736 0
    outer loop
      vertex 14.1712 8.60736 3.99
      vertex 14.1928 8.75297 5.49
      vertex 14.1928 8.75297 3.99
    endloop
  endfacet
  facet normal -0.989176 0.146736 0
    outer loop
      vertex 14.1928 8.75297 5.49
      vertex 14.1712 8.60736 3.99
      vertex 14.1712 8.60736 5.49
    endloop
  endfacet
  facet normal 0.741138 -0.671353 0
    outer loop
      vertex 11.5405 9.85159 5.49
      vertex 11.6393 9.96066 3.99
      vertex 11.6393 9.96066 5.49
    endloop
  endfacet
  facet normal 0.741138 -0.671353 0
    outer loop
      vertex 11.6393 9.96066 3.99
      vertex 11.5405 9.85159 5.49
      vertex 11.5405 9.85159 3.99
    endloop
  endfacet
  facet normal -0.0489209 -0.998803 0
    outer loop
      vertex 12.7 10.4 3.99
      vertex 12.847 10.3928 5.49
      vertex 12.7 10.4 5.49
    endloop
  endfacet
  facet normal -0.0489209 -0.998803 -0
    outer loop
      vertex 12.847 10.3928 5.49
      vertex 12.7 10.4 3.99
      vertex 12.847 10.3928 3.99
    endloop
  endfacet
  facet normal 0.857661 0.514216 0
    outer loop
      vertex 11.4528 8.06664 5.49
      vertex 11.3771 8.1929 3.99
      vertex 11.3771 8.1929 5.49
    endloop
  endfacet
  facet normal 0.857661 0.514216 0
    outer loop
      vertex 11.3771 8.1929 3.99
      vertex 11.4528 8.06664 5.49
      vertex 11.4528 8.06664 3.99
    endloop
  endfacet
  facet normal -0.941527 0.336939 0
    outer loop
      vertex 14.0858 8.32597 3.99
      vertex 14.1354 8.46457 5.49
      vertex 14.1354 8.46457 3.99
    endloop
  endfacet
  facet normal -0.941527 0.336939 0
    outer loop
      vertex 14.1354 8.46457 5.49
      vertex 14.0858 8.32597 3.99
      vertex 14.0858 8.32597 5.49
    endloop
  endfacet
  facet normal 0.989174 -0.146746 0
    outer loop
      vertex 11.2072 9.04703 5.49
      vertex 11.2288 9.19263 3.99
      vertex 11.2288 9.19263 5.49
    endloop
  endfacet
  facet normal 0.989174 -0.146746 0
    outer loop
      vertex 11.2288 9.19263 3.99
      vertex 11.2072 9.04703 5.49
      vertex 11.2072 9.04703 3.99
    endloop
  endfacet
  facet normal 0.0490565 0.998796 -0
    outer loop
      vertex 12.7 7.4 3.99
      vertex 12.553 7.40722 5.49
      vertex 12.7 7.4 5.49
    endloop
  endfacet
  facet normal 0.0490565 0.998796 0
    outer loop
      vertex 12.553 7.40722 5.49
      vertex 12.7 7.4 3.99
      vertex 12.553 7.40722 3.99
    endloop
  endfacet
  facet normal 0.336879 0.941548 -0
    outer loop
      vertex 12.2646 7.46459 3.99
      vertex 12.126 7.51418 5.49
      vertex 12.2646 7.46459 5.49
    endloop
  endfacet
  facet normal 0.336879 0.941548 0
    outer loop
      vertex 12.126 7.51418 5.49
      vertex 12.2646 7.46459 3.99
      vertex 12.126 7.51418 3.99
    endloop
  endfacet
  facet normal -0.671401 -0.741095 0
    outer loop
      vertex 13.6516 10.0595 3.99
      vertex 13.7607 9.96066 5.49
      vertex 13.6516 10.0595 5.49
    endloop
  endfacet
  facet normal -0.671401 -0.741095 -0
    outer loop
      vertex 13.7607 9.96066 5.49
      vertex 13.6516 10.0595 3.99
      vertex 13.7607 9.96066 3.99
    endloop
  endfacet
  facet normal -0.514096 -0.857733 0
    outer loop
      vertex 13.4071 10.2229 3.99
      vertex 13.5334 10.1472 5.49
      vertex 13.4071 10.2229 5.49
    endloop
  endfacet
  facet normal -0.514096 -0.857733 -0
    outer loop
      vertex 13.5334 10.1472 5.49
      vertex 13.4071 10.2229 3.99
      vertex 13.5334 10.1472 3.99
    endloop
  endfacet
  facet normal -0.904088 -0.427347 0
    outer loop
      vertex 14.0858 9.47402 3.99
      vertex 14.0229 9.60709 5.49
      vertex 14.0229 9.60709 3.99
    endloop
  endfacet
  facet normal -0.904088 -0.427347 0
    outer loop
      vertex 14.0229 9.60709 5.49
      vertex 14.0858 9.47402 3.99
      vertex 14.0858 9.47402 5.49
    endloop
  endfacet
  facet normal 0.741138 0.671353 0
    outer loop
      vertex 11.6393 7.83934 5.49
      vertex 11.5405 7.94841 3.99
      vertex 11.5405 7.94841 5.49
    endloop
  endfacet
  facet normal 0.741138 0.671353 0
    outer loop
      vertex 11.5405 7.94841 3.99
      vertex 11.6393 7.83934 5.49
      vertex 11.6393 7.83934 3.99
    endloop
  endfacet
  facet normal 0.427269 -0.904125 0
    outer loop
      vertex 11.9929 10.2229 3.99
      vertex 12.126 10.2858 5.49
      vertex 11.9929 10.2229 5.49
    endloop
  endfacet
  facet normal 0.427269 -0.904125 0
    outer loop
      vertex 12.126 10.2858 5.49
      vertex 11.9929 10.2229 3.99
      vertex 12.126 10.2858 3.99
    endloop
  endfacet
  facet normal -0.336939 -0.941527 0
    outer loop
      vertex 13.1354 10.3354 3.99
      vertex 13.274 10.2858 5.49
      vertex 13.1354 10.3354 5.49
    endloop
  endfacet
  facet normal -0.336939 -0.941527 -0
    outer loop
      vertex 13.274 10.2858 5.49
      vertex 13.1354 10.3354 3.99
      vertex 13.274 10.2858 3.99
    endloop
  endfacet
  facet normal -0.595817 0.80312 0
    outer loop
      vertex 13.6516 7.74048 3.99
      vertex 13.5334 7.65279 5.49
      vertex 13.6516 7.74048 5.49
    endloop
  endfacet
  facet normal -0.595817 0.80312 0
    outer loop
      vertex 13.5334 7.65279 5.49
      vertex 13.6516 7.74048 3.99
      vertex 13.5334 7.65279 3.99
    endloop
  endfacet
  facet normal 0.904088 0.427347 0
    outer loop
      vertex 11.3771 8.1929 5.49
      vertex 11.3142 8.32597 3.99
      vertex 11.3142 8.32597 5.49
    endloop
  endfacet
  facet normal 0.904088 0.427347 0
    outer loop
      vertex 11.3142 8.32597 3.99
      vertex 11.3771 8.1929 5.49
      vertex 11.3771 8.1929 3.99
    endloop
  endfacet
  facet normal -0.741138 -0.671353 0
    outer loop
      vertex 13.8595 9.85159 3.99
      vertex 13.7607 9.96066 5.49
      vertex 13.7607 9.96066 3.99
    endloop
  endfacet
  facet normal -0.741138 -0.671353 0
    outer loop
      vertex 13.7607 9.96066 5.49
      vertex 13.8595 9.85159 3.99
      vertex 13.8595 9.85159 5.49
    endloop
  endfacet
  facet normal -0.146746 0.989174 0
    outer loop
      vertex 12.9926 7.42882 3.99
      vertex 12.847 7.40722 5.49
      vertex 12.9926 7.42882 5.49
    endloop
  endfacet
  facet normal -0.146746 0.989174 0
    outer loop
      vertex 12.847 7.40722 5.49
      vertex 12.9926 7.42882 3.99
      vertex 12.847 7.40722 3.99
    endloop
  endfacet
  facet normal -0.146746 -0.989174 0
    outer loop
      vertex 12.847 10.3928 3.99
      vertex 12.9926 10.3712 5.49
      vertex 12.847 10.3928 5.49
    endloop
  endfacet
  facet normal -0.146746 -0.989174 -0
    outer loop
      vertex 12.9926 10.3712 5.49
      vertex 12.847 10.3928 3.99
      vertex 12.9926 10.3712 3.99
    endloop
  endfacet
  facet normal 0.146746 0.989174 -0
    outer loop
      vertex 12.553 7.40722 3.99
      vertex 12.4074 7.42882 5.49
      vertex 12.553 7.40722 5.49
    endloop
  endfacet
  facet normal 0.146746 0.989174 0
    outer loop
      vertex 12.4074 7.42882 5.49
      vertex 12.553 7.40722 3.99
      vertex 12.4074 7.42882 3.99
    endloop
  endfacet
  facet normal 0.242983 0.970031 -0
    outer loop
      vertex 12.4074 7.42882 3.99
      vertex 12.2646 7.46459 5.49
      vertex 12.4074 7.42882 5.49
    endloop
  endfacet
  facet normal 0.242983 0.970031 0
    outer loop
      vertex 12.2646 7.46459 5.49
      vertex 12.4074 7.42882 3.99
      vertex 12.2646 7.46459 3.99
    endloop
  endfacet
  facet normal -0.243175 -0.969982 0
    outer loop
      vertex 12.9926 10.3712 3.99
      vertex 13.1354 10.3354 5.49
      vertex 12.9926 10.3712 5.49
    endloop
  endfacet
  facet normal -0.243175 -0.969982 -0
    outer loop
      vertex 13.1354 10.3354 5.49
      vertex 12.9926 10.3712 3.99
      vertex 13.1354 10.3354 3.99
    endloop
  endfacet
  facet normal -0.857661 0.514216 0
    outer loop
      vertex 13.9472 8.06664 3.99
      vertex 14.0229 8.1929 5.49
      vertex 14.0229 8.1929 3.99
    endloop
  endfacet
  facet normal -0.857661 0.514216 0
    outer loop
      vertex 14.0229 8.1929 5.49
      vertex 13.9472 8.06664 3.99
      vertex 13.9472 8.06664 5.49
    endloop
  endfacet
  facet normal -0.80316 0.595764 0
    outer loop
      vertex 13.8595 7.94841 3.99
      vertex 13.9472 8.06664 5.49
      vertex 13.9472 8.06664 3.99
    endloop
  endfacet
  facet normal -0.80316 0.595764 0
    outer loop
      vertex 13.9472 8.06664 5.49
      vertex 13.8595 7.94841 3.99
      vertex 13.8595 7.94841 5.49
    endloop
  endfacet
  facet normal -0.427269 -0.904125 0
    outer loop
      vertex 13.274 10.2858 3.99
      vertex 13.4071 10.2229 5.49
      vertex 13.274 10.2858 5.49
    endloop
  endfacet
  facet normal -0.427269 -0.904125 -0
    outer loop
      vertex 13.4071 10.2229 5.49
      vertex 13.274 10.2858 3.99
      vertex 13.4071 10.2229 3.99
    endloop
  endfacet
  facet normal -0.427491 0.90402 0
    outer loop
      vertex 13.4071 7.57712 3.99
      vertex 13.274 7.51418 5.49
      vertex 13.4071 7.57712 5.49
    endloop
  endfacet
  facet normal -0.427491 0.90402 0
    outer loop
      vertex 13.274 7.51418 5.49
      vertex 13.4071 7.57712 3.99
      vertex 13.274 7.51418 3.99
    endloop
  endfacet
  facet normal 0.969978 0.243191 0
    outer loop
      vertex 11.2646 8.46457 5.49
      vertex 11.2288 8.60736 3.99
      vertex 11.2288 8.60736 5.49
    endloop
  endfacet
  facet normal 0.969978 0.243191 0
    outer loop
      vertex 11.2288 8.60736 3.99
      vertex 11.2646 8.46457 5.49
      vertex 11.2646 8.46457 3.99
    endloop
  endfacet
  facet normal -0.969978 0.243191 0
    outer loop
      vertex 14.1354 8.46457 3.99
      vertex 14.1712 8.60736 5.49
      vertex 14.1712 8.60736 3.99
    endloop
  endfacet
  facet normal -0.969978 0.243191 0
    outer loop
      vertex 14.1712 8.60736 5.49
      vertex 14.1354 8.46457 3.99
      vertex 14.1354 8.46457 5.49
    endloop
  endfacet
  facet normal 0.595861 -0.803088 0
    outer loop
      vertex 11.7484 10.0595 3.99
      vertex 11.8666 10.1472 5.49
      vertex 11.7484 10.0595 5.49
    endloop
  endfacet
  facet normal 0.595861 -0.803088 0
    outer loop
      vertex 11.8666 10.1472 5.49
      vertex 11.7484 10.0595 3.99
      vertex 11.8666 10.1472 3.99
    endloop
  endfacet
  facet normal 0.0489209 -0.998803 0
    outer loop
      vertex 12.553 10.3928 3.99
      vertex 12.7 10.4 5.49
      vertex 12.553 10.3928 5.49
    endloop
  endfacet
  facet normal 0.0489209 -0.998803 0
    outer loop
      vertex 12.7 10.4 5.49
      vertex 12.553 10.3928 3.99
      vertex 12.7 10.4 3.99
    endloop
  endfacet
  facet normal -0.857661 -0.514216 0
    outer loop
      vertex 14.0229 9.60709 3.99
      vertex 13.9472 9.73335 5.49
      vertex 13.9472 9.73335 3.99
    endloop
  endfacet
  facet normal -0.857661 -0.514216 0
    outer loop
      vertex 13.9472 9.73335 5.49
      vertex 14.0229 9.60709 3.99
      vertex 14.0229 9.60709 5.49
    endloop
  endfacet
  facet normal 0.243175 -0.969982 0
    outer loop
      vertex 12.2646 10.3354 3.99
      vertex 12.4074 10.3712 5.49
      vertex 12.2646 10.3354 5.49
    endloop
  endfacet
  facet normal 0.243175 -0.969982 0
    outer loop
      vertex 12.4074 10.3712 5.49
      vertex 12.2646 10.3354 3.99
      vertex 12.4074 10.3712 3.99
    endloop
  endfacet
  facet normal 0.803184 -0.595731 0
    outer loop
      vertex 11.4528 9.73335 5.49
      vertex 11.5405 9.85159 3.99
      vertex 11.5405 9.85159 5.49
    endloop
  endfacet
  facet normal 0.803184 -0.595731 0
    outer loop
      vertex 11.5405 9.85159 3.99
      vertex 11.4528 9.73335 5.49
      vertex 11.4528 9.73335 3.99
    endloop
  endfacet
  facet normal 0.146746 -0.989174 0
    outer loop
      vertex 12.4074 10.3712 3.99
      vertex 12.553 10.3928 5.49
      vertex 12.4074 10.3712 5.49
    endloop
  endfacet
  facet normal 0.146746 -0.989174 0
    outer loop
      vertex 12.553 10.3928 5.49
      vertex 12.4074 10.3712 3.99
      vertex 12.553 10.3928 3.99
    endloop
  endfacet
  facet normal 0.336939 -0.941527 0
    outer loop
      vertex 12.126 10.2858 3.99
      vertex 12.2646 10.3354 5.49
      vertex 12.126 10.2858 5.49
    endloop
  endfacet
  facet normal 0.336939 -0.941527 0
    outer loop
      vertex 12.2646 10.3354 5.49
      vertex 12.126 10.2858 3.99
      vertex 12.2646 10.3354 3.99
    endloop
  endfacet
  facet normal 0 0 -1
    outer loop
      vertex 13.3 8.9 5.49
      vertex 14.2 8.9 5.49
      vertex 14.1928 8.75297 5.49
    endloop
  endfacet
  facet normal 0 0 -1
    outer loop
      vertex 13.2971 8.84119 5.49
      vertex 14.1928 8.75297 5.49
      vertex 14.1712 8.60736 5.49
    endloop
  endfacet
  facet normal 0 0 -1
    outer loop
      vertex 14.2 8.9 5.49
      vertex 13.3 8.9 5.49
      vertex 14.1928 9.04703 5.49
    endloop
  endfacet
  facet normal 0 0 -1
    outer loop
      vertex 13.2885 8.78295 5.49
      vertex 14.1712 8.60736 5.49
      vertex 14.1354 8.46457 5.49
    endloop
  endfacet
  facet normal 0 0 -1
    outer loop
      vertex 13.2971 8.95881 5.49
      vertex 14.1928 9.04703 5.49
      vertex 13.3 8.9 5.49
    endloop
  endfacet
  facet normal 0 0 -1
    outer loop
      vertex 13.2742 8.72583 5.49
      vertex 14.1354 8.46457 5.49
      vertex 14.0858 8.32597 5.49
    endloop
  endfacet
  facet normal -0 0 -1
    outer loop
      vertex 14.1928 9.04703 5.49
      vertex 13.2971 8.95881 5.49
      vertex 14.1712 9.19263 5.49
    endloop
  endfacet
  facet normal 0 0 -1
    outer loop
      vertex 13.2543 8.67039 5.49
      vertex 14.0858 8.32597 5.49
      vertex 14.0229 8.1929 5.49
    endloop
  endfacet
  facet normal 0 0 -1
    outer loop
      vertex 13.2885 9.01705 5.49
      vertex 14.1712 9.19263 5.49
      vertex 13.2971 8.95881 5.49
    endloop
  endfacet
  facet normal 0 0 -1
    outer loop
      vertex 13.2292 8.61716 5.49
      vertex 14.0229 8.1929 5.49
      vertex 13.9472 8.06664 5.49
    endloop
  endfacet
  facet normal -0 0 -1
    outer loop
      vertex 14.1712 9.19263 5.49
      vertex 13.2885 9.01705 5.49
      vertex 14.1354 9.33543 5.49
    endloop
  endfacet
  facet normal 0 0 -1
    outer loop
      vertex 13.1989 8.56666 5.49
      vertex 13.9472 8.06664 5.49
      vertex 13.8595 7.94841 5.49
    endloop
  endfacet
  facet normal 0 0 -1
    outer loop
      vertex 13.2742 9.07417 5.49
      vertex 14.1354 9.33543 5.49
      vertex 13.2885 9.01705 5.49
    endloop
  endfacet
  facet normal 0 0 -1
    outer loop
      vertex 13.1638 8.51936 5.49
      vertex 13.8595 7.94841 5.49
      vertex 13.7607 7.83934 5.49
    endloop
  endfacet
  facet normal -0 0 -1
    outer loop
      vertex 14.1354 9.33543 5.49
      vertex 13.2742 9.07417 5.49
      vertex 14.0858 9.47402 5.49
    endloop
  endfacet
  facet normal 0 0 -1
    outer loop
      vertex 13.1243 8.47574 5.49
      vertex 13.7607 7.83934 5.49
      vertex 13.6516 7.74048 5.49
    endloop
  endfacet
  facet normal 0 0 -1
    outer loop
      vertex 13.2543 9.12961 5.49
      vertex 14.0858 9.47402 5.49
      vertex 13.2742 9.07417 5.49
    endloop
  endfacet
  facet normal 0 0 -1
    outer loop
      vertex 13.0806 8.43619 5.49
      vertex 13.6516 7.74048 5.49
      vertex 13.5334 7.65279 5.49
    endloop
  endfacet
  facet normal -0 0 -1
    outer loop
      vertex 14.0858 9.47402 5.49
      vertex 13.2543 9.12961 5.49
      vertex 14.0229 9.60709 5.49
    endloop
  endfacet
  facet normal 0 0 -1
    outer loop
      vertex 13.0333 8.40112 5.49
      vertex 13.5334 7.65279 5.49
      vertex 13.4071 7.57712 5.49
    endloop
  endfacet
  facet normal 0 0 -1
    outer loop
      vertex 13.2292 9.18284 5.49
      vertex 14.0229 9.60709 5.49
      vertex 13.2543 9.12961 5.49
    endloop
  endfacet
  facet normal -0 0 -1
    outer loop
      vertex 14.0229 9.60709 5.49
      vertex 13.2292 9.18284 5.49
      vertex 13.9472 9.73335 5.49
    endloop
  endfacet
  facet normal 0 0 -1
    outer loop
      vertex 14.1928 8.75297 5.49
      vertex 13.2971 8.84119 5.49
      vertex 13.3 8.9 5.49
    endloop
  endfacet
  facet normal 0 0 -1
    outer loop
      vertex 14.1712 8.60736 5.49
      vertex 13.2885 8.78295 5.49
      vertex 13.2971 8.84119 5.49
    endloop
  endfacet
  facet normal 0 0 -1
    outer loop
      vertex 14.1354 8.46457 5.49
      vertex 13.2742 8.72583 5.49
      vertex 13.2885 8.78295 5.49
    endloop
  endfacet
  facet normal 0 0 -1
    outer loop
      vertex 12.9828 8.37085 5.49
      vertex 13.4071 7.57712 5.49
      vertex 13.274 7.51418 5.49
    endloop
  endfacet
  facet normal 0 0 -1
    outer loop
      vertex 14.0858 8.32597 5.49
      vertex 13.2543 8.67039 5.49
      vertex 13.2742 8.72583 5.49
    endloop
  endfacet
  facet normal 0 0 -1
    outer loop
      vertex 14.0229 8.1929 5.49
      vertex 13.2292 8.61716 5.49
      vertex 13.2543 8.67039 5.49
    endloop
  endfacet
  facet normal 0 0 -1
    outer loop
      vertex 13.9472 8.06664 5.49
      vertex 13.1989 8.56666 5.49
      vertex 13.2292 8.61716 5.49
    endloop
  endfacet
  facet normal 0 0 -1
    outer loop
      vertex 13.8595 7.94841 5.49
      vertex 13.1638 8.51936 5.49
      vertex 13.1989 8.56666 5.49
    endloop
  endfacet
  facet normal 0 0 -1
    outer loop
      vertex 12.9296 8.34567 5.49
      vertex 13.274 7.51418 5.49
      vertex 13.1354 7.46459 5.49
    endloop
  endfacet
  facet normal 0 0 -1
    outer loop
      vertex 13.7607 7.83934 5.49
      vertex 13.1243 8.47574 5.49
      vertex 13.1638 8.51936 5.49
    endloop
  endfacet
  facet normal 0 0 -1
    outer loop
      vertex 13.6516 7.74048 5.49
      vertex 13.0806 8.43619 5.49
      vertex 13.1243 8.47574 5.49
    endloop
  endfacet
  facet normal 0 0 -1
    outer loop
      vertex 13.5334 7.65279 5.49
      vertex 13.0333 8.40112 5.49
      vertex 13.0806 8.43619 5.49
    endloop
  endfacet
  facet normal 0 0 -1
    outer loop
      vertex 12.8742 8.32584 5.49
      vertex 13.1354 7.46459 5.49
      vertex 12.9926 7.42882 5.49
    endloop
  endfacet
  facet normal 0 0 -1
    outer loop
      vertex 13.4071 7.57712 5.49
      vertex 12.9828 8.37085 5.49
      vertex 13.0333 8.40112 5.49
    endloop
  endfacet
  facet normal 0 0 -1
    outer loop
      vertex 13.274 7.51418 5.49
      vertex 12.9296 8.34567 5.49
      vertex 12.9828 8.37085 5.49
    endloop
  endfacet
  facet normal 0 0 -1
    outer loop
      vertex 13.1354 7.46459 5.49
      vertex 12.8742 8.32584 5.49
      vertex 12.9296 8.34567 5.49
    endloop
  endfacet
  facet normal 0 0 -1
    outer loop
      vertex 12.8171 8.31153 5.49
      vertex 12.9926 7.42882 5.49
      vertex 12.847 7.40722 5.49
    endloop
  endfacet
  facet normal 0 0 -1
    outer loop
      vertex 12.9926 7.42882 5.49
      vertex 12.8171 8.31153 5.49
      vertex 12.8742 8.32584 5.49
    endloop
  endfacet
  facet normal 0 0 -1
    outer loop
      vertex 12.847 7.40722 5.49
      vertex 12.7588 8.30289 5.49
      vertex 12.8171 8.31153 5.49
    endloop
  endfacet
  facet normal 0 0 -1
    outer loop
      vertex 12.7 7.4 5.49
      vertex 12.7588 8.30289 5.49
      vertex 12.847 7.40722 5.49
    endloop
  endfacet
  facet normal 0 0 -1
    outer loop
      vertex 12.7 7.4 5.49
      vertex 12.7 8.3 5.49
      vertex 12.7588 8.30289 5.49
    endloop
  endfacet
  facet normal 0 0 -1
    outer loop
      vertex 12.7 7.4 5.49
      vertex 12.6412 8.30289 5.49
      vertex 12.7 8.3 5.49
    endloop
  endfacet
  facet normal 0 0 -1
    outer loop
      vertex 12.553 7.40722 5.49
      vertex 12.6412 8.30289 5.49
      vertex 12.7 7.4 5.49
    endloop
  endfacet
  facet normal -0 0 -1
    outer loop
      vertex 12.6412 8.30289 5.49
      vertex 12.553 7.40722 5.49
      vertex 12.5829 8.31153 5.49
    endloop
  endfacet
  facet normal 0 0 -1
    outer loop
      vertex 12.4074 7.42882 5.49
      vertex 12.5829 8.31153 5.49
      vertex 12.553 7.40722 5.49
    endloop
  endfacet
  facet normal -0 0 -1
    outer loop
      vertex 12.5829 8.31153 5.49
      vertex 12.4074 7.42882 5.49
      vertex 12.5258 8.32584 5.49
    endloop
  endfacet
  facet normal 0 0 -1
    outer loop
      vertex 12.2646 7.46459 5.49
      vertex 12.5258 8.32584 5.49
      vertex 12.4074 7.42882 5.49
    endloop
  endfacet
  facet normal -0 0 -1
    outer loop
      vertex 12.5258 8.32584 5.49
      vertex 12.2646 7.46459 5.49
      vertex 12.4704 8.34567 5.49
    endloop
  endfacet
  facet normal 0 0 -1
    outer loop
      vertex 12.126 7.51418 5.49
      vertex 12.4704 8.34567 5.49
      vertex 12.2646 7.46459 5.49
    endloop
  endfacet
  facet normal -0 0 -1
    outer loop
      vertex 12.4704 8.34567 5.49
      vertex 12.126 7.51418 5.49
      vertex 12.4172 8.37085 5.49
    endloop
  endfacet
  facet normal 0 0 -1
    outer loop
      vertex 11.9929 7.57712 5.49
      vertex 12.4172 8.37085 5.49
      vertex 12.126 7.51418 5.49
    endloop
  endfacet
  facet normal -0 0 -1
    outer loop
      vertex 12.4172 8.37085 5.49
      vertex 11.9929 7.57712 5.49
      vertex 12.3667 8.40112 5.49
    endloop
  endfacet
  facet normal 0 0 -1
    outer loop
      vertex 11.8666 7.65279 5.49
      vertex 12.3667 8.40112 5.49
      vertex 11.9929 7.57712 5.49
    endloop
  endfacet
  facet normal -0 0 -1
    outer loop
      vertex 12.3667 8.40112 5.49
      vertex 11.8666 7.65279 5.49
      vertex 12.3194 8.43619 5.49
    endloop
  endfacet
  facet normal 0 0 -1
    outer loop
      vertex 11.7484 7.74048 5.49
      vertex 12.3194 8.43619 5.49
      vertex 11.8666 7.65279 5.49
    endloop
  endfacet
  facet normal -0 0 -1
    outer loop
      vertex 12.3194 8.43619 5.49
      vertex 11.7484 7.74048 5.49
      vertex 12.2757 8.47574 5.49
    endloop
  endfacet
  facet normal 0 0 -1
    outer loop
      vertex 11.6393 7.83934 5.49
      vertex 12.2757 8.47574 5.49
      vertex 11.7484 7.74048 5.49
    endloop
  endfacet
  facet normal -0 0 -1
    outer loop
      vertex 12.2757 8.47574 5.49
      vertex 11.6393 7.83934 5.49
      vertex 12.2362 8.51936 5.49
    endloop
  endfacet
  facet normal 0 0 -1
    outer loop
      vertex 11.5405 7.94841 5.49
      vertex 12.2362 8.51936 5.49
      vertex 11.6393 7.83934 5.49
    endloop
  endfacet
  facet normal -0 0 -1
    outer loop
      vertex 12.2362 8.51936 5.49
      vertex 11.5405 7.94841 5.49
      vertex 12.2011 8.56666 5.49
    endloop
  endfacet
  facet normal 0 0 -1
    outer loop
      vertex 11.4528 8.06664 5.49
      vertex 12.2011 8.56666 5.49
      vertex 11.5405 7.94841 5.49
    endloop
  endfacet
  facet normal -0 0 -1
    outer loop
      vertex 12.2011 8.56666 5.49
      vertex 11.4528 8.06664 5.49
      vertex 12.1708 8.61716 5.49
    endloop
  endfacet
  facet normal 0 0 -1
    outer loop
      vertex 13.1989 9.23334 5.49
      vertex 13.9472 9.73335 5.49
      vertex 13.2292 9.18284 5.49
    endloop
  endfacet
  facet normal -0 0 -1
    outer loop
      vertex 13.9472 9.73335 5.49
      vertex 13.1989 9.23334 5.49
      vertex 13.8595 9.85159 5.49
    endloop
  endfacet
  facet normal 0 0 -1
    outer loop
      vertex 13.1638 9.28064 5.49
      vertex 13.8595 9.85159 5.49
      vertex 13.1989 9.23334 5.49
    endloop
  endfacet
  facet normal -0 0 -1
    outer loop
      vertex 13.8595 9.85159 5.49
      vertex 13.1638 9.28064 5.49
      vertex 13.7607 9.96066 5.49
    endloop
  endfacet
  facet normal 0 0 -1
    outer loop
      vertex 13.1243 9.32426 5.49
      vertex 13.7607 9.96066 5.49
      vertex 13.1638 9.28064 5.49
    endloop
  endfacet
  facet normal -0 0 -1
    outer loop
      vertex 13.7607 9.96066 5.49
      vertex 13.1243 9.32426 5.49
      vertex 13.6516 10.0595 5.49
    endloop
  endfacet
  facet normal 0 0 -1
    outer loop
      vertex 13.0806 9.36381 5.49
      vertex 13.6516 10.0595 5.49
      vertex 13.1243 9.32426 5.49
    endloop
  endfacet
  facet normal -0 0 -1
    outer loop
      vertex 13.6516 10.0595 5.49
      vertex 13.0806 9.36381 5.49
      vertex 13.5334 10.1472 5.49
    endloop
  endfacet
  facet normal 0 0 -1
    outer loop
      vertex 13.0333 9.39888 5.49
      vertex 13.5334 10.1472 5.49
      vertex 13.0806 9.36381 5.49
    endloop
  endfacet
  facet normal -0 0 -1
    outer loop
      vertex 13.5334 10.1472 5.49
      vertex 13.0333 9.39888 5.49
      vertex 13.4071 10.2229 5.49
    endloop
  endfacet
  facet normal 0 0 -1
    outer loop
      vertex 12.9828 9.42915 5.49
      vertex 13.4071 10.2229 5.49
      vertex 13.0333 9.39888 5.49
    endloop
  endfacet
  facet normal -0 0 -1
    outer loop
      vertex 13.4071 10.2229 5.49
      vertex 12.9828 9.42915 5.49
      vertex 13.274 10.2858 5.49
    endloop
  endfacet
  facet normal 0 0 -1
    outer loop
      vertex 12.9296 9.45433 5.49
      vertex 13.274 10.2858 5.49
      vertex 12.9828 9.42915 5.49
    endloop
  endfacet
  facet normal -0 0 -1
    outer loop
      vertex 13.274 10.2858 5.49
      vertex 12.9296 9.45433 5.49
      vertex 13.1354 10.3354 5.49
    endloop
  endfacet
  facet normal 0 0 -1
    outer loop
      vertex 12.8742 9.47416 5.49
      vertex 13.1354 10.3354 5.49
      vertex 12.9296 9.45433 5.49
    endloop
  endfacet
  facet normal -0 0 -1
    outer loop
      vertex 13.1354 10.3354 5.49
      vertex 12.8742 9.47416 5.49
      vertex 12.9926 10.3712 5.49
    endloop
  endfacet
  facet normal 0 0 -1
    outer loop
      vertex 12.8171 9.48847 5.49
      vertex 12.9926 10.3712 5.49
      vertex 12.8742 9.47416 5.49
    endloop
  endfacet
  facet normal -0 0 -1
    outer loop
      vertex 12.9926 10.3712 5.49
      vertex 12.8171 9.48847 5.49
      vertex 12.847 10.3928 5.49
    endloop
  endfacet
  facet normal 0 0 -1
    outer loop
      vertex 12.7588 9.49711 5.49
      vertex 12.847 10.3928 5.49
      vertex 12.8171 9.48847 5.49
    endloop
  endfacet
  facet normal 0 0 -1
    outer loop
      vertex 12.7 9.5 5.49
      vertex 12.847 10.3928 5.49
      vertex 12.7588 9.49711 5.49
    endloop
  endfacet
  facet normal 0 0 -1
    outer loop
      vertex 12.7 9.5 5.49
      vertex 12.7 10.4 5.49
      vertex 12.847 10.3928 5.49
    endloop
  endfacet
  facet normal 0 0 -1
    outer loop
      vertex 12.6412 9.49711 5.49
      vertex 12.7 10.4 5.49
      vertex 12.7 9.5 5.49
    endloop
  endfacet
  facet normal 0 0 -1
    outer loop
      vertex 12.553 10.3928 5.49
      vertex 12.6412 9.49711 5.49
      vertex 12.5829 9.48847 5.49
    endloop
  endfacet
  facet normal 0 0 -1
    outer loop
      vertex 12.6412 9.49711 5.49
      vertex 12.553 10.3928 5.49
      vertex 12.7 10.4 5.49
    endloop
  endfacet
  facet normal 0 0 -1
    outer loop
      vertex 12.4074 10.3712 5.49
      vertex 12.5829 9.48847 5.49
      vertex 12.5258 9.47416 5.49
    endloop
  endfacet
  facet normal 0 0 -1
    outer loop
      vertex 12.2646 10.3354 5.49
      vertex 12.5258 9.47416 5.49
      vertex 12.4704 9.45433 5.49
    endloop
  endfacet
  facet normal 0 0 -1
    outer loop
      vertex 12.126 10.2858 5.49
      vertex 12.4704 9.45433 5.49
      vertex 12.4172 9.42915 5.49
    endloop
  endfacet
  facet normal 0 0 -1
    outer loop
      vertex 12.5829 9.48847 5.49
      vertex 12.4074 10.3712 5.49
      vertex 12.553 10.3928 5.49
    endloop
  endfacet
  facet normal 0 0 -1
    outer loop
      vertex 11.9929 10.2229 5.49
      vertex 12.4172 9.42915 5.49
      vertex 12.3667 9.39888 5.49
    endloop
  endfacet
  facet normal 0 0 -1
    outer loop
      vertex 11.8666 10.1472 5.49
      vertex 12.3667 9.39888 5.49
      vertex 12.3194 9.36381 5.49
    endloop
  endfacet
  facet normal 0 0 -1
    outer loop
      vertex 11.7484 10.0595 5.49
      vertex 12.3194 9.36381 5.49
      vertex 12.2757 9.32426 5.49
    endloop
  endfacet
  facet normal 0 0 -1
    outer loop
      vertex 12.5258 9.47416 5.49
      vertex 12.2646 10.3354 5.49
      vertex 12.4074 10.3712 5.49
    endloop
  endfacet
  facet normal 0 0 -1
    outer loop
      vertex 11.6393 9.96066 5.49
      vertex 12.2757 9.32426 5.49
      vertex 12.2362 9.28064 5.49
    endloop
  endfacet
  facet normal 0 0 -1
    outer loop
      vertex 11.5405 9.85159 5.49
      vertex 12.2362 9.28064 5.49
      vertex 12.2011 9.23334 5.49
    endloop
  endfacet
  facet normal 0 0 -1
    outer loop
      vertex 11.4528 9.73335 5.49
      vertex 12.2011 9.23334 5.49
      vertex 12.1708 9.18284 5.49
    endloop
  endfacet
  facet normal 0 0 -1
    outer loop
      vertex 11.3771 9.60709 5.49
      vertex 12.1708 9.18284 5.49
      vertex 12.1457 9.12961 5.49
    endloop
  endfacet
  facet normal 0 0 -1
    outer loop
      vertex 12.4704 9.45433 5.49
      vertex 12.126 10.2858 5.49
      vertex 12.2646 10.3354 5.49
    endloop
  endfacet
  facet normal 0 0 -1
    outer loop
      vertex 11.3142 9.47402 5.49
      vertex 12.1457 9.12961 5.49
      vertex 12.1258 9.07417 5.49
    endloop
  endfacet
  facet normal 0 0 -1
    outer loop
      vertex 11.2646 9.33543 5.49
      vertex 12.1258 9.07417 5.49
      vertex 12.1115 9.01705 5.49
    endloop
  endfacet
  facet normal 0 0 -1
    outer loop
      vertex 11.2288 9.19263 5.49
      vertex 12.1115 9.01705 5.49
      vertex 12.1029 8.95881 5.49
    endloop
  endfacet
  facet normal 0 0 -1
    outer loop
      vertex 11.2072 9.04703 5.49
      vertex 12.1029 8.95881 5.49
      vertex 12.1 8.9 5.49
    endloop
  endfacet
  facet normal 0 0 -1
    outer loop
      vertex 11.3771 8.1929 5.49
      vertex 12.1708 8.61716 5.49
      vertex 11.4528 8.06664 5.49
    endloop
  endfacet
  facet normal 0 0 -1
    outer loop
      vertex 12.4172 9.42915 5.49
      vertex 11.9929 10.2229 5.49
      vertex 12.126 10.2858 5.49
    endloop
  endfacet
  facet normal -0 0 -1
    outer loop
      vertex 12.1708 8.61716 5.49
      vertex 11.3771 8.1929 5.49
      vertex 12.1457 8.67039 5.49
    endloop
  endfacet
  facet normal 0 0 -1
    outer loop
      vertex 12.3667 9.39888 5.49
      vertex 11.8666 10.1472 5.49
      vertex 11.9929 10.2229 5.49
    endloop
  endfacet
  facet normal 0 0 -1
    outer loop
      vertex 11.3142 8.32597 5.49
      vertex 12.1457 8.67039 5.49
      vertex 11.3771 8.1929 5.49
    endloop
  endfacet
  facet normal 0 0 -1
    outer loop
      vertex 12.3194 9.36381 5.49
      vertex 11.7484 10.0595 5.49
      vertex 11.8666 10.1472 5.49
    endloop
  endfacet
  facet normal -0 0 -1
    outer loop
      vertex 12.1457 8.67039 5.49
      vertex 11.3142 8.32597 5.49
      vertex 12.1258 8.72583 5.49
    endloop
  endfacet
  facet normal 0 0 -1
    outer loop
      vertex 12.2757 9.32426 5.49
      vertex 11.6393 9.96066 5.49
      vertex 11.7484 10.0595 5.49
    endloop
  endfacet
  facet normal 0 0 -1
    outer loop
      vertex 11.2646 8.46457 5.49
      vertex 12.1258 8.72583 5.49
      vertex 11.3142 8.32597 5.49
    endloop
  endfacet
  facet normal 0 0 -1
    outer loop
      vertex 12.2362 9.28064 5.49
      vertex 11.5405 9.85159 5.49
      vertex 11.6393 9.96066 5.49
    endloop
  endfacet
  facet normal -0 0 -1
    outer loop
      vertex 12.1258 8.72583 5.49
      vertex 11.2646 8.46457 5.49
      vertex 12.1115 8.78295 5.49
    endloop
  endfacet
  facet normal 0 0 -1
    outer loop
      vertex 12.2011 9.23334 5.49
      vertex 11.4528 9.73335 5.49
      vertex 11.5405 9.85159 5.49
    endloop
  endfacet
  facet normal 0 0 -1
    outer loop
      vertex 11.2288 8.60736 5.49
      vertex 12.1115 8.78295 5.49
      vertex 11.2646 8.46457 5.49
    endloop
  endfacet
  facet normal 0 0 -1
    outer loop
      vertex 12.1708 9.18284 5.49
      vertex 11.3771 9.60709 5.49
      vertex 11.4528 9.73335 5.49
    endloop
  endfacet
  facet normal -0 0 -1
    outer loop
      vertex 12.1115 8.78295 5.49
      vertex 11.2288 8.60736 5.49
      vertex 12.1029 8.84119 5.49
    endloop
  endfacet
  facet normal 0 0 -1
    outer loop
      vertex 12.1457 9.12961 5.49
      vertex 11.3142 9.47402 5.49
      vertex 11.3771 9.60709 5.49
    endloop
  endfacet
  facet normal 0 0 -1
    outer loop
      vertex 11.2072 8.75297 5.49
      vertex 12.1029 8.84119 5.49
      vertex 11.2288 8.60736 5.49
    endloop
  endfacet
  facet normal 0 0 -1
    outer loop
      vertex 12.1258 9.07417 5.49
      vertex 11.2646 9.33543 5.49
      vertex 11.3142 9.47402 5.49
    endloop
  endfacet
  facet normal -0 0 -1
    outer loop
      vertex 12.1029 8.84119 5.49
      vertex 11.2072 8.75297 5.49
      vertex 12.1 8.9 5.49
    endloop
  endfacet
  facet normal 0 0 -1
    outer loop
      vertex 12.1115 9.01705 5.49
      vertex 11.2288 9.19263 5.49
      vertex 11.2646 9.33543 5.49
    endloop
  endfacet
  facet normal 0 0 -1
    outer loop
      vertex 11.2 8.9 5.49
      vertex 12.1 8.9 5.49
      vertex 11.2072 8.75297 5.49
    endloop
  endfacet
  facet normal 0 0 -1
    outer loop
      vertex 12.1029 8.95881 5.49
      vertex 11.2072 9.04703 5.49
      vertex 11.2288 9.19263 5.49
    endloop
  endfacet
  facet normal 0 0 -1
    outer loop
      vertex 12.1 8.9 5.49
      vertex 11.2 8.9 5.49
      vertex 11.2072 9.04703 5.49
    endloop
  endfacet
  facet normal -0.513946 0.857822 0
    outer loop
      vertex 13.5334 7.65279 3.99
      vertex 13.4071 7.57712 5.49
      vertex 13.5334 7.65279 5.49
    endloop
  endfacet
  facet normal -0.513946 0.857822 0
    outer loop
      vertex 13.4071 7.57712 5.49
      vertex 13.5334 7.65279 3.99
      vertex 13.4071 7.57712 3.99
    endloop
  endfacet
  facet normal 0.904088 -0.427347 0
    outer loop
      vertex 11.3142 9.47402 5.49
      vertex 11.3771 9.60709 3.99
      vertex 11.3771 9.60709 5.49
    endloop
  endfacet
  facet normal 0.904088 -0.427347 0
    outer loop
      vertex 11.3771 9.60709 3.99
      vertex 11.3142 9.47402 5.49
      vertex 11.3142 9.47402 3.99
    endloop
  endfacet
  facet normal -0.242983 0.970031 0
    outer loop
      vertex 13.1354 7.46459 3.99
      vertex 12.9926 7.42882 5.49
      vertex 13.1354 7.46459 5.49
    endloop
  endfacet
  facet normal -0.242983 0.970031 0
    outer loop
      vertex 12.9926 7.42882 5.49
      vertex 13.1354 7.46459 3.99
      vertex 12.9926 7.42882 3.99
    endloop
  endfacet
  facet normal 0.513946 0.857822 -0
    outer loop
      vertex 11.9929 7.57712 3.99
      vertex 11.8666 7.65279 5.49
      vertex 11.9929 7.57712 5.49
    endloop
  endfacet
  facet normal 0.513946 0.857822 0
    outer loop
      vertex 11.8666 7.65279 5.49
      vertex 11.9929 7.57712 3.99
      vertex 11.8666 7.65279 3.99
    endloop
  endfacet
  facet normal -0.671475 0.741027 0
    outer loop
      vertex 13.7607 7.83934 3.99
      vertex 13.6516 7.74048 5.49
      vertex 13.7607 7.83934 5.49
    endloop
  endfacet
  facet normal -0.671475 0.741027 0
    outer loop
      vertex 13.6516 7.74048 5.49
      vertex 13.7607 7.83934 3.99
      vertex 13.6516 7.74048 3.99
    endloop
  endfacet
  facet normal 0.989176 0.146736 0
    outer loop
      vertex 11.2288 8.60736 5.49
      vertex 11.2072 8.75297 3.99
      vertex 11.2072 8.75297 5.49
    endloop
  endfacet
  facet normal 0.989176 0.146736 0
    outer loop
      vertex 11.2072 8.75297 3.99
      vertex 11.2288 8.60736 5.49
      vertex 11.2288 8.60736 3.99
    endloop
  endfacet
  facet normal 0.80316 0.595764 0
    outer loop
      vertex 11.5405 7.94841 5.49
      vertex 11.4528 8.06664 3.99
      vertex 11.4528 8.06664 5.49
    endloop
  endfacet
  facet normal 0.80316 0.595764 0
    outer loop
      vertex 11.4528 8.06664 3.99
      vertex 11.5405 7.94841 5.49
      vertex 11.5405 7.94841 3.99
    endloop
  endfacet
  facet normal 0.998803 -0.048911 0
    outer loop
      vertex 11.2 8.9 5.49
      vertex 11.2072 9.04703 3.99
      vertex 11.2072 9.04703 5.49
    endloop
  endfacet
  facet normal 0.998803 -0.048911 0
    outer loop
      vertex 11.2072 9.04703 3.99
      vertex 11.2 8.9 5.49
      vertex 11.2 8.9 3.99
    endloop
  endfacet
  facet normal 0.998803 0.048911 0
    outer loop
      vertex 11.2072 8.75297 5.49
      vertex 11.2 8.9 3.99
      vertex 11.2 8.9 5.49
    endloop
  endfacet
  facet normal 0.998803 0.048911 0
    outer loop
      vertex 11.2 8.9 3.99
      vertex 11.2072 8.75297 5.49
      vertex 11.2072 8.75297 3.99
    endloop
  endfacet
  facet normal 0.595817 0.80312 -0
    outer loop
      vertex 11.8666 7.65279 3.99
      vertex 11.7484 7.74048 5.49
      vertex 11.8666 7.65279 5.49
    endloop
  endfacet
  facet normal 0.595817 0.80312 0
    outer loop
      vertex 11.7484 7.74048 5.49
      vertex 11.8666 7.65279 3.99
      vertex 11.7484 7.74048 3.99
    endloop
  endfacet
  facet normal -0.336879 0.941548 0
    outer loop
      vertex 13.274 7.51418 3.99
      vertex 13.1354 7.46459 5.49
      vertex 13.274 7.51418 5.49
    endloop
  endfacet
  facet normal -0.336879 0.941548 0
    outer loop
      vertex 13.1354 7.46459 5.49
      vertex 13.274 7.51418 3.99
      vertex 13.1354 7.46459 3.99
    endloop
  endfacet
  facet normal 0.941519 -0.33696 0
    outer loop
      vertex 11.2646 9.33543 5.49
      vertex 11.3142 9.47402 3.99
      vertex 11.3142 9.47402 5.49
    endloop
  endfacet
  facet normal 0.941519 -0.33696 0
    outer loop
      vertex 11.3142 9.47402 3.99
      vertex 11.2646 9.33543 5.49
      vertex 11.2646 9.33543 3.99
    endloop
  endfacet
  facet normal 0.857661 -0.514216 0
    outer loop
      vertex 11.3771 9.60709 5.49
      vertex 11.4528 9.73335 3.99
      vertex 11.4528 9.73335 5.49
    endloop
  endfacet
  facet normal 0.857661 -0.514216 0
    outer loop
      vertex 11.4528 9.73335 3.99
      vertex 11.3771 9.60709 5.49
      vertex 11.3771 9.60709 3.99
    endloop
  endfacet
endsolid OpenSCAD_Model
