solid OpenSCAD_Model
  facet normal 0.146736 0.989176 -0
    outer loop
      vertex 1.17054 5.88471 0
      vertex 0.588102 5.97111 16
      vertex 1.17054 5.88471 16
    endloop
  endfacet
  facet normal 0.146736 0.989176 0
    outer loop
      vertex 0.588102 5.97111 16
      vertex 1.17054 5.88471 0
      vertex 0.588102 5.97111 0
    endloop
  endfacet
  facet normal 0.989176 0.146736 0
    outer loop
      vertex 5.97111 0.588102 16
      vertex 5.88471 1.17054 0
      vertex 5.88471 1.17054 16
    endloop
  endfacet
  facet normal 0.989176 0.146736 0
    outer loop
      vertex 5.88471 1.17054 0
      vertex 5.97111 0.588102 16
      vertex 5.97111 0.588102 0
    endloop
  endfacet
  facet normal 0.998796 0.049065 0
    outer loop
      vertex 6 0 16
      vertex 5.97111 0.588102 0
      vertex 5.97111 0.588102 16
    endloop
  endfacet
  facet normal 0.998796 0.049065 0
    outer loop
      vertex 5.97111 0.588102 0
      vertex 6 0 16
      vertex 6 0 0
    endloop
  endfacet
  facet normal 0.970032 0.242979 0
    outer loop
      vertex 5.88471 1.17054 16
      vertex 5.74164 1.74171 0
      vertex 5.74164 1.74171 16
    endloop
  endfacet
  facet normal 0.970032 0.242979 0
    outer loop
      vertex 5.74164 1.74171 0
      vertex 5.88471 1.17054 16
      vertex 5.88471 1.17054 0
    endloop
  endfacet
  facet normal 0.336884 -0.941546 0
    outer loop
      vertex 1.74171 -5.74164 0
      vertex 2.2961 -5.54328 16
      vertex 1.74171 -5.74164 16
    endloop
  endfacet
  facet normal 0.336884 -0.941546 0
    outer loop
      vertex 2.2961 -5.54328 16
      vertex 1.74171 -5.74164 0
      vertex 2.2961 -5.54328 0
    endloop
  endfacet
  facet normal 0.903989 -0.427556 0
    outer loop
      vertex 5.29153 -2.82838 16
      vertex 5.54328 -2.2961 0
      vertex 5.54328 -2.2961 16
    endloop
  endfacet
  facet normal 0.903989 -0.427556 0
    outer loop
      vertex 5.54328 -2.2961 0
      vertex 5.29153 -2.82838 16
      vertex 5.29153 -2.82838 0
    endloop
  endfacet
  facet normal 0.671558 0.740952 -0
    outer loop
      vertex 4.24264 4.24264 0
      vertex 3.80636 4.63806 16
      vertex 4.24264 4.24264 16
    endloop
  endfacet
  facet normal 0.671558 0.740952 0
    outer loop
      vertex 3.80636 4.63806 16
      vertex 4.24264 4.24264 0
      vertex 3.80636 4.63806 0
    endloop
  endfacet
  facet normal -0.740952 0.671558 0
    outer loop
      vertex -4.63806 3.80636 0
      vertex -4.24264 4.24264 16
      vertex -4.24264 4.24264 0
    endloop
  endfacet
  facet normal -0.740952 0.671558 0
    outer loop
      vertex -4.24264 4.24264 16
      vertex -4.63806 3.80636 0
      vertex -4.63806 3.80636 16
    endloop
  endfacet
  facet normal -0.146736 -0.989176 0
    outer loop
      vertex -1.17054 -5.88471 0
      vertex -0.588102 -5.97111 16
      vertex -1.17054 -5.88471 16
    endloop
  endfacet
  facet normal -0.146736 -0.989176 -0
    outer loop
      vertex -0.588102 -5.97111 16
      vertex -1.17054 -5.88471 0
      vertex -0.588102 -5.97111 0
    endloop
  endfacet
  facet normal 0.941546 0.336884 0
    outer loop
      vertex 5.74164 1.74171 16
      vertex 5.54328 2.2961 0
      vertex 5.54328 2.2961 16
    endloop
  endfacet
  facet normal 0.941546 0.336884 0
    outer loop
      vertex 5.54328 2.2961 0
      vertex 5.74164 1.74171 16
      vertex 5.74164 1.74171 0
    endloop
  endfacet
  facet normal -0.049065 0.998796 0
    outer loop
      vertex 0 6 0
      vertex -0.588102 5.97111 16
      vertex 0 6 16
    endloop
  endfacet
  facet normal -0.049065 0.998796 0
    outer loop
      vertex -0.588102 5.97111 16
      vertex 0 6 0
      vertex -0.588102 5.97111 0
    endloop
  endfacet
  facet normal 0.803204 0.595703 0
    outer loop
      vertex 4.98882 3.33342 16
      vertex 4.63806 3.80636 0
      vertex 4.63806 3.80636 16
    endloop
  endfacet
  facet normal 0.803204 0.595703 0
    outer loop
      vertex 4.63806 3.80636 0
      vertex 4.98882 3.33342 16
      vertex 4.98882 3.33342 0
    endloop
  endfacet
  facet normal 0.049065 -0.998796 0
    outer loop
      vertex 0 -6 0
      vertex 0.588102 -5.97111 16
      vertex 0 -6 16
    endloop
  endfacet
  facet normal 0.049065 -0.998796 0
    outer loop
      vertex 0.588102 -5.97111 16
      vertex 0 -6 0
      vertex 0.588102 -5.97111 0
    endloop
  endfacet
  facet normal 0.049065 0.998796 -0
    outer loop
      vertex 0.588102 5.97111 0
      vertex 0 6 16
      vertex 0.588102 5.97111 16
    endloop
  endfacet
  facet normal 0.049065 0.998796 0
    outer loop
      vertex 0 6 16
      vertex 0.588102 5.97111 0
      vertex 0 6 0
    endloop
  endfacet
  facet normal 0.857728 -0.514104 0
    outer loop
      vertex 4.98882 -3.33342 16
      vertex 5.29153 -2.82838 0
      vertex 5.29153 -2.82838 16
    endloop
  endfacet
  facet normal 0.857728 -0.514104 0
    outer loop
      vertex 5.29153 -2.82838 0
      vertex 4.98882 -3.33342 16
      vertex 4.98882 -3.33342 0
    endloop
  endfacet
  facet normal -0.595703 -0.803204 0
    outer loop
      vertex -3.80636 -4.63806 0
      vertex -3.33342 -4.98882 16
      vertex -3.80636 -4.63806 16
    endloop
  endfacet
  facet normal -0.595703 -0.803204 -0
    outer loop
      vertex -3.33342 -4.98882 16
      vertex -3.80636 -4.63806 0
      vertex -3.33342 -4.98882 0
    endloop
  endfacet
  facet normal -0.857728 0.514104 0
    outer loop
      vertex -5.29153 2.82838 0
      vertex -4.98882 3.33342 16
      vertex -4.98882 3.33342 0
    endloop
  endfacet
  facet normal -0.857728 0.514104 0
    outer loop
      vertex -4.98882 3.33342 16
      vertex -5.29153 2.82838 0
      vertex -5.29153 2.82838 16
    endloop
  endfacet
  facet normal -0.242979 -0.970032 0
    outer loop
      vertex -1.74171 -5.74164 0
      vertex -1.17054 -5.88471 16
      vertex -1.74171 -5.74164 16
    endloop
  endfacet
  facet normal -0.242979 -0.970032 -0
    outer loop
      vertex -1.17054 -5.88471 16
      vertex -1.74171 -5.74164 0
      vertex -1.17054 -5.88471 0
    endloop
  endfacet
  facet normal 0.857728 0.514104 0
    outer loop
      vertex 5.29153 2.82838 16
      vertex 4.98882 3.33342 0
      vertex 4.98882 3.33342 16
    endloop
  endfacet
  facet normal 0.857728 0.514104 0
    outer loop
      vertex 4.98882 3.33342 0
      vertex 5.29153 2.82838 16
      vertex 5.29153 2.82838 0
    endloop
  endfacet
  facet normal -0.998796 -0.049065 0
    outer loop
      vertex -5.97111 -0.588102 0
      vertex -6 0 16
      vertex -6 0 0
    endloop
  endfacet
  facet normal -0.998796 -0.049065 0
    outer loop
      vertex -6 0 16
      vertex -5.97111 -0.588102 0
      vertex -5.97111 -0.588102 16
    endloop
  endfacet
  facet normal 0.903989 0.427556 0
    outer loop
      vertex 5.54328 2.2961 16
      vertex 5.29153 2.82838 0
      vertex 5.29153 2.82838 16
    endloop
  endfacet
  facet normal 0.903989 0.427556 0
    outer loop
      vertex 5.29153 2.82838 0
      vertex 5.54328 2.2961 16
      vertex 5.54328 2.2961 0
    endloop
  endfacet
  facet normal 0.970032 -0.242979 0
    outer loop
      vertex 5.74164 -1.74171 16
      vertex 5.88471 -1.17054 0
      vertex 5.88471 -1.17054 16
    endloop
  endfacet
  facet normal 0.970032 -0.242979 0
    outer loop
      vertex 5.88471 -1.17054 0
      vertex 5.74164 -1.74171 16
      vertex 5.74164 -1.74171 0
    endloop
  endfacet
  facet normal -0.970032 0.242979 0
    outer loop
      vertex -5.88471 1.17054 0
      vertex -5.74164 1.74171 16
      vertex -5.74164 1.74171 0
    endloop
  endfacet
  facet normal -0.970032 0.242979 0
    outer loop
      vertex -5.74164 1.74171 16
      vertex -5.88471 1.17054 0
      vertex -5.88471 1.17054 16
    endloop
  endfacet
  facet normal -0.427556 -0.903989 0
    outer loop
      vertex -2.82838 -5.29153 0
      vertex -2.2961 -5.54328 16
      vertex -2.82838 -5.29153 16
    endloop
  endfacet
  facet normal -0.427556 -0.903989 -0
    outer loop
      vertex -2.2961 -5.54328 16
      vertex -2.82838 -5.29153 0
      vertex -2.2961 -5.54328 0
    endloop
  endfacet
  facet normal -0.970032 -0.242979 0
    outer loop
      vertex -5.74164 -1.74171 0
      vertex -5.88471 -1.17054 16
      vertex -5.88471 -1.17054 0
    endloop
  endfacet
  facet normal -0.970032 -0.242979 0
    outer loop
      vertex -5.88471 -1.17054 16
      vertex -5.74164 -1.74171 0
      vertex -5.74164 -1.74171 16
    endloop
  endfacet
  facet normal 0.336884 0.941546 -0
    outer loop
      vertex 2.2961 5.54328 0
      vertex 1.74171 5.74164 16
      vertex 2.2961 5.54328 16
    endloop
  endfacet
  facet normal 0.336884 0.941546 0
    outer loop
      vertex 1.74171 5.74164 16
      vertex 2.2961 5.54328 0
      vertex 1.74171 5.74164 0
    endloop
  endfacet
  facet normal 0.989176 -0.146736 0
    outer loop
      vertex 5.88471 -1.17054 16
      vertex 5.97111 -0.588102 0
      vertex 5.97111 -0.588102 16
    endloop
  endfacet
  facet normal 0.989176 -0.146736 0
    outer loop
      vertex 5.97111 -0.588102 0
      vertex 5.88471 -1.17054 16
      vertex 5.88471 -1.17054 0
    endloop
  endfacet
  facet normal -0.146736 0.989176 0
    outer loop
      vertex -0.588102 5.97111 0
      vertex -1.17054 5.88471 16
      vertex -0.588102 5.97111 16
    endloop
  endfacet
  facet normal -0.146736 0.989176 0
    outer loop
      vertex -1.17054 5.88471 16
      vertex -0.588102 5.97111 0
      vertex -1.17054 5.88471 0
    endloop
  endfacet
  facet normal 0.427556 -0.903989 0
    outer loop
      vertex 2.2961 -5.54328 0
      vertex 2.82838 -5.29153 16
      vertex 2.2961 -5.54328 16
    endloop
  endfacet
  facet normal 0.427556 -0.903989 0
    outer loop
      vertex 2.82838 -5.29153 16
      vertex 2.2961 -5.54328 0
      vertex 2.82838 -5.29153 0
    endloop
  endfacet
  facet normal -0.671558 0.740952 0
    outer loop
      vertex -3.80636 4.63806 0
      vertex -4.24264 4.24264 16
      vertex -3.80636 4.63806 16
    endloop
  endfacet
  facet normal -0.671558 0.740952 0
    outer loop
      vertex -4.24264 4.24264 16
      vertex -3.80636 4.63806 0
      vertex -4.24264 4.24264 0
    endloop
  endfacet
  facet normal 0 0 -1
    outer loop
      vertex 3 0 0
      vertex 6 0 0
      vertex 5.97111 -0.588102 0
    endloop
  endfacet
  facet normal 0 0 -1
    outer loop
      vertex 2.98555 -0.294051 0
      vertex 5.97111 -0.588102 0
      vertex 5.88471 -1.17054 0
    endloop
  endfacet
  facet normal 0 0 -1
    outer loop
      vertex 6 0 0
      vertex 3 0 0
      vertex 5.97111 0.588102 0
    endloop
  endfacet
  facet normal 0 0 -1
    outer loop
      vertex 2.94236 -0.585271 0
      vertex 5.88471 -1.17054 0
      vertex 5.74164 -1.74171 0
    endloop
  endfacet
  facet normal 0 0 -1
    outer loop
      vertex 2.98555 0.294051 0
      vertex 5.97111 0.588102 0
      vertex 3 0 0
    endloop
  endfacet
  facet normal 0 0 -1
    outer loop
      vertex 2.87082 -0.870853 0
      vertex 5.74164 -1.74171 0
      vertex 5.54328 -2.2961 0
    endloop
  endfacet
  facet normal -0 0 -1
    outer loop
      vertex 5.97111 0.588102 0
      vertex 2.98555 0.294051 0
      vertex 5.88471 1.17054 0
    endloop
  endfacet
  facet normal 0 0 -1
    outer loop
      vertex 2.77164 -1.14805 0
      vertex 5.54328 -2.2961 0
      vertex 5.29153 -2.82838 0
    endloop
  endfacet
  facet normal 0 0 -1
    outer loop
      vertex 2.94236 0.585271 0
      vertex 5.88471 1.17054 0
      vertex 2.98555 0.294051 0
    endloop
  endfacet
  facet normal 0 0 -1
    outer loop
      vertex 2.64576 -1.41419 0
      vertex 5.29153 -2.82838 0
      vertex 4.98882 -3.33342 0
    endloop
  endfacet
  facet normal -0 0 -1
    outer loop
      vertex 5.88471 1.17054 0
      vertex 2.94236 0.585271 0
      vertex 5.74164 1.74171 0
    endloop
  endfacet
  facet normal 0 0 -1
    outer loop
      vertex 2.49441 -1.66671 0
      vertex 4.98882 -3.33342 0
      vertex 4.63806 -3.80636 0
    endloop
  endfacet
  facet normal 0 0 -1
    outer loop
      vertex 2.87082 0.870853 0
      vertex 5.74164 1.74171 0
      vertex 2.94236 0.585271 0
    endloop
  endfacet
  facet normal 0 0 -1
    outer loop
      vertex 2.31903 -1.90318 0
      vertex 4.63806 -3.80636 0
      vertex 4.24264 -4.24264 0
    endloop
  endfacet
  facet normal -0 0 -1
    outer loop
      vertex 5.74164 1.74171 0
      vertex 2.87082 0.870853 0
      vertex 5.54328 2.2961 0
    endloop
  endfacet
  facet normal 0 0 -1
    outer loop
      vertex 2.12132 -2.12132 0
      vertex 4.24264 -4.24264 0
      vertex 3.80636 -4.63806 0
    endloop
  endfacet
  facet normal 0 0 -1
    outer loop
      vertex 2.77164 1.14805 0
      vertex 5.54328 2.2961 0
      vertex 2.87082 0.870853 0
    endloop
  endfacet
  facet normal 0 0 -1
    outer loop
      vertex 1.90318 -2.31903 0
      vertex 3.80636 -4.63806 0
      vertex 3.33342 -4.98882 0
    endloop
  endfacet
  facet normal -0 0 -1
    outer loop
      vertex 5.54328 2.2961 0
      vertex 2.77164 1.14805 0
      vertex 5.29153 2.82838 0
    endloop
  endfacet
  facet normal 0 0 -1
    outer loop
      vertex 2.64576 1.41419 0
      vertex 5.29153 2.82838 0
      vertex 2.77164 1.14805 0
    endloop
  endfacet
  facet normal 0 0 -1
    outer loop
      vertex 5.97111 -0.588102 0
      vertex 2.98555 -0.294051 0
      vertex 3 0 0
    endloop
  endfacet
  facet normal 0 0 -1
    outer loop
      vertex 5.88471 -1.17054 0
      vertex 2.94236 -0.585271 0
      vertex 2.98555 -0.294051 0
    endloop
  endfacet
  facet normal 0 0 -1
    outer loop
      vertex 5.74164 -1.74171 0
      vertex 2.87082 -0.870853 0
      vertex 2.94236 -0.585271 0
    endloop
  endfacet
  facet normal 0 0 -1
    outer loop
      vertex 1.66671 -2.49441 0
      vertex 3.33342 -4.98882 0
      vertex 2.82838 -5.29153 0
    endloop
  endfacet
  facet normal 0 0 -1
    outer loop
      vertex 5.54328 -2.2961 0
      vertex 2.77164 -1.14805 0
      vertex 2.87082 -0.870853 0
    endloop
  endfacet
  facet normal 0 0 -1
    outer loop
      vertex 5.29153 -2.82838 0
      vertex 2.64576 -1.41419 0
      vertex 2.77164 -1.14805 0
    endloop
  endfacet
  facet normal 0 0 -1
    outer loop
      vertex 4.98882 -3.33342 0
      vertex 2.49441 -1.66671 0
      vertex 2.64576 -1.41419 0
    endloop
  endfacet
  facet normal 0 0 -1
    outer loop
      vertex 4.63806 -3.80636 0
      vertex 2.31903 -1.90318 0
      vertex 2.49441 -1.66671 0
    endloop
  endfacet
  facet normal 0 0 -1
    outer loop
      vertex 1.41419 -2.64576 0
      vertex 2.82838 -5.29153 0
      vertex 2.2961 -5.54328 0
    endloop
  endfacet
  facet normal 0 0 -1
    outer loop
      vertex 4.24264 -4.24264 0
      vertex 2.12132 -2.12132 0
      vertex 2.31903 -1.90318 0
    endloop
  endfacet
  facet normal 0 0 -1
    outer loop
      vertex 3.80636 -4.63806 0
      vertex 1.90318 -2.31903 0
      vertex 2.12132 -2.12132 0
    endloop
  endfacet
  facet normal 0 0 -1
    outer loop
      vertex 1.14805 -2.77164 0
      vertex 2.2961 -5.54328 0
      vertex 1.74171 -5.74164 0
    endloop
  endfacet
  facet normal 0 0 -1
    outer loop
      vertex 3.33342 -4.98882 0
      vertex 1.66671 -2.49441 0
      vertex 1.90318 -2.31903 0
    endloop
  endfacet
  facet normal 0 0 -1
    outer loop
      vertex 2.82838 -5.29153 0
      vertex 1.41419 -2.64576 0
      vertex 1.66671 -2.49441 0
    endloop
  endfacet
  facet normal 0 0 -1
    outer loop
      vertex 0.870853 -2.87082 0
      vertex 1.74171 -5.74164 0
      vertex 1.17054 -5.88471 0
    endloop
  endfacet
  facet normal 0 0 -1
    outer loop
      vertex 2.2961 -5.54328 0
      vertex 1.14805 -2.77164 0
      vertex 1.41419 -2.64576 0
    endloop
  endfacet
  facet normal 0 0 -1
    outer loop
      vertex 1.74171 -5.74164 0
      vertex 0.870853 -2.87082 0
      vertex 1.14805 -2.77164 0
    endloop
  endfacet
  facet normal 0 0 -1
    outer loop
      vertex 0.585271 -2.94236 0
      vertex 1.17054 -5.88471 0
      vertex 0.588102 -5.97111 0
    endloop
  endfacet
  facet normal 0 0 -1
    outer loop
      vertex 1.17054 -5.88471 0
      vertex 0.585271 -2.94236 0
      vertex 0.870853 -2.87082 0
    endloop
  endfacet
  facet normal 0 0 -1
    outer loop
      vertex 0.588102 -5.97111 0
      vertex 0.294051 -2.98555 0
      vertex 0.585271 -2.94236 0
    endloop
  endfacet
  facet normal 0 0 -1
    outer loop
      vertex 0 -6 0
      vertex 0.294051 -2.98555 0
      vertex 0.588102 -5.97111 0
    endloop
  endfacet
  facet normal 0 0 -1
    outer loop
      vertex 0 -6 0
      vertex 0 -3 0
      vertex 0.294051 -2.98555 0
    endloop
  endfacet
  facet normal 0 0 -1
    outer loop
      vertex 0 -6 0
      vertex -0.294051 -2.98555 0
      vertex 0 -3 0
    endloop
  endfacet
  facet normal 0 0 -1
    outer loop
      vertex -0.588102 -5.97111 0
      vertex -0.294051 -2.98555 0
      vertex 0 -6 0
    endloop
  endfacet
  facet normal -0 0 -1
    outer loop
      vertex -0.294051 -2.98555 0
      vertex -0.588102 -5.97111 0
      vertex -0.585271 -2.94236 0
    endloop
  endfacet
  facet normal 0 0 -1
    outer loop
      vertex -1.17054 -5.88471 0
      vertex -0.585271 -2.94236 0
      vertex -0.588102 -5.97111 0
    endloop
  endfacet
  facet normal -0 0 -1
    outer loop
      vertex -0.585271 -2.94236 0
      vertex -1.17054 -5.88471 0
      vertex -0.870853 -2.87082 0
    endloop
  endfacet
  facet normal 0 0 -1
    outer loop
      vertex -1.74171 -5.74164 0
      vertex -0.870853 -2.87082 0
      vertex -1.17054 -5.88471 0
    endloop
  endfacet
  facet normal -0 0 -1
    outer loop
      vertex -0.870853 -2.87082 0
      vertex -1.74171 -5.74164 0
      vertex -1.14805 -2.77164 0
    endloop
  endfacet
  facet normal 0 0 -1
    outer loop
      vertex -2.2961 -5.54328 0
      vertex -1.14805 -2.77164 0
      vertex -1.74171 -5.74164 0
    endloop
  endfacet
  facet normal -0 0 -1
    outer loop
      vertex -1.14805 -2.77164 0
      vertex -2.2961 -5.54328 0
      vertex -1.41419 -2.64576 0
    endloop
  endfacet
  facet normal 0 0 -1
    outer loop
      vertex -2.82838 -5.29153 0
      vertex -1.41419 -2.64576 0
      vertex -2.2961 -5.54328 0
    endloop
  endfacet
  facet normal -0 0 -1
    outer loop
      vertex -1.41419 -2.64576 0
      vertex -2.82838 -5.29153 0
      vertex -1.66671 -2.49441 0
    endloop
  endfacet
  facet normal 0 0 -1
    outer loop
      vertex -3.33342 -4.98882 0
      vertex -1.66671 -2.49441 0
      vertex -2.82838 -5.29153 0
    endloop
  endfacet
  facet normal -0 0 -1
    outer loop
      vertex -1.66671 -2.49441 0
      vertex -3.33342 -4.98882 0
      vertex -1.90318 -2.31903 0
    endloop
  endfacet
  facet normal 0 0 -1
    outer loop
      vertex -3.80636 -4.63806 0
      vertex -1.90318 -2.31903 0
      vertex -3.33342 -4.98882 0
    endloop
  endfacet
  facet normal -0 0 -1
    outer loop
      vertex -1.90318 -2.31903 0
      vertex -3.80636 -4.63806 0
      vertex -2.12132 -2.12132 0
    endloop
  endfacet
  facet normal 0 0 -1
    outer loop
      vertex -4.24264 -4.24264 0
      vertex -2.12132 -2.12132 0
      vertex -3.80636 -4.63806 0
    endloop
  endfacet
  facet normal -0 0 -1
    outer loop
      vertex -2.12132 -2.12132 0
      vertex -4.24264 -4.24264 0
      vertex -2.31903 -1.90318 0
    endloop
  endfacet
  facet normal 0 0 -1
    outer loop
      vertex -4.63806 -3.80636 0
      vertex -2.31903 -1.90318 0
      vertex -4.24264 -4.24264 0
    endloop
  endfacet
  facet normal -0 0 -1
    outer loop
      vertex -2.31903 -1.90318 0
      vertex -4.63806 -3.80636 0
      vertex -2.49441 -1.66671 0
    endloop
  endfacet
  facet normal 0 0 -1
    outer loop
      vertex -4.98882 -3.33342 0
      vertex -2.49441 -1.66671 0
      vertex -4.63806 -3.80636 0
    endloop
  endfacet
  facet normal -0 0 -1
    outer loop
      vertex -2.49441 -1.66671 0
      vertex -4.98882 -3.33342 0
      vertex -2.64576 -1.41419 0
    endloop
  endfacet
  facet normal 0 0 -1
    outer loop
      vertex -5.29153 -2.82838 0
      vertex -2.64576 -1.41419 0
      vertex -4.98882 -3.33342 0
    endloop
  endfacet
  facet normal -0 0 -1
    outer loop
      vertex 5.29153 2.82838 0
      vertex 2.64576 1.41419 0
      vertex 4.98882 3.33342 0
    endloop
  endfacet
  facet normal 0 0 -1
    outer loop
      vertex 2.49441 1.66671 0
      vertex 4.98882 3.33342 0
      vertex 2.64576 1.41419 0
    endloop
  endfacet
  facet normal -0 0 -1
    outer loop
      vertex 4.98882 3.33342 0
      vertex 2.49441 1.66671 0
      vertex 4.63806 3.80636 0
    endloop
  endfacet
  facet normal 0 0 -1
    outer loop
      vertex 2.31903 1.90318 0
      vertex 4.63806 3.80636 0
      vertex 2.49441 1.66671 0
    endloop
  endfacet
  facet normal -0 0 -1
    outer loop
      vertex 4.63806 3.80636 0
      vertex 2.31903 1.90318 0
      vertex 4.24264 4.24264 0
    endloop
  endfacet
  facet normal 0 0 -1
    outer loop
      vertex 2.12132 2.12132 0
      vertex 4.24264 4.24264 0
      vertex 2.31903 1.90318 0
    endloop
  endfacet
  facet normal -0 0 -1
    outer loop
      vertex 4.24264 4.24264 0
      vertex 2.12132 2.12132 0
      vertex 3.80636 4.63806 0
    endloop
  endfacet
  facet normal 0 0 -1
    outer loop
      vertex 1.90318 2.31903 0
      vertex 3.80636 4.63806 0
      vertex 2.12132 2.12132 0
    endloop
  endfacet
  facet normal -0 0 -1
    outer loop
      vertex 3.80636 4.63806 0
      vertex 1.90318 2.31903 0
      vertex 3.33342 4.98882 0
    endloop
  endfacet
  facet normal 0 0 -1
    outer loop
      vertex 1.66671 2.49441 0
      vertex 3.33342 4.98882 0
      vertex 1.90318 2.31903 0
    endloop
  endfacet
  facet normal -0 0 -1
    outer loop
      vertex 3.33342 4.98882 0
      vertex 1.66671 2.49441 0
      vertex 2.82838 5.29153 0
    endloop
  endfacet
  facet normal 0 0 -1
    outer loop
      vertex 1.41419 2.64576 0
      vertex 2.82838 5.29153 0
      vertex 1.66671 2.49441 0
    endloop
  endfacet
  facet normal -0 0 -1
    outer loop
      vertex 2.82838 5.29153 0
      vertex 1.41419 2.64576 0
      vertex 2.2961 5.54328 0
    endloop
  endfacet
  facet normal 0 0 -1
    outer loop
      vertex 1.14805 2.77164 0
      vertex 2.2961 5.54328 0
      vertex 1.41419 2.64576 0
    endloop
  endfacet
  facet normal -0 0 -1
    outer loop
      vertex 2.2961 5.54328 0
      vertex 1.14805 2.77164 0
      vertex 1.74171 5.74164 0
    endloop
  endfacet
  facet normal 0 0 -1
    outer loop
      vertex 0.870853 2.87082 0
      vertex 1.74171 5.74164 0
      vertex 1.14805 2.77164 0
    endloop
  endfacet
  facet normal -0 0 -1
    outer loop
      vertex 1.74171 5.74164 0
      vertex 0.870853 2.87082 0
      vertex 1.17054 5.88471 0
    endloop
  endfacet
  facet normal 0 0 -1
    outer loop
      vertex 0.585271 2.94236 0
      vertex 1.17054 5.88471 0
      vertex 0.870853 2.87082 0
    endloop
  endfacet
  facet normal -0 0 -1
    outer loop
      vertex 1.17054 5.88471 0
      vertex 0.585271 2.94236 0
      vertex 0.588102 5.97111 0
    endloop
  endfacet
  facet normal 0 0 -1
    outer loop
      vertex 0.294051 2.98555 0
      vertex 0.588102 5.97111 0
      vertex 0.585271 2.94236 0
    endloop
  endfacet
  facet normal 0 0 -1
    outer loop
      vertex 0 3 0
      vertex 0.588102 5.97111 0
      vertex 0.294051 2.98555 0
    endloop
  endfacet
  facet normal 0 0 -1
    outer loop
      vertex 0 3 0
      vertex 0 6 0
      vertex 0.588102 5.97111 0
    endloop
  endfacet
  facet normal 0 0 -1
    outer loop
      vertex -0.294051 2.98555 0
      vertex 0 6 0
      vertex 0 3 0
    endloop
  endfacet
  facet normal 0 0 -1
    outer loop
      vertex -0.588102 5.97111 0
      vertex -0.294051 2.98555 0
      vertex -0.585271 2.94236 0
    endloop
  endfacet
  facet normal 0 0 -1
    outer loop
      vertex -0.294051 2.98555 0
      vertex -0.588102 5.97111 0
      vertex 0 6 0
    endloop
  endfacet
  facet normal 0 0 -1
    outer loop
      vertex -1.17054 5.88471 0
      vertex -0.585271 2.94236 0
      vertex -0.870853 2.87082 0
    endloop
  endfacet
  facet normal 0 0 -1
    outer loop
      vertex -1.74171 5.74164 0
      vertex -0.870853 2.87082 0
      vertex -1.14805 2.77164 0
    endloop
  endfacet
  facet normal 0 0 -1
    outer loop
      vertex -0.585271 2.94236 0
      vertex -1.17054 5.88471 0
      vertex -0.588102 5.97111 0
    endloop
  endfacet
  facet normal 0 0 -1
    outer loop
      vertex -2.2961 5.54328 0
      vertex -1.14805 2.77164 0
      vertex -1.41419 2.64576 0
    endloop
  endfacet
  facet normal 0 0 -1
    outer loop
      vertex -2.82838 5.29153 0
      vertex -1.41419 2.64576 0
      vertex -1.66671 2.49441 0
    endloop
  endfacet
  facet normal 0 0 -1
    outer loop
      vertex -0.870853 2.87082 0
      vertex -1.74171 5.74164 0
      vertex -1.17054 5.88471 0
    endloop
  endfacet
  facet normal 0 0 -1
    outer loop
      vertex -3.33342 4.98882 0
      vertex -1.66671 2.49441 0
      vertex -1.90318 2.31903 0
    endloop
  endfacet
  facet normal 0 0 -1
    outer loop
      vertex -3.80636 4.63806 0
      vertex -1.90318 2.31903 0
      vertex -2.12132 2.12132 0
    endloop
  endfacet
  facet normal 0 0 -1
    outer loop
      vertex -1.14805 2.77164 0
      vertex -2.2961 5.54328 0
      vertex -1.74171 5.74164 0
    endloop
  endfacet
  facet normal 0 0 -1
    outer loop
      vertex -4.24264 4.24264 0
      vertex -2.12132 2.12132 0
      vertex -2.31903 1.90318 0
    endloop
  endfacet
  facet normal 0 0 -1
    outer loop
      vertex -4.63806 3.80636 0
      vertex -2.31903 1.90318 0
      vertex -2.49441 1.66671 0
    endloop
  endfacet
  facet normal 0 0 -1
    outer loop
      vertex -4.98882 3.33342 0
      vertex -2.49441 1.66671 0
      vertex -2.64576 1.41419 0
    endloop
  endfacet
  facet normal 0 0 -1
    outer loop
      vertex -5.29153 2.82838 0
      vertex -2.64576 1.41419 0
      vertex -2.77164 1.14805 0
    endloop
  endfacet
  facet normal 0 0 -1
    outer loop
      vertex -1.41419 2.64576 0
      vertex -2.82838 5.29153 0
      vertex -2.2961 5.54328 0
    endloop
  endfacet
  facet normal 0 0 -1
    outer loop
      vertex -5.54328 2.2961 0
      vertex -2.77164 1.14805 0
      vertex -2.87082 0.870853 0
    endloop
  endfacet
  facet normal 0 0 -1
    outer loop
      vertex -5.74164 1.74171 0
      vertex -2.87082 0.870853 0
      vertex -2.94236 0.585271 0
    endloop
  endfacet
  facet normal 0 0 -1
    outer loop
      vertex -5.88471 1.17054 0
      vertex -2.94236 0.585271 0
      vertex -2.98555 0.294051 0
    endloop
  endfacet
  facet normal 0 0 -1
    outer loop
      vertex -5.97111 0.588102 0
      vertex -2.98555 0.294051 0
      vertex -3 0 0
    endloop
  endfacet
  facet normal -0 0 -1
    outer loop
      vertex -2.64576 -1.41419 0
      vertex -5.29153 -2.82838 0
      vertex -2.77164 -1.14805 0
    endloop
  endfacet
  facet normal 0 0 -1
    outer loop
      vertex -1.66671 2.49441 0
      vertex -3.33342 4.98882 0
      vertex -2.82838 5.29153 0
    endloop
  endfacet
  facet normal 0 0 -1
    outer loop
      vertex -5.54328 -2.2961 0
      vertex -2.77164 -1.14805 0
      vertex -5.29153 -2.82838 0
    endloop
  endfacet
  facet normal 0 0 -1
    outer loop
      vertex -1.90318 2.31903 0
      vertex -3.80636 4.63806 0
      vertex -3.33342 4.98882 0
    endloop
  endfacet
  facet normal -0 0 -1
    outer loop
      vertex -2.77164 -1.14805 0
      vertex -5.54328 -2.2961 0
      vertex -2.87082 -0.870853 0
    endloop
  endfacet
  facet normal 0 0 -1
    outer loop
      vertex -2.12132 2.12132 0
      vertex -4.24264 4.24264 0
      vertex -3.80636 4.63806 0
    endloop
  endfacet
  facet normal 0 0 -1
    outer loop
      vertex -5.74164 -1.74171 0
      vertex -2.87082 -0.870853 0
      vertex -5.54328 -2.2961 0
    endloop
  endfacet
  facet normal 0 0 -1
    outer loop
      vertex -2.31903 1.90318 0
      vertex -4.63806 3.80636 0
      vertex -4.24264 4.24264 0
    endloop
  endfacet
  facet normal -0 0 -1
    outer loop
      vertex -2.87082 -0.870853 0
      vertex -5.74164 -1.74171 0
      vertex -2.94236 -0.585271 0
    endloop
  endfacet
  facet normal 0 0 -1
    outer loop
      vertex -2.49441 1.66671 0
      vertex -4.98882 3.33342 0
      vertex -4.63806 3.80636 0
    endloop
  endfacet
  facet normal 0 0 -1
    outer loop
      vertex -5.88471 -1.17054 0
      vertex -2.94236 -0.585271 0
      vertex -5.74164 -1.74171 0
    endloop
  endfacet
  facet normal 0 0 -1
    outer loop
      vertex -2.64576 1.41419 0
      vertex -5.29153 2.82838 0
      vertex -4.98882 3.33342 0
    endloop
  endfacet
  facet normal -0 0 -1
    outer loop
      vertex -2.94236 -0.585271 0
      vertex -5.88471 -1.17054 0
      vertex -2.98555 -0.294051 0
    endloop
  endfacet
  facet normal 0 0 -1
    outer loop
      vertex -2.77164 1.14805 0
      vertex -5.54328 2.2961 0
      vertex -5.29153 2.82838 0
    endloop
  endfacet
  facet normal 0 0 -1
    outer loop
      vertex -5.97111 -0.588102 0
      vertex -2.98555 -0.294051 0
      vertex -5.88471 -1.17054 0
    endloop
  endfacet
  facet normal 0 0 -1
    outer loop
      vertex -2.87082 0.870853 0
      vertex -5.74164 1.74171 0
      vertex -5.54328 2.2961 0
    endloop
  endfacet
  facet normal -0 0 -1
    outer loop
      vertex -2.98555 -0.294051 0
      vertex -5.97111 -0.588102 0
      vertex -3 0 0
    endloop
  endfacet
  facet normal 0 0 -1
    outer loop
      vertex -2.94236 0.585271 0
      vertex -5.88471 1.17054 0
      vertex -5.74164 1.74171 0
    endloop
  endfacet
  facet normal 0 0 -1
    outer loop
      vertex -6 0 0
      vertex -3 0 0
      vertex -5.97111 -0.588102 0
    endloop
  endfacet
  facet normal 0 0 -1
    outer loop
      vertex -2.98555 0.294051 0
      vertex -5.97111 0.588102 0
      vertex -5.88471 1.17054 0
    endloop
  endfacet
  facet normal 0 0 -1
    outer loop
      vertex -3 0 0
      vertex -6 0 0
      vertex -5.97111 0.588102 0
    endloop
  endfacet
  facet normal -0.595703 0.803204 0
    outer loop
      vertex -3.33342 4.98882 0
      vertex -3.80636 4.63806 16
      vertex -3.33342 4.98882 16
    endloop
  endfacet
  facet normal -0.595703 0.803204 0
    outer loop
      vertex -3.80636 4.63806 16
      vertex -3.33342 4.98882 0
      vertex -3.80636 4.63806 0
    endloop
  endfacet
  facet normal 0.242979 0.970032 -0
    outer loop
      vertex 1.74171 5.74164 0
      vertex 1.17054 5.88471 16
      vertex 1.74171 5.74164 16
    endloop
  endfacet
  facet normal 0.242979 0.970032 0
    outer loop
      vertex 1.17054 5.88471 16
      vertex 1.74171 5.74164 0
      vertex 1.17054 5.88471 0
    endloop
  endfacet
  facet normal 0.998796 -0.049065 0
    outer loop
      vertex 5.97111 -0.588102 16
      vertex 6 0 0
      vertex 6 0 16
    endloop
  endfacet
  facet normal 0.998796 -0.049065 0
    outer loop
      vertex 6 0 0
      vertex 5.97111 -0.588102 16
      vertex 5.97111 -0.588102 0
    endloop
  endfacet
  facet normal -0.427556 0.903989 0
    outer loop
      vertex -2.2961 5.54328 0
      vertex -2.82838 5.29153 16
      vertex -2.2961 5.54328 16
    endloop
  endfacet
  facet normal -0.427556 0.903989 0
    outer loop
      vertex -2.82838 5.29153 16
      vertex -2.2961 5.54328 0
      vertex -2.82838 5.29153 0
    endloop
  endfacet
  facet normal -0.941546 -0.336884 0
    outer loop
      vertex -5.54328 -2.2961 0
      vertex -5.74164 -1.74171 16
      vertex -5.74164 -1.74171 0
    endloop
  endfacet
  facet normal -0.941546 -0.336884 0
    outer loop
      vertex -5.74164 -1.74171 16
      vertex -5.54328 -2.2961 0
      vertex -5.54328 -2.2961 16
    endloop
  endfacet
  facet normal 0.514104 0.857728 -0
    outer loop
      vertex 3.33342 4.98882 0
      vertex 2.82838 5.29153 16
      vertex 3.33342 4.98882 16
    endloop
  endfacet
  facet normal 0.514104 0.857728 0
    outer loop
      vertex 2.82838 5.29153 16
      vertex 3.33342 4.98882 0
      vertex 2.82838 5.29153 0
    endloop
  endfacet
  facet normal 0.595703 0.803204 -0
    outer loop
      vertex 3.80636 4.63806 0
      vertex 3.33342 4.98882 16
      vertex 3.80636 4.63806 16
    endloop
  endfacet
  facet normal 0.595703 0.803204 0
    outer loop
      vertex 3.33342 4.98882 16
      vertex 3.80636 4.63806 0
      vertex 3.33342 4.98882 0
    endloop
  endfacet
  facet normal 0.146736 -0.989176 0
    outer loop
      vertex 0.588102 -5.97111 0
      vertex 1.17054 -5.88471 16
      vertex 0.588102 -5.97111 16
    endloop
  endfacet
  facet normal 0.146736 -0.989176 0
    outer loop
      vertex 1.17054 -5.88471 16
      vertex 0.588102 -5.97111 0
      vertex 1.17054 -5.88471 0
    endloop
  endfacet
  facet normal 0.740952 -0.671558 0
    outer loop
      vertex 4.24264 -4.24264 16
      vertex 4.63806 -3.80636 0
      vertex 4.63806 -3.80636 16
    endloop
  endfacet
  facet normal 0.740952 -0.671558 0
    outer loop
      vertex 4.63806 -3.80636 0
      vertex 4.24264 -4.24264 16
      vertex 4.24264 -4.24264 0
    endloop
  endfacet
  facet normal 0.803204 -0.595703 0
    outer loop
      vertex 4.63806 -3.80636 16
      vertex 4.98882 -3.33342 0
      vertex 4.98882 -3.33342 16
    endloop
  endfacet
  facet normal 0.803204 -0.595703 0
    outer loop
      vertex 4.98882 -3.33342 0
      vertex 4.63806 -3.80636 16
      vertex 4.63806 -3.80636 0
    endloop
  endfacet
  facet normal 0.242979 -0.970032 0
    outer loop
      vertex 1.17054 -5.88471 0
      vertex 1.74171 -5.74164 16
      vertex 1.17054 -5.88471 16
    endloop
  endfacet
  facet normal 0.242979 -0.970032 0
    outer loop
      vertex 1.74171 -5.74164 16
      vertex 1.17054 -5.88471 0
      vertex 1.74171 -5.74164 0
    endloop
  endfacet
  facet normal 0.941546 -0.336884 0
    outer loop
      vertex 5.54328 -2.2961 16
      vertex 5.74164 -1.74171 0
      vertex 5.74164 -1.74171 16
    endloop
  endfacet
  facet normal 0.941546 -0.336884 0
    outer loop
      vertex 5.74164 -1.74171 0
      vertex 5.54328 -2.2961 16
      vertex 5.54328 -2.2961 0
    endloop
  endfacet
  facet normal -0.242979 0.970032 0
    outer loop
      vertex -1.17054 5.88471 0
      vertex -1.74171 5.74164 16
      vertex -1.17054 5.88471 16
    endloop
  endfacet
  facet normal -0.242979 0.970032 0
    outer loop
      vertex -1.74171 5.74164 16
      vertex -1.17054 5.88471 0
      vertex -1.74171 5.74164 0
    endloop
  endfacet
  facet normal -0.903989 -0.427556 0
    outer loop
      vertex -5.29153 -2.82838 0
      vertex -5.54328 -2.2961 16
      vertex -5.54328 -2.2961 0
    endloop
  endfacet
  facet normal -0.903989 -0.427556 0
    outer loop
      vertex -5.54328 -2.2961 16
      vertex -5.29153 -2.82838 0
      vertex -5.29153 -2.82838 16
    endloop
  endfacet
  facet normal -0.989176 0.146736 0
    outer loop
      vertex -5.97111 0.588102 0
      vertex -5.88471 1.17054 16
      vertex -5.88471 1.17054 0
    endloop
  endfacet
  facet normal -0.989176 0.146736 0
    outer loop
      vertex -5.88471 1.17054 16
      vertex -5.97111 0.588102 0
      vertex -5.97111 0.588102 16
    endloop
  endfacet
  facet normal 0.427556 0.903989 -0
    outer loop
      vertex 2.82838 5.29153 0
      vertex 2.2961 5.54328 16
      vertex 2.82838 5.29153 16
    endloop
  endfacet
  facet normal 0.427556 0.903989 0
    outer loop
      vertex 2.2961 5.54328 16
      vertex 2.82838 5.29153 0
      vertex 2.2961 5.54328 0
    endloop
  endfacet
  facet normal -0.740952 -0.671558 0
    outer loop
      vertex -4.24264 -4.24264 0
      vertex -4.63806 -3.80636 16
      vertex -4.63806 -3.80636 0
    endloop
  endfacet
  facet normal -0.740952 -0.671558 0
    outer loop
      vertex -4.63806 -3.80636 16
      vertex -4.24264 -4.24264 0
      vertex -4.24264 -4.24264 16
    endloop
  endfacet
  facet normal -0.857728 -0.514104 0
    outer loop
      vertex -4.98882 -3.33342 0
      vertex -5.29153 -2.82838 16
      vertex -5.29153 -2.82838 0
    endloop
  endfacet
  facet normal -0.857728 -0.514104 0
    outer loop
      vertex -5.29153 -2.82838 16
      vertex -4.98882 -3.33342 0
      vertex -4.98882 -3.33342 16
    endloop
  endfacet
  facet normal -0.336884 0.941546 0
    outer loop
      vertex -1.74171 5.74164 0
      vertex -2.2961 5.54328 16
      vertex -1.74171 5.74164 16
    endloop
  endfacet
  facet normal -0.336884 0.941546 0
    outer loop
      vertex -2.2961 5.54328 16
      vertex -1.74171 5.74164 0
      vertex -2.2961 5.54328 0
    endloop
  endfacet
  facet normal -0.514104 -0.857728 0
    outer loop
      vertex -3.33342 -4.98882 0
      vertex -2.82838 -5.29153 16
      vertex -3.33342 -4.98882 16
    endloop
  endfacet
  facet normal -0.514104 -0.857728 -0
    outer loop
      vertex -2.82838 -5.29153 16
      vertex -3.33342 -4.98882 0
      vertex -2.82838 -5.29153 0
    endloop
  endfacet
  facet normal -0.941546 0.336884 0
    outer loop
      vertex -5.74164 1.74171 0
      vertex -5.54328 2.2961 16
      vertex -5.54328 2.2961 0
    endloop
  endfacet
  facet normal -0.941546 0.336884 0
    outer loop
      vertex -5.54328 2.2961 16
      vertex -5.74164 1.74171 0
      vertex -5.74164 1.74171 16
    endloop
  endfacet
  facet normal 0.595703 -0.803204 0
    outer loop
      vertex 3.33342 -4.98882 0
      vertex 3.80636 -4.63806 16
      vertex 3.33342 -4.98882 16
    endloop
  endfacet
  facet normal 0.595703 -0.803204 0
    outer loop
      vertex 3.80636 -4.63806 16
      vertex 3.33342 -4.98882 0
      vertex 3.80636 -4.63806 0
    endloop
  endfacet
  facet normal 0.740952 0.671558 0
    outer loop
      vertex 4.63806 3.80636 16
      vertex 4.24264 4.24264 0
      vertex 4.24264 4.24264 16
    endloop
  endfacet
  facet normal 0.740952 0.671558 0
    outer loop
      vertex 4.24264 4.24264 0
      vertex 4.63806 3.80636 16
      vertex 4.63806 3.80636 0
    endloop
  endfacet
  facet normal -0.803204 -0.595703 0
    outer loop
      vertex -4.63806 -3.80636 0
      vertex -4.98882 -3.33342 16
      vertex -4.98882 -3.33342 0
    endloop
  endfacet
  facet normal -0.803204 -0.595703 0
    outer loop
      vertex -4.98882 -3.33342 16
      vertex -4.63806 -3.80636 0
      vertex -4.63806 -3.80636 16
    endloop
  endfacet
  facet normal -0.514104 0.857728 0
    outer loop
      vertex -2.82838 5.29153 0
      vertex -3.33342 4.98882 16
      vertex -2.82838 5.29153 16
    endloop
  endfacet
  facet normal -0.514104 0.857728 0
    outer loop
      vertex -3.33342 4.98882 16
      vertex -2.82838 5.29153 0
      vertex -3.33342 4.98882 0
    endloop
  endfacet
  facet normal -0.989176 -0.146736 0
    outer loop
      vertex -5.88471 -1.17054 0
      vertex -5.97111 -0.588102 16
      vertex -5.97111 -0.588102 0
    endloop
  endfacet
  facet normal -0.989176 -0.146736 0
    outer loop
      vertex -5.97111 -0.588102 16
      vertex -5.88471 -1.17054 0
      vertex -5.88471 -1.17054 16
    endloop
  endfacet
  facet normal -0.903989 0.427556 0
    outer loop
      vertex -5.54328 2.2961 0
      vertex -5.29153 2.82838 16
      vertex -5.29153 2.82838 0
    endloop
  endfacet
  facet normal -0.903989 0.427556 0
    outer loop
      vertex -5.29153 2.82838 16
      vertex -5.54328 2.2961 0
      vertex -5.54328 2.2961 16
    endloop
  endfacet
  facet normal 0.514104 -0.857728 0
    outer loop
      vertex 2.82838 -5.29153 0
      vertex 3.33342 -4.98882 16
      vertex 2.82838 -5.29153 16
    endloop
  endfacet
  facet normal 0.514104 -0.857728 0
    outer loop
      vertex 3.33342 -4.98882 16
      vertex 2.82838 -5.29153 0
      vertex 3.33342 -4.98882 0
    endloop
  endfacet
  facet normal -0.671558 -0.740952 0
    outer loop
      vertex -4.24264 -4.24264 0
      vertex -3.80636 -4.63806 16
      vertex -4.24264 -4.24264 16
    endloop
  endfacet
  facet normal -0.671558 -0.740952 -0
    outer loop
      vertex -3.80636 -4.63806 16
      vertex -4.24264 -4.24264 0
      vertex -3.80636 -4.63806 0
    endloop
  endfacet
  facet normal -0.803204 0.595703 0
    outer loop
      vertex -4.98882 3.33342 0
      vertex -4.63806 3.80636 16
      vertex -4.63806 3.80636 0
    endloop
  endfacet
  facet normal -0.803204 0.595703 0
    outer loop
      vertex -4.63806 3.80636 16
      vertex -4.98882 3.33342 0
      vertex -4.98882 3.33342 16
    endloop
  endfacet
  facet normal -0.049065 -0.998796 0
    outer loop
      vertex -0.588102 -5.97111 0
      vertex 0 -6 16
      vertex -0.588102 -5.97111 16
    endloop
  endfacet
  facet normal -0.049065 -0.998796 -0
    outer loop
      vertex 0 -6 16
      vertex -0.588102 -5.97111 0
      vertex 0 -6 0
    endloop
  endfacet
  facet normal -0 0 1
    outer loop
      vertex 1.39601 0.000292567 16
      vertex 6 0 16
      vertex 5.97111 0.588102 16
    endloop
  endfacet
  facet normal 0 0 1
    outer loop
      vertex 1.3893 0.136833 16
      vertex 5.97111 0.588102 16
      vertex 5.88471 1.17054 16
    endloop
  endfacet
  facet normal 0 0 1
    outer loop
      vertex 6 0 16
      vertex 1.39601 0.000292567 16
      vertex 1.39602 0 16
    endloop
  endfacet
  facet normal 0 0 1
    outer loop
      vertex 1.36912 0.272633 16
      vertex 5.88471 1.17054 16
      vertex 5.74164 1.74171 16
    endloop
  endfacet
  facet normal 0 0 1
    outer loop
      vertex 1.39601 -0.000292567 16
      vertex 6 0 16
      vertex 1.39602 0 16
    endloop
  endfacet
  facet normal 0 0 1
    outer loop
      vertex 1.33591 0.405243 16
      vertex 5.74164 1.74171 16
      vertex 5.54328 2.2961 16
    endloop
  endfacet
  facet normal 0 0 1
    outer loop
      vertex 6 0 16
      vertex 1.39601 -0.000292567 16
      vertex 5.97111 -0.588102 16
    endloop
  endfacet
  facet normal 0 0 1
    outer loop
      vertex 1.28975 0.534233 16
      vertex 5.54328 2.2961 16
      vertex 5.29153 2.82838 16
    endloop
  endfacet
  facet normal -0 0 1
    outer loop
      vertex 1.3893 -0.136833 16
      vertex 5.97111 -0.588102 16
      vertex 1.39601 -0.000292567 16
    endloop
  endfacet
  facet normal 0 0 1
    outer loop
      vertex 1.23103 0.65833 16
      vertex 5.29153 2.82838 16
      vertex 4.98882 3.33342 16
    endloop
  endfacet
  facet normal 0 0 1
    outer loop
      vertex 5.97111 -0.588102 16
      vertex 1.3893 -0.136833 16
      vertex 5.88471 -1.17054 16
    endloop
  endfacet
  facet normal 0 0 1
    outer loop
      vertex 1.16075 0.775587 16
      vertex 4.98882 3.33342 16
      vertex 4.63806 3.80636 16
    endloop
  endfacet
  facet normal -0 0 1
    outer loop
      vertex 1.36924 -0.272059 16
      vertex 5.88471 -1.17054 16
      vertex 1.3893 -0.136833 16
    endloop
  endfacet
  facet normal 0 0 1
    outer loop
      vertex 1.07894 0.885843 16
      vertex 4.63806 3.80636 16
      vertex 4.24264 4.24264 16
    endloop
  endfacet
  facet normal -0 0 1
    outer loop
      vertex 1.3692 -0.272349 16
      vertex 5.88471 -1.17054 16
      vertex 1.36924 -0.272059 16
    endloop
  endfacet
  facet normal 0 0 1
    outer loop
      vertex 0.987135 0.987135 16
      vertex 4.24264 4.24264 16
      vertex 3.80636 4.63806 16
    endloop
  endfacet
  facet normal -0 0 1
    outer loop
      vertex 1.36912 -0.272633 16
      vertex 5.88471 -1.17054 16
      vertex 1.3692 -0.272349 16
    endloop
  endfacet
  facet normal 0 0 1
    outer loop
      vertex 0.88539 1.07931 16
      vertex 3.80636 4.63806 16
      vertex 3.33342 4.98882 16
    endloop
  endfacet
  facet normal 0 0 1
    outer loop
      vertex 5.88471 -1.17054 16
      vertex 1.36912 -0.272633 16
      vertex 5.74164 -1.74171 16
    endloop
  endfacet
  facet normal 0 0 1
    outer loop
      vertex 0.775587 1.16075 16
      vertex 3.33342 4.98882 16
      vertex 2.82838 5.29153 16
    endloop
  endfacet
  facet normal 0 0 1
    outer loop
      vertex 5.74164 -1.74171 16
      vertex 1.33591 -0.405243 16
      vertex 5.54328 -2.2961 16
    endloop
  endfacet
  facet normal 0 0 1
    outer loop
      vertex 0.657814 1.23131 16
      vertex 2.82838 5.29153 16
      vertex 2.2961 5.54328 16
    endloop
  endfacet
  facet normal -0 0 1
    outer loop
      vertex 1.28985 -0.533957 16
      vertex 5.54328 -2.2961 16
      vertex 1.33591 -0.405243 16
    endloop
  endfacet
  facet normal 0 0 1
    outer loop
      vertex 0.533957 1.28985 16
      vertex 2.2961 5.54328 16
      vertex 1.74171 5.74164 16
    endloop
  endfacet
  facet normal -0 0 1
    outer loop
      vertex 1.28975 -0.534233 16
      vertex 5.54328 -2.2961 16
      vertex 1.28985 -0.533957 16
    endloop
  endfacet
  facet normal 0 0 1
    outer loop
      vertex 5.54328 -2.2961 16
      vertex 1.28975 -0.534233 16
      vertex 5.29153 -2.82838 16
    endloop
  endfacet
  facet normal -0 0 1
    outer loop
      vertex 1.33591 -0.405243 16
      vertex 5.74164 -1.74171 16
      vertex 1.36912 -0.272633 16
    endloop
  endfacet
  facet normal 0 0 1
    outer loop
      vertex 5.97111 0.588102 16
      vertex 1.3893 0.136833 16
      vertex 1.39601 0.000292567 16
    endloop
  endfacet
  facet normal 0 0 1
    outer loop
      vertex 5.88471 1.17054 16
      vertex 1.36924 0.272059 16
      vertex 1.3893 0.136833 16
    endloop
  endfacet
  facet normal 0 0 1
    outer loop
      vertex 5.88471 1.17054 16
      vertex 1.3692 0.272349 16
      vertex 1.36924 0.272059 16
    endloop
  endfacet
  facet normal 0 0 1
    outer loop
      vertex 5.88471 1.17054 16
      vertex 1.36912 0.272633 16
      vertex 1.3692 0.272349 16
    endloop
  endfacet
  facet normal 0 0 1
    outer loop
      vertex 5.74164 1.74171 16
      vertex 1.33591 0.405243 16
      vertex 1.36912 0.272633 16
    endloop
  endfacet
  facet normal 0 0 1
    outer loop
      vertex 5.54328 2.2961 16
      vertex 1.28985 0.533957 16
      vertex 1.33591 0.405243 16
    endloop
  endfacet
  facet normal 0 0 1
    outer loop
      vertex 5.54328 2.2961 16
      vertex 1.28975 0.534233 16
      vertex 1.28985 0.533957 16
    endloop
  endfacet
  facet normal 0 0 1
    outer loop
      vertex 5.29153 2.82838 16
      vertex 1.23131 0.657814 16
      vertex 1.28975 0.534233 16
    endloop
  endfacet
  facet normal 0 0 1
    outer loop
      vertex 5.29153 2.82838 16
      vertex 1.23118 0.658079 16
      vertex 1.23131 0.657814 16
    endloop
  endfacet
  facet normal 0 0 1
    outer loop
      vertex 5.29153 2.82838 16
      vertex 1.23103 0.65833 16
      vertex 1.23118 0.658079 16
    endloop
  endfacet
  facet normal 0 0 1
    outer loop
      vertex 0.405243 1.33591 16
      vertex 1.74171 5.74164 16
      vertex 1.17054 5.88471 16
    endloop
  endfacet
  facet normal 0 0 1
    outer loop
      vertex 4.98882 3.33342 16
      vertex 1.16075 0.775587 16
      vertex 1.23103 0.65833 16
    endloop
  endfacet
  facet normal 0 0 1
    outer loop
      vertex 4.63806 3.80636 16
      vertex 1.07931 0.88539 16
      vertex 1.16075 0.775587 16
    endloop
  endfacet
  facet normal 0 0 1
    outer loop
      vertex 4.63806 3.80636 16
      vertex 1.07914 0.885625 16
      vertex 1.07931 0.88539 16
    endloop
  endfacet
  facet normal 0 0 1
    outer loop
      vertex 4.63806 3.80636 16
      vertex 1.07894 0.885843 16
      vertex 1.07914 0.885625 16
    endloop
  endfacet
  facet normal 0 0 1
    outer loop
      vertex 4.24264 4.24264 16
      vertex 0.987135 0.987135 16
      vertex 1.07894 0.885843 16
    endloop
  endfacet
  facet normal 0 0 1
    outer loop
      vertex 3.80636 4.63806 16
      vertex 0.885843 1.07894 16
      vertex 0.987135 0.987135 16
    endloop
  endfacet
  facet normal 0 0 1
    outer loop
      vertex 3.80636 4.63806 16
      vertex 0.885625 1.07914 16
      vertex 0.885843 1.07894 16
    endloop
  endfacet
  facet normal 0 0 1
    outer loop
      vertex 3.80636 4.63806 16
      vertex 0.88539 1.07931 16
      vertex 0.885625 1.07914 16
    endloop
  endfacet
  facet normal 0 0 1
    outer loop
      vertex 3.33342 4.98882 16
      vertex 0.775587 1.16075 16
      vertex 0.88539 1.07931 16
    endloop
  endfacet
  facet normal 0 0 1
    outer loop
      vertex 2.82838 5.29153 16
      vertex 0.65833 1.23103 16
      vertex 0.775587 1.16075 16
    endloop
  endfacet
  facet normal 0 0 1
    outer loop
      vertex 2.82838 5.29153 16
      vertex 0.658079 1.23118 16
      vertex 0.65833 1.23103 16
    endloop
  endfacet
  facet normal 0 0 1
    outer loop
      vertex 2.82838 5.29153 16
      vertex 0.657814 1.23131 16
      vertex 0.658079 1.23118 16
    endloop
  endfacet
  facet normal 0 0 1
    outer loop
      vertex 0.272059 1.36924 16
      vertex 1.17054 5.88471 16
      vertex 0.588102 5.97111 16
    endloop
  endfacet
  facet normal 0 0 1
    outer loop
      vertex 2.2961 5.54328 16
      vertex 0.534233 1.28975 16
      vertex 0.657814 1.23131 16
    endloop
  endfacet
  facet normal 0 0 1
    outer loop
      vertex 2.2961 5.54328 16
      vertex 0.533957 1.28985 16
      vertex 0.534233 1.28975 16
    endloop
  endfacet
  facet normal 0 0 1
    outer loop
      vertex 1.74171 5.74164 16
      vertex 0.405243 1.33591 16
      vertex 0.533957 1.28985 16
    endloop
  endfacet
  facet normal 0 0 1
    outer loop
      vertex 1.17054 5.88471 16
      vertex 0.272633 1.36912 16
      vertex 0.405243 1.33591 16
    endloop
  endfacet
  facet normal 0 0 1
    outer loop
      vertex 1.17054 5.88471 16
      vertex 0.272349 1.3692 16
      vertex 0.272633 1.36912 16
    endloop
  endfacet
  facet normal 0 0 1
    outer loop
      vertex 1.17054 5.88471 16
      vertex 0.272059 1.36924 16
      vertex 0.272349 1.3692 16
    endloop
  endfacet
  facet normal 0 0 1
    outer loop
      vertex 0.588102 5.97111 16
      vertex 0.136833 1.3893 16
      vertex 0.272059 1.36924 16
    endloop
  endfacet
  facet normal 0 0 1
    outer loop
      vertex 0.588102 5.97111 16
      vertex 0.000292567 1.39601 16
      vertex 0.136833 1.3893 16
    endloop
  endfacet
  facet normal 0 0 1
    outer loop
      vertex 0 6 16
      vertex 0.000292567 1.39601 16
      vertex 0.588102 5.97111 16
    endloop
  endfacet
  facet normal 0 0 1
    outer loop
      vertex 0 6 16
      vertex 0 1.39602 16
      vertex 0.000292567 1.39601 16
    endloop
  endfacet
  facet normal 0 0 1
    outer loop
      vertex 0 6 16
      vertex -0.000292567 1.39601 16
      vertex 0 1.39602 16
    endloop
  endfacet
  facet normal 0 0 1
    outer loop
      vertex 0 6 16
      vertex -0.136833 1.3893 16
      vertex -0.000292567 1.39601 16
    endloop
  endfacet
  facet normal -0 0 1
    outer loop
      vertex -0.588102 5.97111 16
      vertex -0.136833 1.3893 16
      vertex 0 6 16
    endloop
  endfacet
  facet normal 0 0 1
    outer loop
      vertex -0.136833 1.3893 16
      vertex -0.588102 5.97111 16
      vertex -0.272059 1.36924 16
    endloop
  endfacet
  facet normal -0 0 1
    outer loop
      vertex -1.17054 5.88471 16
      vertex -0.272059 1.36924 16
      vertex -0.588102 5.97111 16
    endloop
  endfacet
  facet normal 0 0 1
    outer loop
      vertex -0.272059 1.36924 16
      vertex -1.17054 5.88471 16
      vertex -0.272349 1.3692 16
    endloop
  endfacet
  facet normal 0 0 1
    outer loop
      vertex -0.272349 1.3692 16
      vertex -1.17054 5.88471 16
      vertex -0.272633 1.36912 16
    endloop
  endfacet
  facet normal 0 0 1
    outer loop
      vertex -0.272633 1.36912 16
      vertex -1.17054 5.88471 16
      vertex -0.405243 1.33591 16
    endloop
  endfacet
  facet normal -0 0 1
    outer loop
      vertex -1.74171 5.74164 16
      vertex -0.405243 1.33591 16
      vertex -1.17054 5.88471 16
    endloop
  endfacet
  facet normal 0 0 1
    outer loop
      vertex -0.405243 1.33591 16
      vertex -1.74171 5.74164 16
      vertex -0.533957 1.28985 16
    endloop
  endfacet
  facet normal -0 0 1
    outer loop
      vertex -2.2961 5.54328 16
      vertex -0.533957 1.28985 16
      vertex -1.74171 5.74164 16
    endloop
  endfacet
  facet normal 0 0 1
    outer loop
      vertex -0.533957 1.28985 16
      vertex -2.2961 5.54328 16
      vertex -0.534233 1.28975 16
    endloop
  endfacet
  facet normal 0 0 1
    outer loop
      vertex -0.534233 1.28975 16
      vertex -2.2961 5.54328 16
      vertex -0.657814 1.23131 16
    endloop
  endfacet
  facet normal -0 0 1
    outer loop
      vertex -2.82838 5.29153 16
      vertex -0.657814 1.23131 16
      vertex -2.2961 5.54328 16
    endloop
  endfacet
  facet normal 0 0 1
    outer loop
      vertex -0.657814 1.23131 16
      vertex -2.82838 5.29153 16
      vertex -0.658079 1.23118 16
    endloop
  endfacet
  facet normal 0 0 1
    outer loop
      vertex -0.658079 1.23118 16
      vertex -2.82838 5.29153 16
      vertex -0.65833 1.23103 16
    endloop
  endfacet
  facet normal 0 0 1
    outer loop
      vertex -0.65833 1.23103 16
      vertex -2.82838 5.29153 16
      vertex -0.775587 1.16075 16
    endloop
  endfacet
  facet normal -0 0 1
    outer loop
      vertex -3.33342 4.98882 16
      vertex -0.775587 1.16075 16
      vertex -2.82838 5.29153 16
    endloop
  endfacet
  facet normal 0 0 1
    outer loop
      vertex -0.775587 1.16075 16
      vertex -3.33342 4.98882 16
      vertex -0.88539 1.07931 16
    endloop
  endfacet
  facet normal -0 0 1
    outer loop
      vertex -3.80636 4.63806 16
      vertex -0.88539 1.07931 16
      vertex -3.33342 4.98882 16
    endloop
  endfacet
  facet normal 0 0 1
    outer loop
      vertex -0.88539 1.07931 16
      vertex -3.80636 4.63806 16
      vertex -0.885625 1.07914 16
    endloop
  endfacet
  facet normal 0 0 1
    outer loop
      vertex -0.885625 1.07914 16
      vertex -3.80636 4.63806 16
      vertex -0.885843 1.07894 16
    endloop
  endfacet
  facet normal 0 0 1
    outer loop
      vertex -0.885843 1.07894 16
      vertex -3.80636 4.63806 16
      vertex -0.987135 0.987135 16
    endloop
  endfacet
  facet normal -0 0 1
    outer loop
      vertex -4.24264 4.24264 16
      vertex -0.987135 0.987135 16
      vertex -3.80636 4.63806 16
    endloop
  endfacet
  facet normal 0 0 1
    outer loop
      vertex -0.987135 0.987135 16
      vertex -4.24264 4.24264 16
      vertex -1.07894 0.885843 16
    endloop
  endfacet
  facet normal -0 0 1
    outer loop
      vertex -4.63806 3.80636 16
      vertex -1.07894 0.885843 16
      vertex -4.24264 4.24264 16
    endloop
  endfacet
  facet normal 0 0 1
    outer loop
      vertex -1.07894 0.885843 16
      vertex -4.63806 3.80636 16
      vertex -1.07914 0.885625 16
    endloop
  endfacet
  facet normal 0 0 1
    outer loop
      vertex -1.07914 0.885625 16
      vertex -4.63806 3.80636 16
      vertex -1.07931 0.88539 16
    endloop
  endfacet
  facet normal 0 0 1
    outer loop
      vertex -1.07931 0.88539 16
      vertex -4.63806 3.80636 16
      vertex -1.16075 0.775587 16
    endloop
  endfacet
  facet normal -0 0 1
    outer loop
      vertex -4.98882 3.33342 16
      vertex -1.16075 0.775587 16
      vertex -4.63806 3.80636 16
    endloop
  endfacet
  facet normal 0 0 1
    outer loop
      vertex -1.16075 0.775587 16
      vertex -4.98882 3.33342 16
      vertex -1.23103 0.65833 16
    endloop
  endfacet
  facet normal -0 0 1
    outer loop
      vertex -5.29153 2.82838 16
      vertex -1.23103 0.65833 16
      vertex -4.98882 3.33342 16
    endloop
  endfacet
  facet normal 0 0 1
    outer loop
      vertex -1.23103 0.65833 16
      vertex -5.29153 2.82838 16
      vertex -1.23118 0.658079 16
    endloop
  endfacet
  facet normal 0 0 1
    outer loop
      vertex -1.23118 0.658079 16
      vertex -5.29153 2.82838 16
      vertex -1.23131 0.657814 16
    endloop
  endfacet
  facet normal 0 0 1
    outer loop
      vertex -1.23131 0.657814 16
      vertex -5.29153 2.82838 16
      vertex -1.28975 0.534233 16
    endloop
  endfacet
  facet normal -0 0 1
    outer loop
      vertex 1.23131 -0.657814 16
      vertex 5.29153 -2.82838 16
      vertex 1.28975 -0.534233 16
    endloop
  endfacet
  facet normal -0 0 1
    outer loop
      vertex 1.23118 -0.658079 16
      vertex 5.29153 -2.82838 16
      vertex 1.23131 -0.657814 16
    endloop
  endfacet
  facet normal -0 0 1
    outer loop
      vertex 1.23103 -0.65833 16
      vertex 5.29153 -2.82838 16
      vertex 1.23118 -0.658079 16
    endloop
  endfacet
  facet normal 0 0 1
    outer loop
      vertex 5.29153 -2.82838 16
      vertex 1.23103 -0.65833 16
      vertex 4.98882 -3.33342 16
    endloop
  endfacet
  facet normal -0 0 1
    outer loop
      vertex 1.16075 -0.775587 16
      vertex 4.98882 -3.33342 16
      vertex 1.23103 -0.65833 16
    endloop
  endfacet
  facet normal 0 0 1
    outer loop
      vertex 4.98882 -3.33342 16
      vertex 1.16075 -0.775587 16
      vertex 4.63806 -3.80636 16
    endloop
  endfacet
  facet normal -0 0 1
    outer loop
      vertex 1.07931 -0.88539 16
      vertex 4.63806 -3.80636 16
      vertex 1.16075 -0.775587 16
    endloop
  endfacet
  facet normal -0 0 1
    outer loop
      vertex 1.07914 -0.885625 16
      vertex 4.63806 -3.80636 16
      vertex 1.07931 -0.88539 16
    endloop
  endfacet
  facet normal -0 0 1
    outer loop
      vertex 1.07894 -0.885843 16
      vertex 4.63806 -3.80636 16
      vertex 1.07914 -0.885625 16
    endloop
  endfacet
  facet normal 0 0 1
    outer loop
      vertex 4.63806 -3.80636 16
      vertex 1.07894 -0.885843 16
      vertex 4.24264 -4.24264 16
    endloop
  endfacet
  facet normal -0 0 1
    outer loop
      vertex 0.987135 -0.987135 16
      vertex 4.24264 -4.24264 16
      vertex 1.07894 -0.885843 16
    endloop
  endfacet
  facet normal 0 0 1
    outer loop
      vertex 4.24264 -4.24264 16
      vertex 0.987135 -0.987135 16
      vertex 3.80636 -4.63806 16
    endloop
  endfacet
  facet normal -0 0 1
    outer loop
      vertex 0.885843 -1.07894 16
      vertex 3.80636 -4.63806 16
      vertex 0.987135 -0.987135 16
    endloop
  endfacet
  facet normal -0 0 1
    outer loop
      vertex 0.885625 -1.07914 16
      vertex 3.80636 -4.63806 16
      vertex 0.885843 -1.07894 16
    endloop
  endfacet
  facet normal -0 0 1
    outer loop
      vertex 0.88539 -1.07931 16
      vertex 3.80636 -4.63806 16
      vertex 0.885625 -1.07914 16
    endloop
  endfacet
  facet normal 0 0 1
    outer loop
      vertex 3.80636 -4.63806 16
      vertex 0.88539 -1.07931 16
      vertex 3.33342 -4.98882 16
    endloop
  endfacet
  facet normal -0 0 1
    outer loop
      vertex 0.775587 -1.16075 16
      vertex 3.33342 -4.98882 16
      vertex 0.88539 -1.07931 16
    endloop
  endfacet
  facet normal 0 0 1
    outer loop
      vertex 3.33342 -4.98882 16
      vertex 0.775587 -1.16075 16
      vertex 2.82838 -5.29153 16
    endloop
  endfacet
  facet normal -0 0 1
    outer loop
      vertex 0.65833 -1.23103 16
      vertex 2.82838 -5.29153 16
      vertex 0.775587 -1.16075 16
    endloop
  endfacet
  facet normal -0 0 1
    outer loop
      vertex 0.658079 -1.23118 16
      vertex 2.82838 -5.29153 16
      vertex 0.65833 -1.23103 16
    endloop
  endfacet
  facet normal -0 0 1
    outer loop
      vertex 0.657814 -1.23131 16
      vertex 2.82838 -5.29153 16
      vertex 0.658079 -1.23118 16
    endloop
  endfacet
  facet normal 0 0 1
    outer loop
      vertex 2.82838 -5.29153 16
      vertex 0.657814 -1.23131 16
      vertex 2.2961 -5.54328 16
    endloop
  endfacet
  facet normal -0 0 1
    outer loop
      vertex 0.534233 -1.28975 16
      vertex 2.2961 -5.54328 16
      vertex 0.657814 -1.23131 16
    endloop
  endfacet
  facet normal -0 0 1
    outer loop
      vertex 0.533957 -1.28985 16
      vertex 2.2961 -5.54328 16
      vertex 0.534233 -1.28975 16
    endloop
  endfacet
  facet normal 0 0 1
    outer loop
      vertex 2.2961 -5.54328 16
      vertex 0.533957 -1.28985 16
      vertex 1.74171 -5.74164 16
    endloop
  endfacet
  facet normal -0 0 1
    outer loop
      vertex 0.405243 -1.33591 16
      vertex 1.74171 -5.74164 16
      vertex 0.533957 -1.28985 16
    endloop
  endfacet
  facet normal 0 0 1
    outer loop
      vertex 1.74171 -5.74164 16
      vertex 0.405243 -1.33591 16
      vertex 1.17054 -5.88471 16
    endloop
  endfacet
  facet normal -0 0 1
    outer loop
      vertex 0.272633 -1.36912 16
      vertex 1.17054 -5.88471 16
      vertex 0.405243 -1.33591 16
    endloop
  endfacet
  facet normal -0 0 1
    outer loop
      vertex 0.272349 -1.3692 16
      vertex 1.17054 -5.88471 16
      vertex 0.272633 -1.36912 16
    endloop
  endfacet
  facet normal -0 0 1
    outer loop
      vertex 0.272059 -1.36924 16
      vertex 1.17054 -5.88471 16
      vertex 0.272349 -1.3692 16
    endloop
  endfacet
  facet normal 0 0 1
    outer loop
      vertex 1.17054 -5.88471 16
      vertex 0.272059 -1.36924 16
      vertex 0.588102 -5.97111 16
    endloop
  endfacet
  facet normal -0 0 1
    outer loop
      vertex 0.136833 -1.3893 16
      vertex 0.588102 -5.97111 16
      vertex 0.272059 -1.36924 16
    endloop
  endfacet
  facet normal -0 0 1
    outer loop
      vertex 0.000292567 -1.39601 16
      vertex 0.588102 -5.97111 16
      vertex 0.136833 -1.3893 16
    endloop
  endfacet
  facet normal 0 0 1
    outer loop
      vertex 0 -6 16
      vertex 0.000292567 -1.39601 16
      vertex 0 -1.39602 16
    endloop
  endfacet
  facet normal 0 0 1
    outer loop
      vertex 0.000292567 -1.39601 16
      vertex 0 -6 16
      vertex 0.588102 -5.97111 16
    endloop
  endfacet
  facet normal 0 0 1
    outer loop
      vertex -0.000292567 -1.39601 16
      vertex 0 -6 16
      vertex 0 -1.39602 16
    endloop
  endfacet
  facet normal 0 0 1
    outer loop
      vertex -0.136833 -1.3893 16
      vertex 0 -6 16
      vertex -0.000292567 -1.39601 16
    endloop
  endfacet
  facet normal 0 0 1
    outer loop
      vertex -0.588102 -5.97111 16
      vertex -0.136833 -1.3893 16
      vertex -0.272059 -1.36924 16
    endloop
  endfacet
  facet normal 0 0 1
    outer loop
      vertex -1.17054 -5.88471 16
      vertex -0.272059 -1.36924 16
      vertex -0.272349 -1.3692 16
    endloop
  endfacet
  facet normal 0 0 1
    outer loop
      vertex -1.17054 -5.88471 16
      vertex -0.272349 -1.3692 16
      vertex -0.272633 -1.36912 16
    endloop
  endfacet
  facet normal 0 0 1
    outer loop
      vertex -1.17054 -5.88471 16
      vertex -0.272633 -1.36912 16
      vertex -0.405243 -1.33591 16
    endloop
  endfacet
  facet normal 0 0 1
    outer loop
      vertex -1.74171 -5.74164 16
      vertex -0.405243 -1.33591 16
      vertex -0.533957 -1.28985 16
    endloop
  endfacet
  facet normal 0 0 1
    outer loop
      vertex -2.2961 -5.54328 16
      vertex -0.533957 -1.28985 16
      vertex -0.534233 -1.28975 16
    endloop
  endfacet
  facet normal 0 0 1
    outer loop
      vertex -0.136833 -1.3893 16
      vertex -0.588102 -5.97111 16
      vertex 0 -6 16
    endloop
  endfacet
  facet normal 0 0 1
    outer loop
      vertex -2.2961 -5.54328 16
      vertex -0.534233 -1.28975 16
      vertex -0.657814 -1.23131 16
    endloop
  endfacet
  facet normal 0 0 1
    outer loop
      vertex -2.82838 -5.29153 16
      vertex -0.657814 -1.23131 16
      vertex -0.658079 -1.23118 16
    endloop
  endfacet
  facet normal 0 0 1
    outer loop
      vertex -2.82838 -5.29153 16
      vertex -0.658079 -1.23118 16
      vertex -0.65833 -1.23103 16
    endloop
  endfacet
  facet normal 0 0 1
    outer loop
      vertex -2.82838 -5.29153 16
      vertex -0.65833 -1.23103 16
      vertex -0.775587 -1.16075 16
    endloop
  endfacet
  facet normal 0 0 1
    outer loop
      vertex -3.33342 -4.98882 16
      vertex -0.775587 -1.16075 16
      vertex -0.88539 -1.07931 16
    endloop
  endfacet
  facet normal 0 0 1
    outer loop
      vertex -3.80636 -4.63806 16
      vertex -0.88539 -1.07931 16
      vertex -0.885625 -1.07914 16
    endloop
  endfacet
  facet normal 0 0 1
    outer loop
      vertex -3.80636 -4.63806 16
      vertex -0.885625 -1.07914 16
      vertex -0.885843 -1.07894 16
    endloop
  endfacet
  facet normal 0 0 1
    outer loop
      vertex -3.80636 -4.63806 16
      vertex -0.885843 -1.07894 16
      vertex -0.987135 -0.987135 16
    endloop
  endfacet
  facet normal 0 0 1
    outer loop
      vertex -4.24264 -4.24264 16
      vertex -0.987135 -0.987135 16
      vertex -1.07894 -0.885843 16
    endloop
  endfacet
  facet normal 0 0 1
    outer loop
      vertex -4.63806 -3.80636 16
      vertex -1.07894 -0.885843 16
      vertex -1.07914 -0.885625 16
    endloop
  endfacet
  facet normal 0 0 1
    outer loop
      vertex -4.63806 -3.80636 16
      vertex -1.07914 -0.885625 16
      vertex -1.07931 -0.88539 16
    endloop
  endfacet
  facet normal 0 0 1
    outer loop
      vertex -4.63806 -3.80636 16
      vertex -1.07931 -0.88539 16
      vertex -1.16075 -0.775587 16
    endloop
  endfacet
  facet normal 0 0 1
    outer loop
      vertex -0.272059 -1.36924 16
      vertex -1.17054 -5.88471 16
      vertex -0.588102 -5.97111 16
    endloop
  endfacet
  facet normal 0 0 1
    outer loop
      vertex -4.98882 -3.33342 16
      vertex -1.16075 -0.775587 16
      vertex -1.23103 -0.65833 16
    endloop
  endfacet
  facet normal 0 0 1
    outer loop
      vertex -5.29153 -2.82838 16
      vertex -1.23103 -0.65833 16
      vertex -1.23118 -0.658079 16
    endloop
  endfacet
  facet normal 0 0 1
    outer loop
      vertex -5.29153 -2.82838 16
      vertex -1.23118 -0.658079 16
      vertex -1.23131 -0.657814 16
    endloop
  endfacet
  facet normal 0 0 1
    outer loop
      vertex -5.29153 -2.82838 16
      vertex -1.23131 -0.657814 16
      vertex -1.28975 -0.534233 16
    endloop
  endfacet
  facet normal 0 0 1
    outer loop
      vertex -5.54328 -2.2961 16
      vertex -1.28975 -0.534233 16
      vertex -1.28985 -0.533957 16
    endloop
  endfacet
  facet normal 0 0 1
    outer loop
      vertex -5.54328 -2.2961 16
      vertex -1.28985 -0.533957 16
      vertex -1.33591 -0.405243 16
    endloop
  endfacet
  facet normal 0 0 1
    outer loop
      vertex -5.74164 -1.74171 16
      vertex -1.33591 -0.405243 16
      vertex -1.36912 -0.272633 16
    endloop
  endfacet
  facet normal 0 0 1
    outer loop
      vertex -5.88471 -1.17054 16
      vertex -1.36912 -0.272633 16
      vertex -1.3692 -0.272349 16
    endloop
  endfacet
  facet normal 0 0 1
    outer loop
      vertex -5.88471 -1.17054 16
      vertex -1.3692 -0.272349 16
      vertex -1.36924 -0.272059 16
    endloop
  endfacet
  facet normal 0 0 1
    outer loop
      vertex -5.88471 -1.17054 16
      vertex -1.36924 -0.272059 16
      vertex -1.3893 -0.136833 16
    endloop
  endfacet
  facet normal 0 0 1
    outer loop
      vertex -5.97111 -0.588102 16
      vertex -1.3893 -0.136833 16
      vertex -1.39601 -0.000292567 16
    endloop
  endfacet
  facet normal -0 0 1
    outer loop
      vertex -6 0 16
      vertex -1.39601 -0.000292567 16
      vertex -1.39602 0 16
    endloop
  endfacet
  facet normal -0 0 1
    outer loop
      vertex -5.54328 2.2961 16
      vertex -1.28975 0.534233 16
      vertex -5.29153 2.82838 16
    endloop
  endfacet
  facet normal 0 0 1
    outer loop
      vertex -0.405243 -1.33591 16
      vertex -1.74171 -5.74164 16
      vertex -1.17054 -5.88471 16
    endloop
  endfacet
  facet normal 0 0 1
    outer loop
      vertex -1.28975 0.534233 16
      vertex -5.54328 2.2961 16
      vertex -1.28985 0.533957 16
    endloop
  endfacet
  facet normal 0 0 1
    outer loop
      vertex -0.533957 -1.28985 16
      vertex -2.2961 -5.54328 16
      vertex -1.74171 -5.74164 16
    endloop
  endfacet
  facet normal 0 0 1
    outer loop
      vertex -1.28985 0.533957 16
      vertex -5.54328 2.2961 16
      vertex -1.33591 0.405243 16
    endloop
  endfacet
  facet normal 0 0 1
    outer loop
      vertex -0.657814 -1.23131 16
      vertex -2.82838 -5.29153 16
      vertex -2.2961 -5.54328 16
    endloop
  endfacet
  facet normal -0 0 1
    outer loop
      vertex -5.74164 1.74171 16
      vertex -1.33591 0.405243 16
      vertex -5.54328 2.2961 16
    endloop
  endfacet
  facet normal 0 0 1
    outer loop
      vertex -0.775587 -1.16075 16
      vertex -3.33342 -4.98882 16
      vertex -2.82838 -5.29153 16
    endloop
  endfacet
  facet normal 0 0 1
    outer loop
      vertex -1.33591 0.405243 16
      vertex -5.74164 1.74171 16
      vertex -1.36912 0.272633 16
    endloop
  endfacet
  facet normal 0 0 1
    outer loop
      vertex -0.88539 -1.07931 16
      vertex -3.80636 -4.63806 16
      vertex -3.33342 -4.98882 16
    endloop
  endfacet
  facet normal -0 0 1
    outer loop
      vertex -5.88471 1.17054 16
      vertex -1.36912 0.272633 16
      vertex -5.74164 1.74171 16
    endloop
  endfacet
  facet normal 0 0 1
    outer loop
      vertex -0.987135 -0.987135 16
      vertex -4.24264 -4.24264 16
      vertex -3.80636 -4.63806 16
    endloop
  endfacet
  facet normal 0 0 1
    outer loop
      vertex -1.36912 0.272633 16
      vertex -5.88471 1.17054 16
      vertex -1.3692 0.272349 16
    endloop
  endfacet
  facet normal 0 0 1
    outer loop
      vertex -1.07894 -0.885843 16
      vertex -4.63806 -3.80636 16
      vertex -4.24264 -4.24264 16
    endloop
  endfacet
  facet normal 0 0 1
    outer loop
      vertex -1.3692 0.272349 16
      vertex -5.88471 1.17054 16
      vertex -1.36924 0.272059 16
    endloop
  endfacet
  facet normal 0 0 1
    outer loop
      vertex -1.16075 -0.775587 16
      vertex -4.98882 -3.33342 16
      vertex -4.63806 -3.80636 16
    endloop
  endfacet
  facet normal 0 0 1
    outer loop
      vertex -1.36924 0.272059 16
      vertex -5.88471 1.17054 16
      vertex -1.3893 0.136833 16
    endloop
  endfacet
  facet normal 0 0 1
    outer loop
      vertex -1.23103 -0.65833 16
      vertex -5.29153 -2.82838 16
      vertex -4.98882 -3.33342 16
    endloop
  endfacet
  facet normal -0 0 1
    outer loop
      vertex -5.97111 0.588102 16
      vertex -1.3893 0.136833 16
      vertex -5.88471 1.17054 16
    endloop
  endfacet
  facet normal 0 0 1
    outer loop
      vertex -1.28975 -0.534233 16
      vertex -5.54328 -2.2961 16
      vertex -5.29153 -2.82838 16
    endloop
  endfacet
  facet normal 0 0 1
    outer loop
      vertex -1.3893 0.136833 16
      vertex -5.97111 0.588102 16
      vertex -1.39601 0.000292567 16
    endloop
  endfacet
  facet normal 0 0 1
    outer loop
      vertex -1.33591 -0.405243 16
      vertex -5.74164 -1.74171 16
      vertex -5.54328 -2.2961 16
    endloop
  endfacet
  facet normal 0 0 1
    outer loop
      vertex -6 0 16
      vertex -1.39601 0.000292567 16
      vertex -5.97111 0.588102 16
    endloop
  endfacet
  facet normal 0 0 1
    outer loop
      vertex -1.36912 -0.272633 16
      vertex -5.88471 -1.17054 16
      vertex -5.74164 -1.74171 16
    endloop
  endfacet
  facet normal 0 0 1
    outer loop
      vertex -1.39601 0.000292567 16
      vertex -6 0 16
      vertex -1.39602 0 16
    endloop
  endfacet
  facet normal 0 0 1
    outer loop
      vertex -1.3893 -0.136833 16
      vertex -5.97111 -0.588102 16
      vertex -5.88471 -1.17054 16
    endloop
  endfacet
  facet normal 0 0 1
    outer loop
      vertex -1.39601 -0.000292567 16
      vertex -6 0 16
      vertex -5.97111 -0.588102 16
    endloop
  endfacet
  facet normal -0.998796 0.049065 0
    outer loop
      vertex -6 0 0
      vertex -5.97111 0.588102 16
      vertex -5.97111 0.588102 0
    endloop
  endfacet
  facet normal -0.998796 0.049065 0
    outer loop
      vertex -5.97111 0.588102 16
      vertex -6 0 0
      vertex -6 0 16
    endloop
  endfacet
  facet normal -0.336884 -0.941546 0
    outer loop
      vertex -2.2961 -5.54328 0
      vertex -1.74171 -5.74164 16
      vertex -2.2961 -5.54328 16
    endloop
  endfacet
  facet normal -0.336884 -0.941546 -0
    outer loop
      vertex -1.74171 -5.74164 16
      vertex -2.2961 -5.54328 0
      vertex -1.74171 -5.74164 0
    endloop
  endfacet
  facet normal 0.671558 -0.740952 0
    outer loop
      vertex 3.80636 -4.63806 0
      vertex 4.24264 -4.24264 16
      vertex 3.80636 -4.63806 16
    endloop
  endfacet
  facet normal 0.671558 -0.740952 0
    outer loop
      vertex 4.24264 -4.24264 16
      vertex 3.80636 -4.63806 0
      vertex 4.24264 -4.24264 0
    endloop
  endfacet
  facet normal -0.740952 -0.671558 0
    outer loop
      vertex 2.31903 1.90318 0
      vertex 2.12132 2.12132 1.19
      vertex 2.12132 2.12132 0
    endloop
  endfacet
  facet normal -0.740952 -0.671558 0
    outer loop
      vertex 2.12132 2.12132 1.19
      vertex 2.31903 1.90318 0
      vertex 2.31903 1.90318 1.19
    endloop
  endfacet
  facet normal -0.989181 -0.146703 0
    outer loop
      vertex 2.98555 0.294051 0
      vertex 2.94236 0.585271 1.19
      vertex 2.94236 0.585271 0
    endloop
  endfacet
  facet normal -0.989181 -0.146703 0
    outer loop
      vertex 2.94236 0.585271 1.19
      vertex 2.98555 0.294051 0
      vertex 2.98555 0.294051 1.19
    endloop
  endfacet
  facet normal -0.998795 -0.0490819 0
    outer loop
      vertex 3 0 0
      vertex 2.98555 0.294051 1.19
      vertex 2.98555 0.294051 0
    endloop
  endfacet
  facet normal -0.998795 -0.0490819 0
    outer loop
      vertex 2.98555 0.294051 1.19
      vertex 3 0 0
      vertex 3 0 1.19
    endloop
  endfacet
  facet normal -0.970027 -0.242998 0
    outer loop
      vertex 2.94236 0.585271 0
      vertex 2.87082 0.870853 1.19
      vertex 2.87082 0.870853 0
    endloop
  endfacet
  facet normal -0.970027 -0.242998 0
    outer loop
      vertex 2.87082 0.870853 1.19
      vertex 2.94236 0.585271 0
      vertex 2.94236 0.585271 1.19
    endloop
  endfacet
  facet normal -0.336882 0.941547 0
    outer loop
      vertex 1.14805 -2.77164 0
      vertex 0.870853 -2.87082 1.19
      vertex 1.14805 -2.77164 1.19
    endloop
  endfacet
  facet normal -0.336882 0.941547 0
    outer loop
      vertex 0.870853 -2.87082 1.19
      vertex 1.14805 -2.77164 0
      vertex 0.870853 -2.87082 0
    endloop
  endfacet
  facet normal -0.857736 -0.514091 0
    outer loop
      vertex 2.64576 1.41419 0
      vertex 2.49441 1.66671 1.19
      vertex 2.49441 1.66671 0
    endloop
  endfacet
  facet normal -0.857736 -0.514091 0
    outer loop
      vertex 2.49441 1.66671 1.19
      vertex 2.64576 1.41419 0
      vertex 2.64576 1.41419 1.19
    endloop
  endfacet
  facet normal -0.242998 -0.970027 0
    outer loop
      vertex 0.585271 2.94236 0
      vertex 0.870853 2.87082 1.19
      vertex 0.585271 2.94236 1.19
    endloop
  endfacet
  facet normal -0.242998 -0.970027 -0
    outer loop
      vertex 0.870853 2.87082 1.19
      vertex 0.585271 2.94236 0
      vertex 0.870853 2.87082 0
    endloop
  endfacet
  facet normal 0.740952 -0.671558 0
    outer loop
      vertex -2.31903 1.90318 1.19
      vertex -2.12132 2.12132 0
      vertex -2.12132 2.12132 1.19
    endloop
  endfacet
  facet normal 0.740952 -0.671558 0
    outer loop
      vertex -2.12132 2.12132 0
      vertex -2.31903 1.90318 1.19
      vertex -2.31903 1.90318 0
    endloop
  endfacet
  facet normal -0.0490819 0.998795 0
    outer loop
      vertex 0.294051 -2.98555 0
      vertex 0 -3 1.19
      vertex 0.294051 -2.98555 1.19
    endloop
  endfacet
  facet normal -0.0490819 0.998795 0
    outer loop
      vertex 0 -3 1.19
      vertex 0.294051 -2.98555 0
      vertex 0 -3 0
    endloop
  endfacet
  facet normal -0.427569 -0.903983 0
    outer loop
      vertex 1.14805 2.77164 0
      vertex 1.41419 2.64576 1.19
      vertex 1.14805 2.77164 1.19
    endloop
  endfacet
  facet normal -0.427569 -0.903983 -0
    outer loop
      vertex 1.41419 2.64576 1.19
      vertex 1.14805 2.77164 0
      vertex 1.41419 2.64576 0
    endloop
  endfacet
  facet normal -0.671558 -0.740952 0
    outer loop
      vertex 1.90318 2.31903 0
      vertex 2.12132 2.12132 1.19
      vertex 1.90318 2.31903 1.19
    endloop
  endfacet
  facet normal -0.671558 -0.740952 -0
    outer loop
      vertex 2.12132 2.12132 1.19
      vertex 1.90318 2.31903 0
      vertex 2.12132 2.12132 0
    endloop
  endfacet
  facet normal 0.595703 0.803204 -0
    outer loop
      vertex -1.66671 -2.49441 0
      vertex -1.90318 -2.31903 1.19
      vertex -1.66671 -2.49441 1.19
    endloop
  endfacet
  facet normal 0.595703 0.803204 0
    outer loop
      vertex -1.90318 -2.31903 1.19
      vertex -1.66671 -2.49441 0
      vertex -1.90318 -2.31903 0
    endloop
  endfacet
  facet normal -0.242998 0.970027 0
    outer loop
      vertex 0.870853 -2.87082 0
      vertex 0.585271 -2.94236 1.19
      vertex 0.870853 -2.87082 1.19
    endloop
  endfacet
  facet normal -0.242998 0.970027 0
    outer loop
      vertex 0.585271 -2.94236 1.19
      vertex 0.870853 -2.87082 0
      vertex 0.585271 -2.94236 0
    endloop
  endfacet
  facet normal -0.989181 0.146703 0
    outer loop
      vertex 2.94236 -0.585271 0
      vertex 2.98555 -0.294051 1.19
      vertex 2.98555 -0.294051 0
    endloop
  endfacet
  facet normal -0.989181 0.146703 0
    outer loop
      vertex 2.98555 -0.294051 1.19
      vertex 2.94236 -0.585271 0
      vertex 2.94236 -0.585271 1.19
    endloop
  endfacet
  facet normal 0.242998 0.970027 -0
    outer loop
      vertex -0.585271 -2.94236 0
      vertex -0.870853 -2.87082 1.19
      vertex -0.585271 -2.94236 1.19
    endloop
  endfacet
  facet normal 0.242998 0.970027 0
    outer loop
      vertex -0.870853 -2.87082 1.19
      vertex -0.585271 -2.94236 0
      vertex -0.870853 -2.87082 0
    endloop
  endfacet
  facet normal 0.595703 -0.803204 0
    outer loop
      vertex -1.90318 2.31903 0
      vertex -1.66671 2.49441 1.19
      vertex -1.90318 2.31903 1.19
    endloop
  endfacet
  facet normal 0.595703 -0.803204 0
    outer loop
      vertex -1.66671 2.49441 1.19
      vertex -1.90318 2.31903 0
      vertex -1.66671 2.49441 0
    endloop
  endfacet
  facet normal 0.998795 0.0490819 0
    outer loop
      vertex -2.98555 -0.294051 1.19
      vertex -3 0 0
      vertex -3 0 1.19
    endloop
  endfacet
  facet normal 0.998795 0.0490819 0
    outer loop
      vertex -3 0 0
      vertex -2.98555 -0.294051 1.19
      vertex -2.98555 -0.294051 0
    endloop
  endfacet
  facet normal 0.970027 0.242998 0
    outer loop
      vertex -2.87082 -0.870853 1.19
      vertex -2.94236 -0.585271 0
      vertex -2.94236 -0.585271 1.19
    endloop
  endfacet
  facet normal 0.970027 0.242998 0
    outer loop
      vertex -2.94236 -0.585271 0
      vertex -2.87082 -0.870853 1.19
      vertex -2.87082 -0.870853 0
    endloop
  endfacet
  facet normal -0.970027 0.242998 0
    outer loop
      vertex 2.87082 -0.870853 0
      vertex 2.94236 -0.585271 1.19
      vertex 2.94236 -0.585271 0
    endloop
  endfacet
  facet normal -0.970027 0.242998 0
    outer loop
      vertex 2.94236 -0.585271 1.19
      vertex 2.87082 -0.870853 0
      vertex 2.87082 -0.870853 1.19
    endloop
  endfacet
  facet normal 0.514091 -0.857736 0
    outer loop
      vertex -1.66671 2.49441 0
      vertex -1.41419 2.64576 1.19
      vertex -1.66671 2.49441 1.19
    endloop
  endfacet
  facet normal 0.514091 -0.857736 0
    outer loop
      vertex -1.41419 2.64576 1.19
      vertex -1.66671 2.49441 0
      vertex -1.41419 2.64576 0
    endloop
  endfacet
  facet normal -0.595703 -0.803204 0
    outer loop
      vertex 1.66671 2.49441 0
      vertex 1.90318 2.31903 1.19
      vertex 1.66671 2.49441 1.19
    endloop
  endfacet
  facet normal -0.595703 -0.803204 -0
    outer loop
      vertex 1.90318 2.31903 1.19
      vertex 1.66671 2.49441 0
      vertex 1.90318 2.31903 0
    endloop
  endfacet
  facet normal 0.903983 0.427569 0
    outer loop
      vertex -2.64576 -1.41419 1.19
      vertex -2.77164 -1.14805 0
      vertex -2.77164 -1.14805 1.19
    endloop
  endfacet
  facet normal 0.903983 0.427569 0
    outer loop
      vertex -2.77164 -1.14805 0
      vertex -2.64576 -1.41419 1.19
      vertex -2.64576 -1.41419 0
    endloop
  endfacet
  facet normal -0.941547 0.336882 0
    outer loop
      vertex 2.77164 -1.14805 0
      vertex 2.87082 -0.870853 1.19
      vertex 2.87082 -0.870853 0
    endloop
  endfacet
  facet normal -0.941547 0.336882 0
    outer loop
      vertex 2.87082 -0.870853 1.19
      vertex 2.77164 -1.14805 0
      vertex 2.77164 -1.14805 1.19
    endloop
  endfacet
  facet normal -0.146703 -0.989181 0
    outer loop
      vertex 0.294051 2.98555 0
      vertex 0.585271 2.94236 1.19
      vertex 0.294051 2.98555 1.19
    endloop
  endfacet
  facet normal -0.146703 -0.989181 -0
    outer loop
      vertex 0.585271 2.94236 1.19
      vertex 0.294051 2.98555 0
      vertex 0.585271 2.94236 0
    endloop
  endfacet
  facet normal 0.427569 -0.903983 0
    outer loop
      vertex -1.41419 2.64576 0
      vertex -1.14805 2.77164 1.19
      vertex -1.41419 2.64576 1.19
    endloop
  endfacet
  facet normal 0.427569 -0.903983 0
    outer loop
      vertex -1.14805 2.77164 1.19
      vertex -1.41419 2.64576 0
      vertex -1.14805 2.77164 0
    endloop
  endfacet
  facet normal -0.514091 -0.857736 0
    outer loop
      vertex 1.41419 2.64576 0
      vertex 1.66671 2.49441 1.19
      vertex 1.41419 2.64576 1.19
    endloop
  endfacet
  facet normal -0.514091 -0.857736 -0
    outer loop
      vertex 1.66671 2.49441 1.19
      vertex 1.41419 2.64576 0
      vertex 1.66671 2.49441 0
    endloop
  endfacet
  facet normal -0.427569 0.903983 0
    outer loop
      vertex 1.41419 -2.64576 0
      vertex 1.14805 -2.77164 1.19
      vertex 1.41419 -2.64576 1.19
    endloop
  endfacet
  facet normal -0.427569 0.903983 0
    outer loop
      vertex 1.14805 -2.77164 1.19
      vertex 1.41419 -2.64576 0
      vertex 1.14805 -2.77164 0
    endloop
  endfacet
  facet normal 0.941547 0.336882 0
    outer loop
      vertex -2.77164 -1.14805 1.19
      vertex -2.87082 -0.870853 0
      vertex -2.87082 -0.870853 1.19
    endloop
  endfacet
  facet normal 0.941547 0.336882 0
    outer loop
      vertex -2.87082 -0.870853 0
      vertex -2.77164 -1.14805 1.19
      vertex -2.77164 -1.14805 0
    endloop
  endfacet
  facet normal -0.857736 0.514091 0
    outer loop
      vertex 2.49441 -1.66671 0
      vertex 2.64576 -1.41419 1.19
      vertex 2.64576 -1.41419 0
    endloop
  endfacet
  facet normal -0.857736 0.514091 0
    outer loop
      vertex 2.64576 -1.41419 1.19
      vertex 2.49441 -1.66671 0
      vertex 2.49441 -1.66671 1.19
    endloop
  endfacet
  facet normal -0.903983 0.427569 0
    outer loop
      vertex 2.64576 -1.41419 0
      vertex 2.77164 -1.14805 1.19
      vertex 2.77164 -1.14805 0
    endloop
  endfacet
  facet normal -0.903983 0.427569 0
    outer loop
      vertex 2.77164 -1.14805 1.19
      vertex 2.64576 -1.41419 0
      vertex 2.64576 -1.41419 1.19
    endloop
  endfacet
  facet normal -0.998795 0.0490819 0
    outer loop
      vertex 2.98555 -0.294051 0
      vertex 3 0 1.19
      vertex 3 0 0
    endloop
  endfacet
  facet normal -0.998795 0.0490819 0
    outer loop
      vertex 3 0 1.19
      vertex 2.98555 -0.294051 0
      vertex 2.98555 -0.294051 1.19
    endloop
  endfacet
  facet normal 0.146703 -0.989181 0
    outer loop
      vertex -0.585271 2.94236 0
      vertex -0.294051 2.98555 1.19
      vertex -0.585271 2.94236 1.19
    endloop
  endfacet
  facet normal 0.146703 -0.989181 0
    outer loop
      vertex -0.294051 2.98555 1.19
      vertex -0.585271 2.94236 0
      vertex -0.294051 2.98555 0
    endloop
  endfacet
  facet normal -0.146703 0.989181 0
    outer loop
      vertex 0.585271 -2.94236 0
      vertex 0.294051 -2.98555 1.19
      vertex 0.585271 -2.94236 1.19
    endloop
  endfacet
  facet normal -0.146703 0.989181 0
    outer loop
      vertex 0.294051 -2.98555 1.19
      vertex 0.585271 -2.94236 0
      vertex 0.294051 -2.98555 0
    endloop
  endfacet
  facet normal -0.941547 -0.336882 0
    outer loop
      vertex 2.87082 0.870853 0
      vertex 2.77164 1.14805 1.19
      vertex 2.77164 1.14805 0
    endloop
  endfacet
  facet normal -0.941547 -0.336882 0
    outer loop
      vertex 2.77164 1.14805 1.19
      vertex 2.87082 0.870853 0
      vertex 2.87082 0.870853 1.19
    endloop
  endfacet
  facet normal -0.740952 0.671558 0
    outer loop
      vertex 2.12132 -2.12132 0
      vertex 2.31903 -1.90318 1.19
      vertex 2.31903 -1.90318 0
    endloop
  endfacet
  facet normal -0.740952 0.671558 0
    outer loop
      vertex 2.31903 -1.90318 1.19
      vertex 2.12132 -2.12132 0
      vertex 2.12132 -2.12132 1.19
    endloop
  endfacet
  facet normal -0.803204 0.595703 0
    outer loop
      vertex 2.31903 -1.90318 0
      vertex 2.49441 -1.66671 1.19
      vertex 2.49441 -1.66671 0
    endloop
  endfacet
  facet normal -0.803204 0.595703 0
    outer loop
      vertex 2.49441 -1.66671 1.19
      vertex 2.31903 -1.90318 0
      vertex 2.31903 -1.90318 1.19
    endloop
  endfacet
  facet normal 0.242998 -0.970027 0
    outer loop
      vertex -0.870853 2.87082 0
      vertex -0.585271 2.94236 1.19
      vertex -0.870853 2.87082 1.19
    endloop
  endfacet
  facet normal 0.242998 -0.970027 0
    outer loop
      vertex -0.585271 2.94236 1.19
      vertex -0.870853 2.87082 0
      vertex -0.585271 2.94236 0
    endloop
  endfacet
  facet normal -0.803204 -0.595703 0
    outer loop
      vertex 2.49441 1.66671 0
      vertex 2.31903 1.90318 1.19
      vertex 2.31903 1.90318 0
    endloop
  endfacet
  facet normal -0.803204 -0.595703 0
    outer loop
      vertex 2.31903 1.90318 1.19
      vertex 2.49441 1.66671 0
      vertex 2.49441 1.66671 1.19
    endloop
  endfacet
  facet normal -0.0490819 -0.998795 0
    outer loop
      vertex 0 3 0
      vertex 0.294051 2.98555 1.19
      vertex 0 3 1.19
    endloop
  endfacet
  facet normal -0.0490819 -0.998795 -0
    outer loop
      vertex 0.294051 2.98555 1.19
      vertex 0 3 0
      vertex 0.294051 2.98555 0
    endloop
  endfacet
  facet normal -0.903983 -0.427569 0
    outer loop
      vertex 2.77164 1.14805 0
      vertex 2.64576 1.41419 1.19
      vertex 2.64576 1.41419 0
    endloop
  endfacet
  facet normal -0.903983 -0.427569 0
    outer loop
      vertex 2.64576 1.41419 1.19
      vertex 2.77164 1.14805 0
      vertex 2.77164 1.14805 1.19
    endloop
  endfacet
  facet normal 0.857736 -0.514091 0
    outer loop
      vertex -2.64576 1.41419 1.19
      vertex -2.49441 1.66671 0
      vertex -2.49441 1.66671 1.19
    endloop
  endfacet
  facet normal 0.857736 -0.514091 0
    outer loop
      vertex -2.49441 1.66671 0
      vertex -2.64576 1.41419 1.19
      vertex -2.64576 1.41419 0
    endloop
  endfacet
  facet normal 0.671558 -0.740952 0
    outer loop
      vertex -2.12132 2.12132 0
      vertex -1.90318 2.31903 1.19
      vertex -2.12132 2.12132 1.19
    endloop
  endfacet
  facet normal 0.671558 -0.740952 0
    outer loop
      vertex -1.90318 2.31903 1.19
      vertex -2.12132 2.12132 0
      vertex -1.90318 2.31903 0
    endloop
  endfacet
  facet normal 0.857736 0.514091 0
    outer loop
      vertex -2.49441 -1.66671 1.19
      vertex -2.64576 -1.41419 0
      vertex -2.64576 -1.41419 1.19
    endloop
  endfacet
  facet normal 0.857736 0.514091 0
    outer loop
      vertex -2.64576 -1.41419 0
      vertex -2.49441 -1.66671 1.19
      vertex -2.49441 -1.66671 0
    endloop
  endfacet
  facet normal 0.427569 0.903983 -0
    outer loop
      vertex -1.14805 -2.77164 0
      vertex -1.41419 -2.64576 1.19
      vertex -1.14805 -2.77164 1.19
    endloop
  endfacet
  facet normal 0.427569 0.903983 0
    outer loop
      vertex -1.41419 -2.64576 1.19
      vertex -1.14805 -2.77164 0
      vertex -1.41419 -2.64576 0
    endloop
  endfacet
  facet normal 0.740952 0.671558 0
    outer loop
      vertex -2.12132 -2.12132 1.19
      vertex -2.31903 -1.90318 0
      vertex -2.31903 -1.90318 1.19
    endloop
  endfacet
  facet normal 0.740952 0.671558 0
    outer loop
      vertex -2.31903 -1.90318 0
      vertex -2.12132 -2.12132 1.19
      vertex -2.12132 -2.12132 0
    endloop
  endfacet
  facet normal 0.336882 -0.941547 0
    outer loop
      vertex -1.14805 2.77164 0
      vertex -0.870853 2.87082 1.19
      vertex -1.14805 2.77164 1.19
    endloop
  endfacet
  facet normal 0.336882 -0.941547 0
    outer loop
      vertex -0.870853 2.87082 1.19
      vertex -1.14805 2.77164 0
      vertex -0.870853 2.87082 0
    endloop
  endfacet
  facet normal 0.514091 0.857736 -0
    outer loop
      vertex -1.41419 -2.64576 0
      vertex -1.66671 -2.49441 1.19
      vertex -1.41419 -2.64576 1.19
    endloop
  endfacet
  facet normal 0.514091 0.857736 0
    outer loop
      vertex -1.66671 -2.49441 1.19
      vertex -1.41419 -2.64576 0
      vertex -1.66671 -2.49441 0
    endloop
  endfacet
  facet normal -0.595703 0.803204 0
    outer loop
      vertex 1.90318 -2.31903 0
      vertex 1.66671 -2.49441 1.19
      vertex 1.90318 -2.31903 1.19
    endloop
  endfacet
  facet normal -0.595703 0.803204 0
    outer loop
      vertex 1.66671 -2.49441 1.19
      vertex 1.90318 -2.31903 0
      vertex 1.66671 -2.49441 0
    endloop
  endfacet
  facet normal 0.0490819 -0.998795 0
    outer loop
      vertex -0.294051 2.98555 0
      vertex 0 3 1.19
      vertex -0.294051 2.98555 1.19
    endloop
  endfacet
  facet normal 0.0490819 -0.998795 0
    outer loop
      vertex 0 3 1.19
      vertex -0.294051 2.98555 0
      vertex 0 3 0
    endloop
  endfacet
  facet normal 0.970027 -0.242998 0
    outer loop
      vertex -2.94236 0.585271 1.19
      vertex -2.87082 0.870853 0
      vertex -2.87082 0.870853 1.19
    endloop
  endfacet
  facet normal 0.970027 -0.242998 0
    outer loop
      vertex -2.87082 0.870853 0
      vertex -2.94236 0.585271 1.19
      vertex -2.94236 0.585271 0
    endloop
  endfacet
  facet normal 0.941547 -0.336882 0
    outer loop
      vertex -2.87082 0.870853 1.19
      vertex -2.77164 1.14805 0
      vertex -2.77164 1.14805 1.19
    endloop
  endfacet
  facet normal 0.941547 -0.336882 0
    outer loop
      vertex -2.77164 1.14805 0
      vertex -2.87082 0.870853 1.19
      vertex -2.87082 0.870853 0
    endloop
  endfacet
  facet normal -0.336882 -0.941547 0
    outer loop
      vertex 0.870853 2.87082 0
      vertex 1.14805 2.77164 1.19
      vertex 0.870853 2.87082 1.19
    endloop
  endfacet
  facet normal -0.336882 -0.941547 -0
    outer loop
      vertex 1.14805 2.77164 1.19
      vertex 0.870853 2.87082 0
      vertex 1.14805 2.77164 0
    endloop
  endfacet
  facet normal 0.803204 0.595703 0
    outer loop
      vertex -2.31903 -1.90318 1.19
      vertex -2.49441 -1.66671 0
      vertex -2.49441 -1.66671 1.19
    endloop
  endfacet
  facet normal 0.803204 0.595703 0
    outer loop
      vertex -2.49441 -1.66671 0
      vertex -2.31903 -1.90318 1.19
      vertex -2.31903 -1.90318 0
    endloop
  endfacet
  facet normal 0.989181 0.146703 0
    outer loop
      vertex -2.94236 -0.585271 1.19
      vertex -2.98555 -0.294051 0
      vertex -2.98555 -0.294051 1.19
    endloop
  endfacet
  facet normal 0.989181 0.146703 0
    outer loop
      vertex -2.98555 -0.294051 0
      vertex -2.94236 -0.585271 1.19
      vertex -2.94236 -0.585271 0
    endloop
  endfacet
  facet normal 0.903983 -0.427569 0
    outer loop
      vertex -2.77164 1.14805 1.19
      vertex -2.64576 1.41419 0
      vertex -2.64576 1.41419 1.19
    endloop
  endfacet
  facet normal 0.903983 -0.427569 0
    outer loop
      vertex -2.64576 1.41419 0
      vertex -2.77164 1.14805 1.19
      vertex -2.77164 1.14805 0
    endloop
  endfacet
  facet normal -0.514091 0.857736 0
    outer loop
      vertex 1.66671 -2.49441 0
      vertex 1.41419 -2.64576 1.19
      vertex 1.66671 -2.49441 1.19
    endloop
  endfacet
  facet normal -0.514091 0.857736 0
    outer loop
      vertex 1.41419 -2.64576 1.19
      vertex 1.66671 -2.49441 0
      vertex 1.41419 -2.64576 0
    endloop
  endfacet
  facet normal 0.671558 0.740952 -0
    outer loop
      vertex -1.90318 -2.31903 0
      vertex -2.12132 -2.12132 1.19
      vertex -1.90318 -2.31903 1.19
    endloop
  endfacet
  facet normal 0.671558 0.740952 0
    outer loop
      vertex -2.12132 -2.12132 1.19
      vertex -1.90318 -2.31903 0
      vertex -2.12132 -2.12132 0
    endloop
  endfacet
  facet normal 0.803204 -0.595703 0
    outer loop
      vertex -2.49441 1.66671 1.19
      vertex -2.31903 1.90318 0
      vertex -2.31903 1.90318 1.19
    endloop
  endfacet
  facet normal 0.803204 -0.595703 0
    outer loop
      vertex -2.31903 1.90318 0
      vertex -2.49441 1.66671 1.19
      vertex -2.49441 1.66671 0
    endloop
  endfacet
  facet normal 0.0490819 0.998795 -0
    outer loop
      vertex 0 -3 0
      vertex -0.294051 -2.98555 1.19
      vertex 0 -3 1.19
    endloop
  endfacet
  facet normal 0.0490819 0.998795 0
    outer loop
      vertex -0.294051 -2.98555 1.19
      vertex 0 -3 0
      vertex -0.294051 -2.98555 0
    endloop
  endfacet
  facet normal 0.146703 0.989181 -0
    outer loop
      vertex -0.294051 -2.98555 0
      vertex -0.585271 -2.94236 1.19
      vertex -0.294051 -2.98555 1.19
    endloop
  endfacet
  facet normal 0.146703 0.989181 0
    outer loop
      vertex -0.585271 -2.94236 1.19
      vertex -0.294051 -2.98555 0
      vertex -0.585271 -2.94236 0
    endloop
  endfacet
  facet normal 0.989181 -0.146703 0
    outer loop
      vertex -2.98555 0.294051 1.19
      vertex -2.94236 0.585271 0
      vertex -2.94236 0.585271 1.19
    endloop
  endfacet
  facet normal 0.989181 -0.146703 0
    outer loop
      vertex -2.94236 0.585271 0
      vertex -2.98555 0.294051 1.19
      vertex -2.98555 0.294051 0
    endloop
  endfacet
  facet normal 0.998795 -0.0490819 0
    outer loop
      vertex -3 0 1.19
      vertex -2.98555 0.294051 0
      vertex -2.98555 0.294051 1.19
    endloop
  endfacet
  facet normal 0.998795 -0.0490819 0
    outer loop
      vertex -2.98555 0.294051 0
      vertex -3 0 1.19
      vertex -3 0 0
    endloop
  endfacet
  facet normal 0.336882 0.941547 -0
    outer loop
      vertex -0.870853 -2.87082 0
      vertex -1.14805 -2.77164 1.19
      vertex -0.870853 -2.87082 1.19
    endloop
  endfacet
  facet normal 0.336882 0.941547 0
    outer loop
      vertex -1.14805 -2.77164 1.19
      vertex -0.870853 -2.87082 0
      vertex -1.14805 -2.77164 0
    endloop
  endfacet
  facet normal -0.671558 0.740952 0
    outer loop
      vertex 2.12132 -2.12132 0
      vertex 1.90318 -2.31903 1.19
      vertex 2.12132 -2.12132 1.19
    endloop
  endfacet
  facet normal -0.671558 0.740952 0
    outer loop
      vertex 1.90318 -2.31903 1.19
      vertex 2.12132 -2.12132 0
      vertex 1.90318 -2.31903 0
    endloop
  endfacet
  facet normal 0 0 -1
    outer loop
      vertex 2.55 0 1.19
      vertex 3 0 1.19
      vertex 2.98555 -0.294051 1.19
    endloop
  endfacet
  facet normal 0 0 -1
    outer loop
      vertex 2.53772 -0.249943 1.19
      vertex 2.98555 -0.294051 1.19
      vertex 2.94236 -0.585271 1.19
    endloop
  endfacet
  facet normal 0 0 -1
    outer loop
      vertex 3 0 1.19
      vertex 2.55 0 1.19
      vertex 2.98555 0.294051 1.19
    endloop
  endfacet
  facet normal 0 0 -1
    outer loop
      vertex 2.501 -0.497479 1.19
      vertex 2.94236 -0.585271 1.19
      vertex 2.87082 -0.870853 1.19
    endloop
  endfacet
  facet normal 0 0 -1
    outer loop
      vertex 2.53772 0.249943 1.19
      vertex 2.98555 0.294051 1.19
      vertex 2.55 0 1.19
    endloop
  endfacet
  facet normal 0 0 -1
    outer loop
      vertex 2.4402 -0.740226 1.19
      vertex 2.87082 -0.870853 1.19
      vertex 2.77164 -1.14805 1.19
    endloop
  endfacet
  facet normal -0 0 -1
    outer loop
      vertex 2.98555 0.294051 1.19
      vertex 2.53772 0.249943 1.19
      vertex 2.94236 0.585271 1.19
    endloop
  endfacet
  facet normal 0 0 -1
    outer loop
      vertex 2.35589 -0.975842 1.19
      vertex 2.77164 -1.14805 1.19
      vertex 2.64576 -1.41419 1.19
    endloop
  endfacet
  facet normal 0 0 -1
    outer loop
      vertex 2.501 0.497479 1.19
      vertex 2.94236 0.585271 1.19
      vertex 2.53772 0.249943 1.19
    endloop
  endfacet
  facet normal -0 0 -1
    outer loop
      vertex 2.94236 0.585271 1.19
      vertex 2.501 0.497479 1.19
      vertex 2.87082 0.870853 1.19
    endloop
  endfacet
  facet normal 0 0 -1
    outer loop
      vertex 2.98555 -0.294051 1.19
      vertex 2.53772 -0.249943 1.19
      vertex 2.55 0 1.19
    endloop
  endfacet
  facet normal 0 0 -1
    outer loop
      vertex 2.94236 -0.585271 1.19
      vertex 2.501 -0.497479 1.19
      vertex 2.53772 -0.249943 1.19
    endloop
  endfacet
  facet normal 0 0 -1
    outer loop
      vertex 2.2489 -1.20206 1.19
      vertex 2.64576 -1.41419 1.19
      vertex 2.49441 -1.66671 1.19
    endloop
  endfacet
  facet normal 0 0 -1
    outer loop
      vertex 2.87082 -0.870853 1.19
      vertex 2.4402 -0.740226 1.19
      vertex 2.501 -0.497479 1.19
    endloop
  endfacet
  facet normal 0 0 -1
    outer loop
      vertex 2.77164 -1.14805 1.19
      vertex 2.35589 -0.975842 1.19
      vertex 2.4402 -0.740226 1.19
    endloop
  endfacet
  facet normal 0 0 -1
    outer loop
      vertex 2.12025 -1.4167 1.19
      vertex 2.49441 -1.66671 1.19
      vertex 2.31903 -1.90318 1.19
    endloop
  endfacet
  facet normal 0 0 -1
    outer loop
      vertex 2.64576 -1.41419 1.19
      vertex 2.2489 -1.20206 1.19
      vertex 2.35589 -0.975842 1.19
    endloop
  endfacet
  facet normal 0 0 -1
    outer loop
      vertex 1.97118 -1.6177 1.19
      vertex 2.31903 -1.90318 1.19
      vertex 2.12132 -2.12132 1.19
    endloop
  endfacet
  facet normal 0 0 -1
    outer loop
      vertex 2.49441 -1.66671 1.19
      vertex 2.12025 -1.4167 1.19
      vertex 2.2489 -1.20206 1.19
    endloop
  endfacet
  facet normal 0 0 -1
    outer loop
      vertex 2.31903 -1.90318 1.19
      vertex 1.97118 -1.6177 1.19
      vertex 2.12025 -1.4167 1.19
    endloop
  endfacet
  facet normal 0 0 -1
    outer loop
      vertex 1.80312 -1.80312 1.19
      vertex 2.12132 -2.12132 1.19
      vertex 1.90318 -2.31903 1.19
    endloop
  endfacet
  facet normal 0 0 -1
    outer loop
      vertex 2.12132 -2.12132 1.19
      vertex 1.80312 -1.80312 1.19
      vertex 1.97118 -1.6177 1.19
    endloop
  endfacet
  facet normal 0 0 -1
    outer loop
      vertex 1.6177 -1.97118 1.19
      vertex 1.90318 -2.31903 1.19
      vertex 1.66671 -2.49441 1.19
    endloop
  endfacet
  facet normal 0 0 -1
    outer loop
      vertex 1.90318 -2.31903 1.19
      vertex 1.6177 -1.97118 1.19
      vertex 1.80312 -1.80312 1.19
    endloop
  endfacet
  facet normal 0 0 -1
    outer loop
      vertex 1.66671 -2.49441 1.19
      vertex 1.4167 -2.12025 1.19
      vertex 1.6177 -1.97118 1.19
    endloop
  endfacet
  facet normal 0 0 -1
    outer loop
      vertex 1.41419 -2.64576 1.19
      vertex 1.4167 -2.12025 1.19
      vertex 1.66671 -2.49441 1.19
    endloop
  endfacet
  facet normal 0 0 -1
    outer loop
      vertex 1.41419 -2.64576 1.19
      vertex 1.20206 -2.2489 1.19
      vertex 1.4167 -2.12025 1.19
    endloop
  endfacet
  facet normal 0 0 -1
    outer loop
      vertex 1.14805 -2.77164 1.19
      vertex 1.20206 -2.2489 1.19
      vertex 1.41419 -2.64576 1.19
    endloop
  endfacet
  facet normal 0 0 -1
    outer loop
      vertex 1.14805 -2.77164 1.19
      vertex 0.975842 -2.35589 1.19
      vertex 1.20206 -2.2489 1.19
    endloop
  endfacet
  facet normal 0 0 -1
    outer loop
      vertex 0.870853 -2.87082 1.19
      vertex 0.975842 -2.35589 1.19
      vertex 1.14805 -2.77164 1.19
    endloop
  endfacet
  facet normal 0 0 -1
    outer loop
      vertex 0.870853 -2.87082 1.19
      vertex 0.740226 -2.4402 1.19
      vertex 0.975842 -2.35589 1.19
    endloop
  endfacet
  facet normal 0 0 -1
    outer loop
      vertex 0.585271 -2.94236 1.19
      vertex 0.740226 -2.4402 1.19
      vertex 0.870853 -2.87082 1.19
    endloop
  endfacet
  facet normal 0 0 -1
    outer loop
      vertex 0.585271 -2.94236 1.19
      vertex 0.497479 -2.501 1.19
      vertex 0.740226 -2.4402 1.19
    endloop
  endfacet
  facet normal 0 0 -1
    outer loop
      vertex 0.294051 -2.98555 1.19
      vertex 0.497479 -2.501 1.19
      vertex 0.585271 -2.94236 1.19
    endloop
  endfacet
  facet normal 0 0 -1
    outer loop
      vertex 0.294051 -2.98555 1.19
      vertex 0.249943 -2.53772 1.19
      vertex 0.497479 -2.501 1.19
    endloop
  endfacet
  facet normal 0 0 -1
    outer loop
      vertex 0 -3 1.19
      vertex 0.249943 -2.53772 1.19
      vertex 0.294051 -2.98555 1.19
    endloop
  endfacet
  facet normal 0 0 -1
    outer loop
      vertex 0 -3 1.19
      vertex 0 -2.55 1.19
      vertex 0.249943 -2.53772 1.19
    endloop
  endfacet
  facet normal 0 0 -1
    outer loop
      vertex 0 -3 1.19
      vertex -0.249943 -2.53772 1.19
      vertex 0 -2.55 1.19
    endloop
  endfacet
  facet normal 0 0 -1
    outer loop
      vertex -0.294051 -2.98555 1.19
      vertex -0.249943 -2.53772 1.19
      vertex 0 -3 1.19
    endloop
  endfacet
  facet normal 0 0 -1
    outer loop
      vertex -0.294051 -2.98555 1.19
      vertex -0.497479 -2.501 1.19
      vertex -0.249943 -2.53772 1.19
    endloop
  endfacet
  facet normal 0 0 -1
    outer loop
      vertex -0.585271 -2.94236 1.19
      vertex -0.497479 -2.501 1.19
      vertex -0.294051 -2.98555 1.19
    endloop
  endfacet
  facet normal 0 0 -1
    outer loop
      vertex -0.585271 -2.94236 1.19
      vertex -0.740226 -2.4402 1.19
      vertex -0.497479 -2.501 1.19
    endloop
  endfacet
  facet normal 0 0 -1
    outer loop
      vertex -0.870853 -2.87082 1.19
      vertex -0.740226 -2.4402 1.19
      vertex -0.585271 -2.94236 1.19
    endloop
  endfacet
  facet normal 0 0 -1
    outer loop
      vertex -0.870853 -2.87082 1.19
      vertex -0.975842 -2.35589 1.19
      vertex -0.740226 -2.4402 1.19
    endloop
  endfacet
  facet normal 0 0 -1
    outer loop
      vertex -1.14805 -2.77164 1.19
      vertex -0.975842 -2.35589 1.19
      vertex -0.870853 -2.87082 1.19
    endloop
  endfacet
  facet normal 0 0 -1
    outer loop
      vertex -1.14805 -2.77164 1.19
      vertex -1.20206 -2.2489 1.19
      vertex -0.975842 -2.35589 1.19
    endloop
  endfacet
  facet normal 0 0 -1
    outer loop
      vertex -1.41419 -2.64576 1.19
      vertex -1.20206 -2.2489 1.19
      vertex -1.14805 -2.77164 1.19
    endloop
  endfacet
  facet normal 0 0 -1
    outer loop
      vertex -1.41419 -2.64576 1.19
      vertex -1.4167 -2.12025 1.19
      vertex -1.20206 -2.2489 1.19
    endloop
  endfacet
  facet normal 0 0 -1
    outer loop
      vertex -1.66671 -2.49441 1.19
      vertex -1.4167 -2.12025 1.19
      vertex -1.41419 -2.64576 1.19
    endloop
  endfacet
  facet normal -0 0 -1
    outer loop
      vertex -1.4167 -2.12025 1.19
      vertex -1.66671 -2.49441 1.19
      vertex -1.6177 -1.97118 1.19
    endloop
  endfacet
  facet normal 0 0 -1
    outer loop
      vertex -1.90318 -2.31903 1.19
      vertex -1.6177 -1.97118 1.19
      vertex -1.66671 -2.49441 1.19
    endloop
  endfacet
  facet normal -0 0 -1
    outer loop
      vertex -1.6177 -1.97118 1.19
      vertex -1.90318 -2.31903 1.19
      vertex -1.80312 -1.80312 1.19
    endloop
  endfacet
  facet normal 0 0 -1
    outer loop
      vertex -2.12132 -2.12132 1.19
      vertex -1.80312 -1.80312 1.19
      vertex -1.90318 -2.31903 1.19
    endloop
  endfacet
  facet normal -0 0 -1
    outer loop
      vertex -1.80312 -1.80312 1.19
      vertex -2.12132 -2.12132 1.19
      vertex -1.97118 -1.6177 1.19
    endloop
  endfacet
  facet normal 0 0 -1
    outer loop
      vertex -2.31903 -1.90318 1.19
      vertex -1.97118 -1.6177 1.19
      vertex -2.12132 -2.12132 1.19
    endloop
  endfacet
  facet normal -0 0 -1
    outer loop
      vertex -1.97118 -1.6177 1.19
      vertex -2.31903 -1.90318 1.19
      vertex -2.12025 -1.4167 1.19
    endloop
  endfacet
  facet normal 0 0 -1
    outer loop
      vertex -2.49441 -1.66671 1.19
      vertex -2.12025 -1.4167 1.19
      vertex -2.31903 -1.90318 1.19
    endloop
  endfacet
  facet normal -0 0 -1
    outer loop
      vertex -2.12025 -1.4167 1.19
      vertex -2.49441 -1.66671 1.19
      vertex -2.2489 -1.20206 1.19
    endloop
  endfacet
  facet normal 0 0 -1
    outer loop
      vertex -2.64576 -1.41419 1.19
      vertex -2.2489 -1.20206 1.19
      vertex -2.49441 -1.66671 1.19
    endloop
  endfacet
  facet normal -0 0 -1
    outer loop
      vertex -2.2489 -1.20206 1.19
      vertex -2.64576 -1.41419 1.19
      vertex -2.35589 -0.975842 1.19
    endloop
  endfacet
  facet normal 0 0 -1
    outer loop
      vertex -2.77164 -1.14805 1.19
      vertex -2.35589 -0.975842 1.19
      vertex -2.64576 -1.41419 1.19
    endloop
  endfacet
  facet normal -0 0 -1
    outer loop
      vertex -2.35589 -0.975842 1.19
      vertex -2.77164 -1.14805 1.19
      vertex -2.4402 -0.740226 1.19
    endloop
  endfacet
  facet normal 0 0 -1
    outer loop
      vertex -2.87082 -0.870853 1.19
      vertex -2.4402 -0.740226 1.19
      vertex -2.77164 -1.14805 1.19
    endloop
  endfacet
  facet normal -0 0 -1
    outer loop
      vertex -2.4402 -0.740226 1.19
      vertex -2.87082 -0.870853 1.19
      vertex -2.501 -0.497479 1.19
    endloop
  endfacet
  facet normal 0 0 -1
    outer loop
      vertex 2.4402 0.740226 1.19
      vertex 2.87082 0.870853 1.19
      vertex 2.501 0.497479 1.19
    endloop
  endfacet
  facet normal -0 0 -1
    outer loop
      vertex 2.87082 0.870853 1.19
      vertex 2.4402 0.740226 1.19
      vertex 2.77164 1.14805 1.19
    endloop
  endfacet
  facet normal 0 0 -1
    outer loop
      vertex 2.35589 0.975842 1.19
      vertex 2.77164 1.14805 1.19
      vertex 2.4402 0.740226 1.19
    endloop
  endfacet
  facet normal -0 0 -1
    outer loop
      vertex 2.77164 1.14805 1.19
      vertex 2.35589 0.975842 1.19
      vertex 2.64576 1.41419 1.19
    endloop
  endfacet
  facet normal 0 0 -1
    outer loop
      vertex 2.2489 1.20206 1.19
      vertex 2.64576 1.41419 1.19
      vertex 2.35589 0.975842 1.19
    endloop
  endfacet
  facet normal -0 0 -1
    outer loop
      vertex 2.64576 1.41419 1.19
      vertex 2.2489 1.20206 1.19
      vertex 2.49441 1.66671 1.19
    endloop
  endfacet
  facet normal 0 0 -1
    outer loop
      vertex 2.12025 1.4167 1.19
      vertex 2.49441 1.66671 1.19
      vertex 2.2489 1.20206 1.19
    endloop
  endfacet
  facet normal -0 0 -1
    outer loop
      vertex 2.49441 1.66671 1.19
      vertex 2.12025 1.4167 1.19
      vertex 2.31903 1.90318 1.19
    endloop
  endfacet
  facet normal 0 0 -1
    outer loop
      vertex 1.97118 1.6177 1.19
      vertex 2.31903 1.90318 1.19
      vertex 2.12025 1.4167 1.19
    endloop
  endfacet
  facet normal -0 0 -1
    outer loop
      vertex 2.31903 1.90318 1.19
      vertex 1.97118 1.6177 1.19
      vertex 2.12132 2.12132 1.19
    endloop
  endfacet
  facet normal 0 0 -1
    outer loop
      vertex 1.80312 1.80312 1.19
      vertex 2.12132 2.12132 1.19
      vertex 1.97118 1.6177 1.19
    endloop
  endfacet
  facet normal -0 0 -1
    outer loop
      vertex 2.12132 2.12132 1.19
      vertex 1.80312 1.80312 1.19
      vertex 1.90318 2.31903 1.19
    endloop
  endfacet
  facet normal 0 0 -1
    outer loop
      vertex 1.6177 1.97118 1.19
      vertex 1.90318 2.31903 1.19
      vertex 1.80312 1.80312 1.19
    endloop
  endfacet
  facet normal -0 0 -1
    outer loop
      vertex 1.90318 2.31903 1.19
      vertex 1.6177 1.97118 1.19
      vertex 1.66671 2.49441 1.19
    endloop
  endfacet
  facet normal 0 0 -1
    outer loop
      vertex 1.4167 2.12025 1.19
      vertex 1.66671 2.49441 1.19
      vertex 1.6177 1.97118 1.19
    endloop
  endfacet
  facet normal 0 0 -1
    outer loop
      vertex 1.4167 2.12025 1.19
      vertex 1.41419 2.64576 1.19
      vertex 1.66671 2.49441 1.19
    endloop
  endfacet
  facet normal 0 0 -1
    outer loop
      vertex 1.20206 2.2489 1.19
      vertex 1.41419 2.64576 1.19
      vertex 1.4167 2.12025 1.19
    endloop
  endfacet
  facet normal 0 0 -1
    outer loop
      vertex 1.20206 2.2489 1.19
      vertex 1.14805 2.77164 1.19
      vertex 1.41419 2.64576 1.19
    endloop
  endfacet
  facet normal 0 0 -1
    outer loop
      vertex 0.975842 2.35589 1.19
      vertex 1.14805 2.77164 1.19
      vertex 1.20206 2.2489 1.19
    endloop
  endfacet
  facet normal 0 0 -1
    outer loop
      vertex 0.975842 2.35589 1.19
      vertex 0.870853 2.87082 1.19
      vertex 1.14805 2.77164 1.19
    endloop
  endfacet
  facet normal 0 0 -1
    outer loop
      vertex 0.740226 2.4402 1.19
      vertex 0.870853 2.87082 1.19
      vertex 0.975842 2.35589 1.19
    endloop
  endfacet
  facet normal 0 0 -1
    outer loop
      vertex 0.740226 2.4402 1.19
      vertex 0.585271 2.94236 1.19
      vertex 0.870853 2.87082 1.19
    endloop
  endfacet
  facet normal 0 0 -1
    outer loop
      vertex 0.497479 2.501 1.19
      vertex 0.585271 2.94236 1.19
      vertex 0.740226 2.4402 1.19
    endloop
  endfacet
  facet normal 0 0 -1
    outer loop
      vertex 0.497479 2.501 1.19
      vertex 0.294051 2.98555 1.19
      vertex 0.585271 2.94236 1.19
    endloop
  endfacet
  facet normal 0 0 -1
    outer loop
      vertex 0.249943 2.53772 1.19
      vertex 0.294051 2.98555 1.19
      vertex 0.497479 2.501 1.19
    endloop
  endfacet
  facet normal 0 0 -1
    outer loop
      vertex 0 2.55 1.19
      vertex 0.294051 2.98555 1.19
      vertex 0.249943 2.53772 1.19
    endloop
  endfacet
  facet normal 0 0 -1
    outer loop
      vertex 0 2.55 1.19
      vertex 0 3 1.19
      vertex 0.294051 2.98555 1.19
    endloop
  endfacet
  facet normal 0 0 -1
    outer loop
      vertex -0.249943 2.53772 1.19
      vertex 0 3 1.19
      vertex 0 2.55 1.19
    endloop
  endfacet
  facet normal 0 0 -1
    outer loop
      vertex -0.249943 2.53772 1.19
      vertex -0.294051 2.98555 1.19
      vertex 0 3 1.19
    endloop
  endfacet
  facet normal 0 0 -1
    outer loop
      vertex -0.497479 2.501 1.19
      vertex -0.294051 2.98555 1.19
      vertex -0.249943 2.53772 1.19
    endloop
  endfacet
  facet normal 0 0 -1
    outer loop
      vertex -0.497479 2.501 1.19
      vertex -0.585271 2.94236 1.19
      vertex -0.294051 2.98555 1.19
    endloop
  endfacet
  facet normal 0 0 -1
    outer loop
      vertex -0.740226 2.4402 1.19
      vertex -0.585271 2.94236 1.19
      vertex -0.497479 2.501 1.19
    endloop
  endfacet
  facet normal 0 0 -1
    outer loop
      vertex -0.740226 2.4402 1.19
      vertex -0.870853 2.87082 1.19
      vertex -0.585271 2.94236 1.19
    endloop
  endfacet
  facet normal 0 0 -1
    outer loop
      vertex -0.975842 2.35589 1.19
      vertex -0.870853 2.87082 1.19
      vertex -0.740226 2.4402 1.19
    endloop
  endfacet
  facet normal 0 0 -1
    outer loop
      vertex -0.975842 2.35589 1.19
      vertex -1.14805 2.77164 1.19
      vertex -0.870853 2.87082 1.19
    endloop
  endfacet
  facet normal 0 0 -1
    outer loop
      vertex -1.20206 2.2489 1.19
      vertex -1.14805 2.77164 1.19
      vertex -0.975842 2.35589 1.19
    endloop
  endfacet
  facet normal 0 0 -1
    outer loop
      vertex -1.20206 2.2489 1.19
      vertex -1.41419 2.64576 1.19
      vertex -1.14805 2.77164 1.19
    endloop
  endfacet
  facet normal 0 0 -1
    outer loop
      vertex -1.4167 2.12025 1.19
      vertex -1.41419 2.64576 1.19
      vertex -1.20206 2.2489 1.19
    endloop
  endfacet
  facet normal 0 0 -1
    outer loop
      vertex -1.66671 2.49441 1.19
      vertex -1.4167 2.12025 1.19
      vertex -1.6177 1.97118 1.19
    endloop
  endfacet
  facet normal 0 0 -1
    outer loop
      vertex -1.4167 2.12025 1.19
      vertex -1.66671 2.49441 1.19
      vertex -1.41419 2.64576 1.19
    endloop
  endfacet
  facet normal 0 0 -1
    outer loop
      vertex -1.90318 2.31903 1.19
      vertex -1.6177 1.97118 1.19
      vertex -1.80312 1.80312 1.19
    endloop
  endfacet
  facet normal 0 0 -1
    outer loop
      vertex -1.6177 1.97118 1.19
      vertex -1.90318 2.31903 1.19
      vertex -1.66671 2.49441 1.19
    endloop
  endfacet
  facet normal 0 0 -1
    outer loop
      vertex -2.12132 2.12132 1.19
      vertex -1.80312 1.80312 1.19
      vertex -1.97118 1.6177 1.19
    endloop
  endfacet
  facet normal 0 0 -1
    outer loop
      vertex -2.31903 1.90318 1.19
      vertex -1.97118 1.6177 1.19
      vertex -2.12025 1.4167 1.19
    endloop
  endfacet
  facet normal 0 0 -1
    outer loop
      vertex -1.80312 1.80312 1.19
      vertex -2.12132 2.12132 1.19
      vertex -1.90318 2.31903 1.19
    endloop
  endfacet
  facet normal 0 0 -1
    outer loop
      vertex -2.49441 1.66671 1.19
      vertex -2.12025 1.4167 1.19
      vertex -2.2489 1.20206 1.19
    endloop
  endfacet
  facet normal 0 0 -1
    outer loop
      vertex -1.97118 1.6177 1.19
      vertex -2.31903 1.90318 1.19
      vertex -2.12132 2.12132 1.19
    endloop
  endfacet
  facet normal 0 0 -1
    outer loop
      vertex -2.64576 1.41419 1.19
      vertex -2.2489 1.20206 1.19
      vertex -2.35589 0.975842 1.19
    endloop
  endfacet
  facet normal 0 0 -1
    outer loop
      vertex -2.77164 1.14805 1.19
      vertex -2.35589 0.975842 1.19
      vertex -2.4402 0.740226 1.19
    endloop
  endfacet
  facet normal 0 0 -1
    outer loop
      vertex -2.12025 1.4167 1.19
      vertex -2.49441 1.66671 1.19
      vertex -2.31903 1.90318 1.19
    endloop
  endfacet
  facet normal 0 0 -1
    outer loop
      vertex -2.87082 0.870853 1.19
      vertex -2.4402 0.740226 1.19
      vertex -2.501 0.497479 1.19
    endloop
  endfacet
  facet normal 0 0 -1
    outer loop
      vertex -2.94236 0.585271 1.19
      vertex -2.501 0.497479 1.19
      vertex -2.53772 0.249943 1.19
    endloop
  endfacet
  facet normal 0 0 -1
    outer loop
      vertex -2.98555 0.294051 1.19
      vertex -2.53772 0.249943 1.19
      vertex -2.55 0 1.19
    endloop
  endfacet
  facet normal 0 0 -1
    outer loop
      vertex -2.94236 -0.585271 1.19
      vertex -2.501 -0.497479 1.19
      vertex -2.87082 -0.870853 1.19
    endloop
  endfacet
  facet normal 0 0 -1
    outer loop
      vertex -2.2489 1.20206 1.19
      vertex -2.64576 1.41419 1.19
      vertex -2.49441 1.66671 1.19
    endloop
  endfacet
  facet normal -0 0 -1
    outer loop
      vertex -2.501 -0.497479 1.19
      vertex -2.94236 -0.585271 1.19
      vertex -2.53772 -0.249943 1.19
    endloop
  endfacet
  facet normal 0 0 -1
    outer loop
      vertex -2.35589 0.975842 1.19
      vertex -2.77164 1.14805 1.19
      vertex -2.64576 1.41419 1.19
    endloop
  endfacet
  facet normal 0 0 -1
    outer loop
      vertex -2.98555 -0.294051 1.19
      vertex -2.53772 -0.249943 1.19
      vertex -2.94236 -0.585271 1.19
    endloop
  endfacet
  facet normal 0 0 -1
    outer loop
      vertex -2.4402 0.740226 1.19
      vertex -2.87082 0.870853 1.19
      vertex -2.77164 1.14805 1.19
    endloop
  endfacet
  facet normal -0 0 -1
    outer loop
      vertex -2.53772 -0.249943 1.19
      vertex -2.98555 -0.294051 1.19
      vertex -2.55 0 1.19
    endloop
  endfacet
  facet normal 0 0 -1
    outer loop
      vertex -2.501 0.497479 1.19
      vertex -2.94236 0.585271 1.19
      vertex -2.87082 0.870853 1.19
    endloop
  endfacet
  facet normal 0 0 -1
    outer loop
      vertex -3 0 1.19
      vertex -2.55 0 1.19
      vertex -2.98555 -0.294051 1.19
    endloop
  endfacet
  facet normal 0 0 -1
    outer loop
      vertex -2.53772 0.249943 1.19
      vertex -2.98555 0.294051 1.19
      vertex -2.94236 0.585271 1.19
    endloop
  endfacet
  facet normal 0 0 -1
    outer loop
      vertex -2.55 0 1.19
      vertex -3 0 1.19
      vertex -2.98555 0.294051 1.19
    endloop
  endfacet
  facet normal -0.989176 -0.146736 0
    outer loop
      vertex 2.53772 0.249943 1.19
      vertex 2.501 0.497479 8.59
      vertex 2.501 0.497479 1.19
    endloop
  endfacet
  facet normal -0.989176 -0.146736 0
    outer loop
      vertex 2.501 0.497479 8.59
      vertex 2.53772 0.249943 1.19
      vertex 2.53772 0.249943 8.59
    endloop
  endfacet
  facet normal -0.998795 -0.049072 0
    outer loop
      vertex 2.55 0 1.19
      vertex 2.53772 0.249943 8.59
      vertex 2.53772 0.249943 1.19
    endloop
  endfacet
  facet normal -0.998795 -0.049072 0
    outer loop
      vertex 2.53772 0.249943 8.59
      vertex 2.55 0 1.19
      vertex 2.55 0 8.59
    endloop
  endfacet
  facet normal -0.970036 -0.242962 0
    outer loop
      vertex 2.501 0.497479 1.19
      vertex 2.4402 0.740226 8.59
      vertex 2.4402 0.740226 1.19
    endloop
  endfacet
  facet normal -0.970036 -0.242962 0
    outer loop
      vertex 2.4402 0.740226 8.59
      vertex 2.501 0.497479 1.19
      vertex 2.501 0.497479 8.59
    endloop
  endfacet
  facet normal -0.998795 0.049072 0
    outer loop
      vertex 2.53772 -0.249943 1.19
      vertex 2.55 0 8.59
      vertex 2.55 0 1.19
    endloop
  endfacet
  facet normal -0.998795 0.049072 0
    outer loop
      vertex 2.55 0 8.59
      vertex 2.53772 -0.249943 1.19
      vertex 2.53772 -0.249943 8.59
    endloop
  endfacet
  facet normal -0.67157 0.740941 0
    outer loop
      vertex 1.80312 -1.80312 1.19
      vertex 1.6177 -1.97118 8.59
      vertex 1.80312 -1.80312 8.59
    endloop
  endfacet
  facet normal -0.67157 0.740941 0
    outer loop
      vertex 1.6177 -1.97118 8.59
      vertex 1.80312 -1.80312 1.19
      vertex 1.6177 -1.97118 1.19
    endloop
  endfacet
  facet normal -0.941537 0.336908 0
    outer loop
      vertex 2.35589 -0.975842 1.19
      vertex 2.4402 -0.740226 8.59
      vertex 2.4402 -0.740226 1.19
    endloop
  endfacet
  facet normal -0.941537 0.336908 0
    outer loop
      vertex 2.4402 -0.740226 8.59
      vertex 2.35589 -0.975842 1.19
      vertex 2.35589 -0.975842 8.59
    endloop
  endfacet
  facet normal 0.336908 -0.941537 0
    outer loop
      vertex -0.975842 2.35589 1.19
      vertex -0.740226 2.4402 8.59
      vertex -0.975842 2.35589 8.59
    endloop
  endfacet
  facet normal 0.336908 -0.941537 0
    outer loop
      vertex -0.740226 2.4402 8.59
      vertex -0.975842 2.35589 1.19
      vertex -0.740226 2.4402 1.19
    endloop
  endfacet
  facet normal -0.740941 -0.67157 0
    outer loop
      vertex 1.97118 1.6177 1.19
      vertex 1.80312 1.80312 8.59
      vertex 1.80312 1.80312 1.19
    endloop
  endfacet
  facet normal -0.740941 -0.67157 0
    outer loop
      vertex 1.80312 1.80312 8.59
      vertex 1.97118 1.6177 1.19
      vertex 1.97118 1.6177 8.59
    endloop
  endfacet
  facet normal -0.146736 0.989176 0
    outer loop
      vertex 0.497479 -2.501 1.19
      vertex 0.249943 -2.53772 8.59
      vertex 0.497479 -2.501 8.59
    endloop
  endfacet
  facet normal -0.146736 0.989176 0
    outer loop
      vertex 0.249943 -2.53772 8.59
      vertex 0.497479 -2.501 1.19
      vertex 0.249943 -2.53772 1.19
    endloop
  endfacet
  facet normal 0.970036 0.242962 0
    outer loop
      vertex -2.4402 -0.740226 8.59
      vertex -2.501 -0.497479 1.19
      vertex -2.501 -0.497479 8.59
    endloop
  endfacet
  facet normal 0.970036 0.242962 0
    outer loop
      vertex -2.501 -0.497479 1.19
      vertex -2.4402 -0.740226 8.59
      vertex -2.4402 -0.740226 1.19
    endloop
  endfacet
  facet normal -0.242962 -0.970036 0
    outer loop
      vertex 0.497479 2.501 1.19
      vertex 0.740226 2.4402 8.59
      vertex 0.497479 2.501 8.59
    endloop
  endfacet
  facet normal -0.242962 -0.970036 -0
    outer loop
      vertex 0.740226 2.4402 8.59
      vertex 0.497479 2.501 1.19
      vertex 0.740226 2.4402 1.19
    endloop
  endfacet
  facet normal 0.941537 -0.336908 0
    outer loop
      vertex -2.4402 0.740226 8.59
      vertex -2.35589 0.975842 1.19
      vertex -2.35589 0.975842 8.59
    endloop
  endfacet
  facet normal 0.941537 -0.336908 0
    outer loop
      vertex -2.35589 0.975842 1.19
      vertex -2.4402 0.740226 8.59
      vertex -2.4402 0.740226 1.19
    endloop
  endfacet
  facet normal -0.242962 0.970036 0
    outer loop
      vertex 0.740226 -2.4402 1.19
      vertex 0.497479 -2.501 8.59
      vertex 0.740226 -2.4402 8.59
    endloop
  endfacet
  facet normal -0.242962 0.970036 0
    outer loop
      vertex 0.497479 -2.501 8.59
      vertex 0.740226 -2.4402 1.19
      vertex 0.497479 -2.501 1.19
    endloop
  endfacet
  facet normal 0.67157 -0.740941 0
    outer loop
      vertex -1.80312 1.80312 1.19
      vertex -1.6177 1.97118 8.59
      vertex -1.80312 1.80312 8.59
    endloop
  endfacet
  facet normal 0.67157 -0.740941 0
    outer loop
      vertex -1.6177 1.97118 8.59
      vertex -1.80312 1.80312 1.19
      vertex -1.6177 1.97118 1.19
    endloop
  endfacet
  facet normal 0.242962 -0.970036 0
    outer loop
      vertex -0.740226 2.4402 1.19
      vertex -0.497479 2.501 8.59
      vertex -0.740226 2.4402 8.59
    endloop
  endfacet
  facet normal 0.242962 -0.970036 0
    outer loop
      vertex -0.497479 2.501 8.59
      vertex -0.740226 2.4402 1.19
      vertex -0.497479 2.501 1.19
    endloop
  endfacet
  facet normal -0.903994 0.427545 0
    outer loop
      vertex 2.2489 -1.20206 1.19
      vertex 2.35589 -0.975842 8.59
      vertex 2.35589 -0.975842 1.19
    endloop
  endfacet
  facet normal -0.903994 0.427545 0
    outer loop
      vertex 2.35589 -0.975842 8.59
      vertex 2.2489 -1.20206 1.19
      vertex 2.2489 -1.20206 8.59
    endloop
  endfacet
  facet normal -0.989176 0.146736 0
    outer loop
      vertex 2.501 -0.497479 1.19
      vertex 2.53772 -0.249943 8.59
      vertex 2.53772 -0.249943 1.19
    endloop
  endfacet
  facet normal -0.989176 0.146736 0
    outer loop
      vertex 2.53772 -0.249943 8.59
      vertex 2.501 -0.497479 1.19
      vertex 2.501 -0.497479 8.59
    endloop
  endfacet
  facet normal -0.049072 0.998795 0
    outer loop
      vertex 0.249943 -2.53772 1.19
      vertex 0 -2.55 8.59
      vertex 0.249943 -2.53772 8.59
    endloop
  endfacet
  facet normal -0.049072 0.998795 0
    outer loop
      vertex 0 -2.55 8.59
      vertex 0.249943 -2.53772 1.19
      vertex 0 -2.55 1.19
    endloop
  endfacet
  facet normal 0.427545 0.903994 -0
    outer loop
      vertex -0.975842 -2.35589 1.19
      vertex -1.20206 -2.2489 8.59
      vertex -0.975842 -2.35589 8.59
    endloop
  endfacet
  facet normal 0.427545 0.903994 0
    outer loop
      vertex -1.20206 -2.2489 8.59
      vertex -0.975842 -2.35589 1.19
      vertex -1.20206 -2.2489 1.19
    endloop
  endfacet
  facet normal -0.595695 0.803211 0
    outer loop
      vertex 1.6177 -1.97118 1.19
      vertex 1.4167 -2.12025 8.59
      vertex 1.6177 -1.97118 8.59
    endloop
  endfacet
  facet normal -0.595695 0.803211 0
    outer loop
      vertex 1.4167 -2.12025 8.59
      vertex 1.6177 -1.97118 1.19
      vertex 1.4167 -2.12025 1.19
    endloop
  endfacet
  facet normal 0.146736 0.989176 -0
    outer loop
      vertex -0.249943 -2.53772 1.19
      vertex -0.497479 -2.501 8.59
      vertex -0.249943 -2.53772 8.59
    endloop
  endfacet
  facet normal 0.146736 0.989176 0
    outer loop
      vertex -0.497479 -2.501 8.59
      vertex -0.249943 -2.53772 1.19
      vertex -0.497479 -2.501 1.19
    endloop
  endfacet
  facet normal -0.740941 0.67157 0
    outer loop
      vertex 1.80312 -1.80312 1.19
      vertex 1.97118 -1.6177 8.59
      vertex 1.97118 -1.6177 1.19
    endloop
  endfacet
  facet normal -0.740941 0.67157 0
    outer loop
      vertex 1.97118 -1.6177 8.59
      vertex 1.80312 -1.80312 1.19
      vertex 1.80312 -1.80312 8.59
    endloop
  endfacet
  facet normal -0.903994 -0.427545 0
    outer loop
      vertex 2.35589 0.975842 1.19
      vertex 2.2489 1.20206 8.59
      vertex 2.2489 1.20206 1.19
    endloop
  endfacet
  facet normal -0.903994 -0.427545 0
    outer loop
      vertex 2.2489 1.20206 8.59
      vertex 2.35589 0.975842 1.19
      vertex 2.35589 0.975842 8.59
    endloop
  endfacet
  facet normal 0.970036 -0.242962 0
    outer loop
      vertex -2.501 0.497479 8.59
      vertex -2.4402 0.740226 1.19
      vertex -2.4402 0.740226 8.59
    endloop
  endfacet
  facet normal 0.970036 -0.242962 0
    outer loop
      vertex -2.4402 0.740226 1.19
      vertex -2.501 0.497479 8.59
      vertex -2.501 0.497479 1.19
    endloop
  endfacet
  facet normal -0.803211 -0.595695 0
    outer loop
      vertex 2.12025 1.4167 1.19
      vertex 1.97118 1.6177 8.59
      vertex 1.97118 1.6177 1.19
    endloop
  endfacet
  facet normal -0.803211 -0.595695 0
    outer loop
      vertex 1.97118 1.6177 8.59
      vertex 2.12025 1.4167 1.19
      vertex 2.12025 1.4167 8.59
    endloop
  endfacet
  facet normal 0.989176 0.146736 0
    outer loop
      vertex -2.501 -0.497479 8.59
      vertex -2.53772 -0.249943 1.19
      vertex -2.53772 -0.249943 8.59
    endloop
  endfacet
  facet normal 0.989176 0.146736 0
    outer loop
      vertex -2.53772 -0.249943 1.19
      vertex -2.501 -0.497479 8.59
      vertex -2.501 -0.497479 1.19
    endloop
  endfacet
  facet normal -0.803211 0.595695 0
    outer loop
      vertex 1.97118 -1.6177 1.19
      vertex 2.12025 -1.4167 8.59
      vertex 2.12025 -1.4167 1.19
    endloop
  endfacet
  facet normal -0.803211 0.595695 0
    outer loop
      vertex 2.12025 -1.4167 8.59
      vertex 1.97118 -1.6177 1.19
      vertex 1.97118 -1.6177 8.59
    endloop
  endfacet
  facet normal 0.740941 0.67157 0
    outer loop
      vertex -1.80312 -1.80312 8.59
      vertex -1.97118 -1.6177 1.19
      vertex -1.97118 -1.6177 8.59
    endloop
  endfacet
  facet normal 0.740941 0.67157 0
    outer loop
      vertex -1.97118 -1.6177 1.19
      vertex -1.80312 -1.80312 8.59
      vertex -1.80312 -1.80312 1.19
    endloop
  endfacet
  facet normal -0.427545 -0.903994 0
    outer loop
      vertex 0.975842 2.35589 1.19
      vertex 1.20206 2.2489 8.59
      vertex 0.975842 2.35589 8.59
    endloop
  endfacet
  facet normal -0.427545 -0.903994 -0
    outer loop
      vertex 1.20206 2.2489 8.59
      vertex 0.975842 2.35589 1.19
      vertex 1.20206 2.2489 1.19
    endloop
  endfacet
  facet normal 0.595695 -0.803211 0
    outer loop
      vertex -1.6177 1.97118 1.19
      vertex -1.4167 2.12025 8.59
      vertex -1.6177 1.97118 8.59
    endloop
  endfacet
  facet normal 0.595695 -0.803211 0
    outer loop
      vertex -1.4167 2.12025 8.59
      vertex -1.6177 1.97118 1.19
      vertex -1.4167 2.12025 1.19
    endloop
  endfacet
  facet normal -0.514102 -0.857729 0
    outer loop
      vertex 1.20206 2.2489 1.19
      vertex 1.4167 2.12025 8.59
      vertex 1.20206 2.2489 8.59
    endloop
  endfacet
  facet normal -0.514102 -0.857729 -0
    outer loop
      vertex 1.4167 2.12025 8.59
      vertex 1.20206 2.2489 1.19
      vertex 1.4167 2.12025 1.19
    endloop
  endfacet
  facet normal -0.941537 -0.336908 0
    outer loop
      vertex 2.4402 0.740226 1.19
      vertex 2.35589 0.975842 8.59
      vertex 2.35589 0.975842 1.19
    endloop
  endfacet
  facet normal -0.941537 -0.336908 0
    outer loop
      vertex 2.35589 0.975842 8.59
      vertex 2.4402 0.740226 1.19
      vertex 2.4402 0.740226 8.59
    endloop
  endfacet
  facet normal 0.514102 -0.857729 0
    outer loop
      vertex -1.4167 2.12025 1.19
      vertex -1.20206 2.2489 8.59
      vertex -1.4167 2.12025 8.59
    endloop
  endfacet
  facet normal 0.514102 -0.857729 0
    outer loop
      vertex -1.20206 2.2489 8.59
      vertex -1.4167 2.12025 1.19
      vertex -1.20206 2.2489 1.19
    endloop
  endfacet
  facet normal 0.803211 -0.595695 0
    outer loop
      vertex -2.12025 1.4167 8.59
      vertex -1.97118 1.6177 1.19
      vertex -1.97118 1.6177 8.59
    endloop
  endfacet
  facet normal 0.803211 -0.595695 0
    outer loop
      vertex -1.97118 1.6177 1.19
      vertex -2.12025 1.4167 8.59
      vertex -2.12025 1.4167 1.19
    endloop
  endfacet
  facet normal -0.595695 -0.803211 0
    outer loop
      vertex 1.4167 2.12025 1.19
      vertex 1.6177 1.97118 8.59
      vertex 1.4167 2.12025 8.59
    endloop
  endfacet
  facet normal -0.595695 -0.803211 -0
    outer loop
      vertex 1.6177 1.97118 8.59
      vertex 1.4167 2.12025 1.19
      vertex 1.6177 1.97118 1.19
    endloop
  endfacet
  facet normal -0.427545 0.903994 0
    outer loop
      vertex 1.20206 -2.2489 1.19
      vertex 0.975842 -2.35589 8.59
      vertex 1.20206 -2.2489 8.59
    endloop
  endfacet
  facet normal -0.427545 0.903994 0
    outer loop
      vertex 0.975842 -2.35589 8.59
      vertex 1.20206 -2.2489 1.19
      vertex 0.975842 -2.35589 1.19
    endloop
  endfacet
  facet normal -0.336908 -0.941537 0
    outer loop
      vertex 0.740226 2.4402 1.19
      vertex 0.975842 2.35589 8.59
      vertex 0.740226 2.4402 8.59
    endloop
  endfacet
  facet normal -0.336908 -0.941537 -0
    outer loop
      vertex 0.975842 2.35589 8.59
      vertex 0.740226 2.4402 1.19
      vertex 0.975842 2.35589 1.19
    endloop
  endfacet
  facet normal -0.67157 -0.740941 0
    outer loop
      vertex 1.6177 1.97118 1.19
      vertex 1.80312 1.80312 8.59
      vertex 1.6177 1.97118 8.59
    endloop
  endfacet
  facet normal -0.67157 -0.740941 -0
    outer loop
      vertex 1.80312 1.80312 8.59
      vertex 1.6177 1.97118 1.19
      vertex 1.80312 1.80312 1.19
    endloop
  endfacet
  facet normal 0.146736 -0.989176 0
    outer loop
      vertex -0.497479 2.501 1.19
      vertex -0.249943 2.53772 8.59
      vertex -0.497479 2.501 8.59
    endloop
  endfacet
  facet normal 0.146736 -0.989176 0
    outer loop
      vertex -0.249943 2.53772 8.59
      vertex -0.497479 2.501 1.19
      vertex -0.249943 2.53772 1.19
    endloop
  endfacet
  facet normal -0.970036 0.242962 0
    outer loop
      vertex 2.4402 -0.740226 1.19
      vertex 2.501 -0.497479 8.59
      vertex 2.501 -0.497479 1.19
    endloop
  endfacet
  facet normal -0.970036 0.242962 0
    outer loop
      vertex 2.501 -0.497479 8.59
      vertex 2.4402 -0.740226 1.19
      vertex 2.4402 -0.740226 8.59
    endloop
  endfacet
  facet normal 0.427545 -0.903994 0
    outer loop
      vertex -1.20206 2.2489 1.19
      vertex -0.975842 2.35589 8.59
      vertex -1.20206 2.2489 8.59
    endloop
  endfacet
  facet normal 0.427545 -0.903994 0
    outer loop
      vertex -0.975842 2.35589 8.59
      vertex -1.20206 2.2489 1.19
      vertex -0.975842 2.35589 1.19
    endloop
  endfacet
  facet normal 0.903994 -0.427545 0
    outer loop
      vertex -2.35589 0.975842 8.59
      vertex -2.2489 1.20206 1.19
      vertex -2.2489 1.20206 8.59
    endloop
  endfacet
  facet normal 0.903994 -0.427545 0
    outer loop
      vertex -2.2489 1.20206 1.19
      vertex -2.35589 0.975842 8.59
      vertex -2.35589 0.975842 1.19
    endloop
  endfacet
  facet normal -0.049072 -0.998795 0
    outer loop
      vertex 0 2.55 1.19
      vertex 0.249943 2.53772 8.59
      vertex 0 2.55 8.59
    endloop
  endfacet
  facet normal -0.049072 -0.998795 -0
    outer loop
      vertex 0.249943 2.53772 8.59
      vertex 0 2.55 1.19
      vertex 0.249943 2.53772 1.19
    endloop
  endfacet
  facet normal 0.803211 0.595695 0
    outer loop
      vertex -1.97118 -1.6177 8.59
      vertex -2.12025 -1.4167 1.19
      vertex -2.12025 -1.4167 8.59
    endloop
  endfacet
  facet normal 0.803211 0.595695 0
    outer loop
      vertex -2.12025 -1.4167 1.19
      vertex -1.97118 -1.6177 8.59
      vertex -1.97118 -1.6177 1.19
    endloop
  endfacet
  facet normal -0.857729 -0.514102 0
    outer loop
      vertex 2.2489 1.20206 1.19
      vertex 2.12025 1.4167 8.59
      vertex 2.12025 1.4167 1.19
    endloop
  endfacet
  facet normal -0.857729 -0.514102 0
    outer loop
      vertex 2.12025 1.4167 8.59
      vertex 2.2489 1.20206 1.19
      vertex 2.2489 1.20206 8.59
    endloop
  endfacet
  facet normal 0.514102 0.857729 -0
    outer loop
      vertex -1.20206 -2.2489 1.19
      vertex -1.4167 -2.12025 8.59
      vertex -1.20206 -2.2489 8.59
    endloop
  endfacet
  facet normal 0.514102 0.857729 0
    outer loop
      vertex -1.4167 -2.12025 8.59
      vertex -1.20206 -2.2489 1.19
      vertex -1.4167 -2.12025 1.19
    endloop
  endfacet
  facet normal 0.595695 0.803211 -0
    outer loop
      vertex -1.4167 -2.12025 1.19
      vertex -1.6177 -1.97118 8.59
      vertex -1.4167 -2.12025 8.59
    endloop
  endfacet
  facet normal 0.595695 0.803211 0
    outer loop
      vertex -1.6177 -1.97118 8.59
      vertex -1.4167 -2.12025 1.19
      vertex -1.6177 -1.97118 1.19
    endloop
  endfacet
  facet normal 0.336908 0.941537 -0
    outer loop
      vertex -0.740226 -2.4402 1.19
      vertex -0.975842 -2.35589 8.59
      vertex -0.740226 -2.4402 8.59
    endloop
  endfacet
  facet normal 0.336908 0.941537 0
    outer loop
      vertex -0.975842 -2.35589 8.59
      vertex -0.740226 -2.4402 1.19
      vertex -0.975842 -2.35589 1.19
    endloop
  endfacet
  facet normal 0.67157 0.740941 -0
    outer loop
      vertex -1.6177 -1.97118 1.19
      vertex -1.80312 -1.80312 8.59
      vertex -1.6177 -1.97118 8.59
    endloop
  endfacet
  facet normal 0.67157 0.740941 0
    outer loop
      vertex -1.80312 -1.80312 8.59
      vertex -1.6177 -1.97118 1.19
      vertex -1.80312 -1.80312 1.19
    endloop
  endfacet
  facet normal -0.336908 0.941537 0
    outer loop
      vertex 0.975842 -2.35589 1.19
      vertex 0.740226 -2.4402 8.59
      vertex 0.975842 -2.35589 8.59
    endloop
  endfacet
  facet normal -0.336908 0.941537 0
    outer loop
      vertex 0.740226 -2.4402 8.59
      vertex 0.975842 -2.35589 1.19
      vertex 0.740226 -2.4402 1.19
    endloop
  endfacet
  facet normal 0.740941 -0.67157 0
    outer loop
      vertex -1.97118 1.6177 8.59
      vertex -1.80312 1.80312 1.19
      vertex -1.80312 1.80312 8.59
    endloop
  endfacet
  facet normal 0.740941 -0.67157 0
    outer loop
      vertex -1.80312 1.80312 1.19
      vertex -1.97118 1.6177 8.59
      vertex -1.97118 1.6177 1.19
    endloop
  endfacet
  facet normal 0.998795 0.049072 0
    outer loop
      vertex -2.53772 -0.249943 8.59
      vertex -2.55 0 1.19
      vertex -2.55 0 8.59
    endloop
  endfacet
  facet normal 0.998795 0.049072 0
    outer loop
      vertex -2.55 0 1.19
      vertex -2.53772 -0.249943 8.59
      vertex -2.53772 -0.249943 1.19
    endloop
  endfacet
  facet normal 0.857729 0.514102 0
    outer loop
      vertex -2.12025 -1.4167 8.59
      vertex -2.2489 -1.20206 1.19
      vertex -2.2489 -1.20206 8.59
    endloop
  endfacet
  facet normal 0.857729 0.514102 0
    outer loop
      vertex -2.2489 -1.20206 1.19
      vertex -2.12025 -1.4167 8.59
      vertex -2.12025 -1.4167 1.19
    endloop
  endfacet
  facet normal -0.857729 0.514102 0
    outer loop
      vertex 2.12025 -1.4167 1.19
      vertex 2.2489 -1.20206 8.59
      vertex 2.2489 -1.20206 1.19
    endloop
  endfacet
  facet normal -0.857729 0.514102 0
    outer loop
      vertex 2.2489 -1.20206 8.59
      vertex 2.12025 -1.4167 1.19
      vertex 2.12025 -1.4167 8.59
    endloop
  endfacet
  facet normal 0.903994 0.427545 0
    outer loop
      vertex -2.2489 -1.20206 8.59
      vertex -2.35589 -0.975842 1.19
      vertex -2.35589 -0.975842 8.59
    endloop
  endfacet
  facet normal 0.903994 0.427545 0
    outer loop
      vertex -2.35589 -0.975842 1.19
      vertex -2.2489 -1.20206 8.59
      vertex -2.2489 -1.20206 1.19
    endloop
  endfacet
  facet normal -0.514102 0.857729 0
    outer loop
      vertex 1.4167 -2.12025 1.19
      vertex 1.20206 -2.2489 8.59
      vertex 1.4167 -2.12025 8.59
    endloop
  endfacet
  facet normal -0.514102 0.857729 0
    outer loop
      vertex 1.20206 -2.2489 8.59
      vertex 1.4167 -2.12025 1.19
      vertex 1.20206 -2.2489 1.19
    endloop
  endfacet
  facet normal 0.049072 -0.998795 0
    outer loop
      vertex -0.249943 2.53772 1.19
      vertex 0 2.55 8.59
      vertex -0.249943 2.53772 8.59
    endloop
  endfacet
  facet normal 0.049072 -0.998795 0
    outer loop
      vertex 0 2.55 8.59
      vertex -0.249943 2.53772 1.19
      vertex 0 2.55 1.19
    endloop
  endfacet
  facet normal 0.989176 -0.146736 0
    outer loop
      vertex -2.53772 0.249943 8.59
      vertex -2.501 0.497479 1.19
      vertex -2.501 0.497479 8.59
    endloop
  endfacet
  facet normal 0.989176 -0.146736 0
    outer loop
      vertex -2.501 0.497479 1.19
      vertex -2.53772 0.249943 8.59
      vertex -2.53772 0.249943 1.19
    endloop
  endfacet
  facet normal 0 0 -1
    outer loop
      vertex 0.599999 0 8.59
      vertex 2.55 0 8.59
      vertex 2.53772 -0.249943 8.59
    endloop
  endfacet
  facet normal 0 0 -1
    outer loop
      vertex 0.597111 -0.0588102 8.59
      vertex 2.53772 -0.249943 8.59
      vertex 2.501 -0.497479 8.59
    endloop
  endfacet
  facet normal 0 0 -1
    outer loop
      vertex 2.55 0 8.59
      vertex 0.599999 0 8.59
      vertex 2.53772 0.249943 8.59
    endloop
  endfacet
  facet normal 0 0 -1
    outer loop
      vertex 0.58847 -0.117054 8.59
      vertex 2.501 -0.497479 8.59
      vertex 2.4402 -0.740226 8.59
    endloop
  endfacet
  facet normal 0 0 -1
    outer loop
      vertex 0.597111 0.0588102 8.59
      vertex 2.53772 0.249943 8.59
      vertex 0.599999 0 8.59
    endloop
  endfacet
  facet normal 0 0 -1
    outer loop
      vertex 0.574163 -0.17417 8.59
      vertex 2.4402 -0.740226 8.59
      vertex 2.35589 -0.975842 8.59
    endloop
  endfacet
  facet normal -0 0 -1
    outer loop
      vertex 2.53772 0.249943 8.59
      vertex 0.597111 0.0588102 8.59
      vertex 2.501 0.497479 8.59
    endloop
  endfacet
  facet normal 0 0 -1
    outer loop
      vertex 0.554327 -0.229609 8.59
      vertex 2.35589 -0.975842 8.59
      vertex 2.2489 -1.20206 8.59
    endloop
  endfacet
  facet normal 0 0 -1
    outer loop
      vertex 0.58847 0.117054 8.59
      vertex 2.501 0.497479 8.59
      vertex 0.597111 0.0588102 8.59
    endloop
  endfacet
  facet normal 0 0 -1
    outer loop
      vertex 0.529152 -0.282838 8.59
      vertex 2.2489 -1.20206 8.59
      vertex 2.12025 -1.4167 8.59
    endloop
  endfacet
  facet normal -0 0 -1
    outer loop
      vertex 2.501 0.497479 8.59
      vertex 0.58847 0.117054 8.59
      vertex 2.4402 0.740226 8.59
    endloop
  endfacet
  facet normal 0 0 -1
    outer loop
      vertex 0.498881 -0.333342 8.59
      vertex 2.12025 -1.4167 8.59
      vertex 1.97118 -1.6177 8.59
    endloop
  endfacet
  facet normal 0 0 -1
    outer loop
      vertex 0.574163 0.17417 8.59
      vertex 2.4402 0.740226 8.59
      vertex 0.58847 0.117054 8.59
    endloop
  endfacet
  facet normal 0 0 -1
    outer loop
      vertex 0.463806 -0.380635 8.59
      vertex 1.97118 -1.6177 8.59
      vertex 1.80312 -1.80312 8.59
    endloop
  endfacet
  facet normal -0 0 -1
    outer loop
      vertex 2.4402 0.740226 8.59
      vertex 0.574163 0.17417 8.59
      vertex 2.35589 0.975842 8.59
    endloop
  endfacet
  facet normal 0 0 -1
    outer loop
      vertex 0.424264 -0.424264 8.59
      vertex 1.80312 -1.80312 8.59
      vertex 1.6177 -1.97118 8.59
    endloop
  endfacet
  facet normal 0 0 -1
    outer loop
      vertex 0.554327 0.229609 8.59
      vertex 2.35589 0.975842 8.59
      vertex 0.574163 0.17417 8.59
    endloop
  endfacet
  facet normal 0 0 -1
    outer loop
      vertex 0.380635 -0.463806 8.59
      vertex 1.6177 -1.97118 8.59
      vertex 1.4167 -2.12025 8.59
    endloop
  endfacet
  facet normal -0 0 -1
    outer loop
      vertex 2.35589 0.975842 8.59
      vertex 0.554327 0.229609 8.59
      vertex 2.2489 1.20206 8.59
    endloop
  endfacet
  facet normal 0 0 -1
    outer loop
      vertex 0.333342 -0.498881 8.59
      vertex 1.4167 -2.12025 8.59
      vertex 1.20206 -2.2489 8.59
    endloop
  endfacet
  facet normal 0 0 -1
    outer loop
      vertex 0.529152 0.282838 8.59
      vertex 2.2489 1.20206 8.59
      vertex 0.554327 0.229609 8.59
    endloop
  endfacet
  facet normal 0 0 -1
    outer loop
      vertex 0.282838 -0.529152 8.59
      vertex 1.20206 -2.2489 8.59
      vertex 0.975842 -2.35589 8.59
    endloop
  endfacet
  facet normal -0 0 -1
    outer loop
      vertex 2.2489 1.20206 8.59
      vertex 0.529152 0.282838 8.59
      vertex 2.12025 1.4167 8.59
    endloop
  endfacet
  facet normal 0 0 -1
    outer loop
      vertex 0.229609 -0.554327 8.59
      vertex 0.975842 -2.35589 8.59
      vertex 0.740226 -2.4402 8.59
    endloop
  endfacet
  facet normal 0 0 -1
    outer loop
      vertex 0.498881 0.333342 8.59
      vertex 2.12025 1.4167 8.59
      vertex 0.529152 0.282838 8.59
    endloop
  endfacet
  facet normal -0 0 -1
    outer loop
      vertex 2.12025 1.4167 8.59
      vertex 0.498881 0.333342 8.59
      vertex 1.97118 1.6177 8.59
    endloop
  endfacet
  facet normal 0 0 -1
    outer loop
      vertex 2.53772 -0.249943 8.59
      vertex 0.597111 -0.0588102 8.59
      vertex 0.599999 0 8.59
    endloop
  endfacet
  facet normal 0 0 -1
    outer loop
      vertex 2.501 -0.497479 8.59
      vertex 0.58847 -0.117054 8.59
      vertex 0.597111 -0.0588102 8.59
    endloop
  endfacet
  facet normal 0 0 -1
    outer loop
      vertex 2.4402 -0.740226 8.59
      vertex 0.574163 -0.17417 8.59
      vertex 0.58847 -0.117054 8.59
    endloop
  endfacet
  facet normal 0 0 -1
    outer loop
      vertex 2.35589 -0.975842 8.59
      vertex 0.554327 -0.229609 8.59
      vertex 0.574163 -0.17417 8.59
    endloop
  endfacet
  facet normal 0 0 -1
    outer loop
      vertex 2.2489 -1.20206 8.59
      vertex 0.529152 -0.282838 8.59
      vertex 0.554327 -0.229609 8.59
    endloop
  endfacet
  facet normal 0 0 -1
    outer loop
      vertex 2.12025 -1.4167 8.59
      vertex 0.498881 -0.333342 8.59
      vertex 0.529152 -0.282838 8.59
    endloop
  endfacet
  facet normal 0 0 -1
    outer loop
      vertex 0.17417 -0.574163 8.59
      vertex 0.740226 -2.4402 8.59
      vertex 0.497479 -2.501 8.59
    endloop
  endfacet
  facet normal 0 0 -1
    outer loop
      vertex 1.97118 -1.6177 8.59
      vertex 0.463806 -0.380635 8.59
      vertex 0.498881 -0.333342 8.59
    endloop
  endfacet
  facet normal 0 0 -1
    outer loop
      vertex 1.80312 -1.80312 8.59
      vertex 0.424264 -0.424264 8.59
      vertex 0.463806 -0.380635 8.59
    endloop
  endfacet
  facet normal 0 0 -1
    outer loop
      vertex 1.6177 -1.97118 8.59
      vertex 0.380635 -0.463806 8.59
      vertex 0.424264 -0.424264 8.59
    endloop
  endfacet
  facet normal 0 0 -1
    outer loop
      vertex 1.4167 -2.12025 8.59
      vertex 0.333342 -0.498881 8.59
      vertex 0.380635 -0.463806 8.59
    endloop
  endfacet
  facet normal 0 0 -1
    outer loop
      vertex 1.20206 -2.2489 8.59
      vertex 0.282838 -0.529152 8.59
      vertex 0.333342 -0.498881 8.59
    endloop
  endfacet
  facet normal 0 0 -1
    outer loop
      vertex 0.117054 -0.58847 8.59
      vertex 0.497479 -2.501 8.59
      vertex 0.249943 -2.53772 8.59
    endloop
  endfacet
  facet normal 0 0 -1
    outer loop
      vertex 0.975842 -2.35589 8.59
      vertex 0.229609 -0.554327 8.59
      vertex 0.282838 -0.529152 8.59
    endloop
  endfacet
  facet normal 0 0 -1
    outer loop
      vertex 0.740226 -2.4402 8.59
      vertex 0.17417 -0.574163 8.59
      vertex 0.229609 -0.554327 8.59
    endloop
  endfacet
  facet normal 0 0 -1
    outer loop
      vertex 0.497479 -2.501 8.59
      vertex 0.117054 -0.58847 8.59
      vertex 0.17417 -0.574163 8.59
    endloop
  endfacet
  facet normal 0 0 -1
    outer loop
      vertex 0.249943 -2.53772 8.59
      vertex 0.0588102 -0.597111 8.59
      vertex 0.117054 -0.58847 8.59
    endloop
  endfacet
  facet normal 0 0 -1
    outer loop
      vertex 0 -2.55 8.59
      vertex 0.0588102 -0.597111 8.59
      vertex 0.249943 -2.53772 8.59
    endloop
  endfacet
  facet normal 0 0 -1
    outer loop
      vertex 0 -2.55 8.59
      vertex 0 -0.599999 8.59
      vertex 0.0588102 -0.597111 8.59
    endloop
  endfacet
  facet normal 0 0 -1
    outer loop
      vertex 0 -2.55 8.59
      vertex -0.0588102 -0.597111 8.59
      vertex 0 -0.599999 8.59
    endloop
  endfacet
  facet normal 0 0 -1
    outer loop
      vertex -0.249943 -2.53772 8.59
      vertex -0.0588102 -0.597111 8.59
      vertex 0 -2.55 8.59
    endloop
  endfacet
  facet normal -0 0 -1
    outer loop
      vertex -0.0588102 -0.597111 8.59
      vertex -0.249943 -2.53772 8.59
      vertex -0.117054 -0.58847 8.59
    endloop
  endfacet
  facet normal 0 0 -1
    outer loop
      vertex -0.497479 -2.501 8.59
      vertex -0.117054 -0.58847 8.59
      vertex -0.249943 -2.53772 8.59
    endloop
  endfacet
  facet normal -0 0 -1
    outer loop
      vertex -0.117054 -0.58847 8.59
      vertex -0.497479 -2.501 8.59
      vertex -0.17417 -0.574163 8.59
    endloop
  endfacet
  facet normal 0 0 -1
    outer loop
      vertex -0.740226 -2.4402 8.59
      vertex -0.17417 -0.574163 8.59
      vertex -0.497479 -2.501 8.59
    endloop
  endfacet
  facet normal -0 0 -1
    outer loop
      vertex -0.17417 -0.574163 8.59
      vertex -0.740226 -2.4402 8.59
      vertex -0.229609 -0.554327 8.59
    endloop
  endfacet
  facet normal 0 0 -1
    outer loop
      vertex -0.975842 -2.35589 8.59
      vertex -0.229609 -0.554327 8.59
      vertex -0.740226 -2.4402 8.59
    endloop
  endfacet
  facet normal -0 0 -1
    outer loop
      vertex -0.229609 -0.554327 8.59
      vertex -0.975842 -2.35589 8.59
      vertex -0.282838 -0.529152 8.59
    endloop
  endfacet
  facet normal 0 0 -1
    outer loop
      vertex -1.20206 -2.2489 8.59
      vertex -0.282838 -0.529152 8.59
      vertex -0.975842 -2.35589 8.59
    endloop
  endfacet
  facet normal -0 0 -1
    outer loop
      vertex -0.282838 -0.529152 8.59
      vertex -1.20206 -2.2489 8.59
      vertex -0.333342 -0.498881 8.59
    endloop
  endfacet
  facet normal 0 0 -1
    outer loop
      vertex -1.4167 -2.12025 8.59
      vertex -0.333342 -0.498881 8.59
      vertex -1.20206 -2.2489 8.59
    endloop
  endfacet
  facet normal -0 0 -1
    outer loop
      vertex -0.333342 -0.498881 8.59
      vertex -1.4167 -2.12025 8.59
      vertex -0.380635 -0.463806 8.59
    endloop
  endfacet
  facet normal 0 0 -1
    outer loop
      vertex -1.6177 -1.97118 8.59
      vertex -0.380635 -0.463806 8.59
      vertex -1.4167 -2.12025 8.59
    endloop
  endfacet
  facet normal -0 0 -1
    outer loop
      vertex -0.380635 -0.463806 8.59
      vertex -1.6177 -1.97118 8.59
      vertex -0.424264 -0.424264 8.59
    endloop
  endfacet
  facet normal 0 0 -1
    outer loop
      vertex -1.80312 -1.80312 8.59
      vertex -0.424264 -0.424264 8.59
      vertex -1.6177 -1.97118 8.59
    endloop
  endfacet
  facet normal -0 0 -1
    outer loop
      vertex -0.424264 -0.424264 8.59
      vertex -1.80312 -1.80312 8.59
      vertex -0.463806 -0.380635 8.59
    endloop
  endfacet
  facet normal 0 0 -1
    outer loop
      vertex -1.97118 -1.6177 8.59
      vertex -0.463806 -0.380635 8.59
      vertex -1.80312 -1.80312 8.59
    endloop
  endfacet
  facet normal -0 0 -1
    outer loop
      vertex -0.463806 -0.380635 8.59
      vertex -1.97118 -1.6177 8.59
      vertex -0.498881 -0.333342 8.59
    endloop
  endfacet
  facet normal 0 0 -1
    outer loop
      vertex 0.463806 0.380635 8.59
      vertex 1.97118 1.6177 8.59
      vertex 0.498881 0.333342 8.59
    endloop
  endfacet
  facet normal -0 0 -1
    outer loop
      vertex 1.97118 1.6177 8.59
      vertex 0.463806 0.380635 8.59
      vertex 1.80312 1.80312 8.59
    endloop
  endfacet
  facet normal 0 0 -1
    outer loop
      vertex 0.424264 0.424264 8.59
      vertex 1.80312 1.80312 8.59
      vertex 0.463806 0.380635 8.59
    endloop
  endfacet
  facet normal -0 0 -1
    outer loop
      vertex 1.80312 1.80312 8.59
      vertex 0.424264 0.424264 8.59
      vertex 1.6177 1.97118 8.59
    endloop
  endfacet
  facet normal 0 0 -1
    outer loop
      vertex 0.380635 0.463806 8.59
      vertex 1.6177 1.97118 8.59
      vertex 0.424264 0.424264 8.59
    endloop
  endfacet
  facet normal -0 0 -1
    outer loop
      vertex 1.6177 1.97118 8.59
      vertex 0.380635 0.463806 8.59
      vertex 1.4167 2.12025 8.59
    endloop
  endfacet
  facet normal 0 0 -1
    outer loop
      vertex 0.333342 0.498881 8.59
      vertex 1.4167 2.12025 8.59
      vertex 0.380635 0.463806 8.59
    endloop
  endfacet
  facet normal -0 0 -1
    outer loop
      vertex 1.4167 2.12025 8.59
      vertex 0.333342 0.498881 8.59
      vertex 1.20206 2.2489 8.59
    endloop
  endfacet
  facet normal 0 0 -1
    outer loop
      vertex 0.282838 0.529152 8.59
      vertex 1.20206 2.2489 8.59
      vertex 0.333342 0.498881 8.59
    endloop
  endfacet
  facet normal -0 0 -1
    outer loop
      vertex 1.20206 2.2489 8.59
      vertex 0.282838 0.529152 8.59
      vertex 0.975842 2.35589 8.59
    endloop
  endfacet
  facet normal 0 0 -1
    outer loop
      vertex 0.229609 0.554327 8.59
      vertex 0.975842 2.35589 8.59
      vertex 0.282838 0.529152 8.59
    endloop
  endfacet
  facet normal -0 0 -1
    outer loop
      vertex 0.975842 2.35589 8.59
      vertex 0.229609 0.554327 8.59
      vertex 0.740226 2.4402 8.59
    endloop
  endfacet
  facet normal 0 0 -1
    outer loop
      vertex 0.17417 0.574163 8.59
      vertex 0.740226 2.4402 8.59
      vertex 0.229609 0.554327 8.59
    endloop
  endfacet
  facet normal -0 0 -1
    outer loop
      vertex 0.740226 2.4402 8.59
      vertex 0.17417 0.574163 8.59
      vertex 0.497479 2.501 8.59
    endloop
  endfacet
  facet normal 0 0 -1
    outer loop
      vertex 0.117054 0.58847 8.59
      vertex 0.497479 2.501 8.59
      vertex 0.17417 0.574163 8.59
    endloop
  endfacet
  facet normal -0 0 -1
    outer loop
      vertex 0.497479 2.501 8.59
      vertex 0.117054 0.58847 8.59
      vertex 0.249943 2.53772 8.59
    endloop
  endfacet
  facet normal 0 0 -1
    outer loop
      vertex 0.0588102 0.597111 8.59
      vertex 0.249943 2.53772 8.59
      vertex 0.117054 0.58847 8.59
    endloop
  endfacet
  facet normal 0 0 -1
    outer loop
      vertex 0 0.599999 8.59
      vertex 0.249943 2.53772 8.59
      vertex 0.0588102 0.597111 8.59
    endloop
  endfacet
  facet normal 0 0 -1
    outer loop
      vertex 0 0.599999 8.59
      vertex 0 2.55 8.59
      vertex 0.249943 2.53772 8.59
    endloop
  endfacet
  facet normal 0 0 -1
    outer loop
      vertex -0.0588102 0.597111 8.59
      vertex 0 2.55 8.59
      vertex 0 0.599999 8.59
    endloop
  endfacet
  facet normal 0 0 -1
    outer loop
      vertex -0.249943 2.53772 8.59
      vertex -0.0588102 0.597111 8.59
      vertex -0.117054 0.58847 8.59
    endloop
  endfacet
  facet normal 0 0 -1
    outer loop
      vertex -0.497479 2.501 8.59
      vertex -0.117054 0.58847 8.59
      vertex -0.17417 0.574163 8.59
    endloop
  endfacet
  facet normal 0 0 -1
    outer loop
      vertex -0.740226 2.4402 8.59
      vertex -0.17417 0.574163 8.59
      vertex -0.229609 0.554327 8.59
    endloop
  endfacet
  facet normal 0 0 -1
    outer loop
      vertex -0.0588102 0.597111 8.59
      vertex -0.249943 2.53772 8.59
      vertex 0 2.55 8.59
    endloop
  endfacet
  facet normal 0 0 -1
    outer loop
      vertex -0.975842 2.35589 8.59
      vertex -0.229609 0.554327 8.59
      vertex -0.282838 0.529152 8.59
    endloop
  endfacet
  facet normal 0 0 -1
    outer loop
      vertex -1.20206 2.2489 8.59
      vertex -0.282838 0.529152 8.59
      vertex -0.333342 0.498881 8.59
    endloop
  endfacet
  facet normal 0 0 -1
    outer loop
      vertex -1.4167 2.12025 8.59
      vertex -0.333342 0.498881 8.59
      vertex -0.380635 0.463806 8.59
    endloop
  endfacet
  facet normal 0 0 -1
    outer loop
      vertex -1.6177 1.97118 8.59
      vertex -0.380635 0.463806 8.59
      vertex -0.424264 0.424264 8.59
    endloop
  endfacet
  facet normal 0 0 -1
    outer loop
      vertex -1.80312 1.80312 8.59
      vertex -0.424264 0.424264 8.59
      vertex -0.463806 0.380635 8.59
    endloop
  endfacet
  facet normal 0 0 -1
    outer loop
      vertex -0.117054 0.58847 8.59
      vertex -0.497479 2.501 8.59
      vertex -0.249943 2.53772 8.59
    endloop
  endfacet
  facet normal 0 0 -1
    outer loop
      vertex -1.97118 1.6177 8.59
      vertex -0.463806 0.380635 8.59
      vertex -0.498881 0.333342 8.59
    endloop
  endfacet
  facet normal 0 0 -1
    outer loop
      vertex -2.12025 1.4167 8.59
      vertex -0.498881 0.333342 8.59
      vertex -0.529152 0.282838 8.59
    endloop
  endfacet
  facet normal 0 0 -1
    outer loop
      vertex -2.2489 1.20206 8.59
      vertex -0.529152 0.282838 8.59
      vertex -0.554327 0.229609 8.59
    endloop
  endfacet
  facet normal 0 0 -1
    outer loop
      vertex -2.35589 0.975842 8.59
      vertex -0.554327 0.229609 8.59
      vertex -0.574163 0.17417 8.59
    endloop
  endfacet
  facet normal 0 0 -1
    outer loop
      vertex -2.4402 0.740226 8.59
      vertex -0.574163 0.17417 8.59
      vertex -0.58847 0.117054 8.59
    endloop
  endfacet
  facet normal 0 0 -1
    outer loop
      vertex -2.501 0.497479 8.59
      vertex -0.58847 0.117054 8.59
      vertex -0.597111 0.0588102 8.59
    endloop
  endfacet
  facet normal 0 0 -1
    outer loop
      vertex -2.53772 0.249943 8.59
      vertex -0.597111 0.0588102 8.59
      vertex -0.599999 0 8.59
    endloop
  endfacet
  facet normal 0 0 -1
    outer loop
      vertex -2.12025 -1.4167 8.59
      vertex -0.498881 -0.333342 8.59
      vertex -1.97118 -1.6177 8.59
    endloop
  endfacet
  facet normal 0 0 -1
    outer loop
      vertex -0.17417 0.574163 8.59
      vertex -0.740226 2.4402 8.59
      vertex -0.497479 2.501 8.59
    endloop
  endfacet
  facet normal -0 0 -1
    outer loop
      vertex -0.498881 -0.333342 8.59
      vertex -2.12025 -1.4167 8.59
      vertex -0.529152 -0.282838 8.59
    endloop
  endfacet
  facet normal 0 0 -1
    outer loop
      vertex -0.229609 0.554327 8.59
      vertex -0.975842 2.35589 8.59
      vertex -0.740226 2.4402 8.59
    endloop
  endfacet
  facet normal 0 0 -1
    outer loop
      vertex -2.2489 -1.20206 8.59
      vertex -0.529152 -0.282838 8.59
      vertex -2.12025 -1.4167 8.59
    endloop
  endfacet
  facet normal 0 0 -1
    outer loop
      vertex -0.282838 0.529152 8.59
      vertex -1.20206 2.2489 8.59
      vertex -0.975842 2.35589 8.59
    endloop
  endfacet
  facet normal -0 0 -1
    outer loop
      vertex -0.529152 -0.282838 8.59
      vertex -2.2489 -1.20206 8.59
      vertex -0.554327 -0.229609 8.59
    endloop
  endfacet
  facet normal 0 0 -1
    outer loop
      vertex -0.333342 0.498881 8.59
      vertex -1.4167 2.12025 8.59
      vertex -1.20206 2.2489 8.59
    endloop
  endfacet
  facet normal 0 0 -1
    outer loop
      vertex -2.35589 -0.975842 8.59
      vertex -0.554327 -0.229609 8.59
      vertex -2.2489 -1.20206 8.59
    endloop
  endfacet
  facet normal 0 0 -1
    outer loop
      vertex -0.380635 0.463806 8.59
      vertex -1.6177 1.97118 8.59
      vertex -1.4167 2.12025 8.59
    endloop
  endfacet
  facet normal -0 0 -1
    outer loop
      vertex -0.554327 -0.229609 8.59
      vertex -2.35589 -0.975842 8.59
      vertex -0.574163 -0.17417 8.59
    endloop
  endfacet
  facet normal 0 0 -1
    outer loop
      vertex -0.424264 0.424264 8.59
      vertex -1.80312 1.80312 8.59
      vertex -1.6177 1.97118 8.59
    endloop
  endfacet
  facet normal 0 0 -1
    outer loop
      vertex -2.4402 -0.740226 8.59
      vertex -0.574163 -0.17417 8.59
      vertex -2.35589 -0.975842 8.59
    endloop
  endfacet
  facet normal 0 0 -1
    outer loop
      vertex -0.463806 0.380635 8.59
      vertex -1.97118 1.6177 8.59
      vertex -1.80312 1.80312 8.59
    endloop
  endfacet
  facet normal -0 0 -1
    outer loop
      vertex -0.574163 -0.17417 8.59
      vertex -2.4402 -0.740226 8.59
      vertex -0.58847 -0.117054 8.59
    endloop
  endfacet
  facet normal 0 0 -1
    outer loop
      vertex -0.498881 0.333342 8.59
      vertex -2.12025 1.4167 8.59
      vertex -1.97118 1.6177 8.59
    endloop
  endfacet
  facet normal 0 0 -1
    outer loop
      vertex -2.501 -0.497479 8.59
      vertex -0.58847 -0.117054 8.59
      vertex -2.4402 -0.740226 8.59
    endloop
  endfacet
  facet normal 0 0 -1
    outer loop
      vertex -0.529152 0.282838 8.59
      vertex -2.2489 1.20206 8.59
      vertex -2.12025 1.4167 8.59
    endloop
  endfacet
  facet normal -0 0 -1
    outer loop
      vertex -0.58847 -0.117054 8.59
      vertex -2.501 -0.497479 8.59
      vertex -0.597111 -0.0588102 8.59
    endloop
  endfacet
  facet normal 0 0 -1
    outer loop
      vertex -0.554327 0.229609 8.59
      vertex -2.35589 0.975842 8.59
      vertex -2.2489 1.20206 8.59
    endloop
  endfacet
  facet normal 0 0 -1
    outer loop
      vertex -2.53772 -0.249943 8.59
      vertex -0.597111 -0.0588102 8.59
      vertex -2.501 -0.497479 8.59
    endloop
  endfacet
  facet normal 0 0 -1
    outer loop
      vertex -0.574163 0.17417 8.59
      vertex -2.4402 0.740226 8.59
      vertex -2.35589 0.975842 8.59
    endloop
  endfacet
  facet normal -0 0 -1
    outer loop
      vertex -0.597111 -0.0588102 8.59
      vertex -2.53772 -0.249943 8.59
      vertex -0.599999 0 8.59
    endloop
  endfacet
  facet normal 0 0 -1
    outer loop
      vertex -0.58847 0.117054 8.59
      vertex -2.501 0.497479 8.59
      vertex -2.4402 0.740226 8.59
    endloop
  endfacet
  facet normal 0 0 -1
    outer loop
      vertex -2.55 0 8.59
      vertex -0.599999 0 8.59
      vertex -2.53772 -0.249943 8.59
    endloop
  endfacet
  facet normal 0 0 -1
    outer loop
      vertex -0.597111 0.0588102 8.59
      vertex -2.53772 0.249943 8.59
      vertex -2.501 0.497479 8.59
    endloop
  endfacet
  facet normal 0 0 -1
    outer loop
      vertex -0.599999 0 8.59
      vertex -2.55 0 8.59
      vertex -2.53772 0.249943 8.59
    endloop
  endfacet
  facet normal 0.049072 0.998795 -0
    outer loop
      vertex 0 -2.55 1.19
      vertex -0.249943 -2.53772 8.59
      vertex 0 -2.55 8.59
    endloop
  endfacet
  facet normal 0.049072 0.998795 0
    outer loop
      vertex -0.249943 -2.53772 8.59
      vertex 0 -2.55 1.19
      vertex -0.249943 -2.53772 1.19
    endloop
  endfacet
  facet normal 0.857729 -0.514102 0
    outer loop
      vertex -2.2489 1.20206 8.59
      vertex -2.12025 1.4167 1.19
      vertex -2.12025 1.4167 8.59
    endloop
  endfacet
  facet normal 0.857729 -0.514102 0
    outer loop
      vertex -2.12025 1.4167 1.19
      vertex -2.2489 1.20206 8.59
      vertex -2.2489 1.20206 1.19
    endloop
  endfacet
  facet normal 0.998795 -0.049072 0
    outer loop
      vertex -2.55 0 8.59
      vertex -2.53772 0.249943 1.19
      vertex -2.53772 0.249943 8.59
    endloop
  endfacet
  facet normal 0.998795 -0.049072 0
    outer loop
      vertex -2.53772 0.249943 1.19
      vertex -2.55 0 8.59
      vertex -2.55 0 1.19
    endloop
  endfacet
  facet normal 0.242962 0.970036 -0
    outer loop
      vertex -0.497479 -2.501 1.19
      vertex -0.740226 -2.4402 8.59
      vertex -0.497479 -2.501 8.59
    endloop
  endfacet
  facet normal 0.242962 0.970036 0
    outer loop
      vertex -0.740226 -2.4402 8.59
      vertex -0.497479 -2.501 1.19
      vertex -0.740226 -2.4402 1.19
    endloop
  endfacet
  facet normal 0.941537 0.336908 0
    outer loop
      vertex -2.35589 -0.975842 8.59
      vertex -2.4402 -0.740226 1.19
      vertex -2.4402 -0.740226 8.59
    endloop
  endfacet
  facet normal 0.941537 0.336908 0
    outer loop
      vertex -2.4402 -0.740226 1.19
      vertex -2.35589 -0.975842 8.59
      vertex -2.35589 -0.975842 1.19
    endloop
  endfacet
  facet normal -0.146736 -0.989176 0
    outer loop
      vertex 0.249943 2.53772 1.19
      vertex 0.497479 2.501 8.59
      vertex 0.249943 2.53772 8.59
    endloop
  endfacet
  facet normal -0.146736 -0.989176 -0
    outer loop
      vertex 0.497479 2.501 8.59
      vertex 0.249943 2.53772 1.19
      vertex 0.497479 2.501 1.19
    endloop
  endfacet
  facet normal -0.989173 -0.146753 0
    outer loop
      vertex 0.597111 0.0588102 8.59
      vertex 0.58847 0.117054 14
      vertex 0.58847 0.117054 8.59
    endloop
  endfacet
  facet normal -0.989173 -0.146753 0
    outer loop
      vertex 0.58847 0.117054 14
      vertex 0.597111 0.0588102 8.59
      vertex 0.597111 0.0588102 14
    endloop
  endfacet
  facet normal -0.998796 -0.049048 0
    outer loop
      vertex 0.599999 0 8.59
      vertex 0.597111 0.0588102 14
      vertex 0.597111 0.0588102 8.59
    endloop
  endfacet
  facet normal -0.998796 -0.049048 0
    outer loop
      vertex 0.597111 0.0588102 14
      vertex 0.599999 0 8.59
      vertex 0.599999 0 14
    endloop
  endfacet
  facet normal -0.970031 -0.242983 0
    outer loop
      vertex 0.58847 0.117054 8.59
      vertex 0.574163 0.17417 14
      vertex 0.574163 0.17417 8.59
    endloop
  endfacet
  facet normal -0.970031 -0.242983 0
    outer loop
      vertex 0.574163 0.17417 14
      vertex 0.58847 0.117054 8.59
      vertex 0.58847 0.117054 14
    endloop
  endfacet
  facet normal -0.049048 -0.998796 0
    outer loop
      vertex 0 0.599999 8.59
      vertex 0.0588102 0.597111 14
      vertex 0 0.599999 14
    endloop
  endfacet
  facet normal -0.049048 -0.998796 -0
    outer loop
      vertex 0.0588102 0.597111 14
      vertex 0 0.599999 8.59
      vertex 0.0588102 0.597111 8.59
    endloop
  endfacet
  facet normal -0.74096 0.671549 0
    outer loop
      vertex 0.424264 -0.424264 8.59
      vertex 0.463806 -0.380635 14
      vertex 0.463806 -0.380635 8.59
    endloop
  endfacet
  facet normal -0.74096 0.671549 0
    outer loop
      vertex 0.463806 -0.380635 14
      vertex 0.424264 -0.424264 8.59
      vertex 0.424264 -0.424264 14
    endloop
  endfacet
  facet normal -0.514104 -0.857728 0
    outer loop
      vertex 0.282838 0.529152 8.59
      vertex 0.333342 0.498881 14
      vertex 0.282838 0.529152 14
    endloop
  endfacet
  facet normal -0.514104 -0.857728 -0
    outer loop
      vertex 0.333342 0.498881 14
      vertex 0.282838 0.529152 8.59
      vertex 0.333342 0.498881 8.59
    endloop
  endfacet
  facet normal 0.857728 0.514104 0
    outer loop
      vertex -0.498881 -0.333342 14
      vertex -0.529152 -0.282838 8.59
      vertex -0.529152 -0.282838 14
    endloop
  endfacet
  facet normal 0.857728 0.514104 0
    outer loop
      vertex -0.529152 -0.282838 8.59
      vertex -0.498881 -0.333342 14
      vertex -0.498881 -0.333342 8.59
    endloop
  endfacet
  facet normal 0.803207 0.595701 0
    outer loop
      vertex -0.463806 -0.380635 14
      vertex -0.498881 -0.333342 8.59
      vertex -0.498881 -0.333342 14
    endloop
  endfacet
  facet normal 0.803207 0.595701 0
    outer loop
      vertex -0.498881 -0.333342 8.59
      vertex -0.463806 -0.380635 14
      vertex -0.463806 -0.380635 8.59
    endloop
  endfacet
  facet normal -0.941546 -0.336884 0
    outer loop
      vertex 0.574163 0.17417 8.59
      vertex 0.554327 0.229609 14
      vertex 0.554327 0.229609 8.59
    endloop
  endfacet
  facet normal -0.941546 -0.336884 0
    outer loop
      vertex 0.554327 0.229609 14
      vertex 0.574163 0.17417 8.59
      vertex 0.574163 0.17417 14
    endloop
  endfacet
  facet normal -0.146753 -0.989173 0
    outer loop
      vertex 0.0588102 0.597111 8.59
      vertex 0.117054 0.58847 14
      vertex 0.0588102 0.597111 14
    endloop
  endfacet
  facet normal -0.146753 -0.989173 -0
    outer loop
      vertex 0.117054 0.58847 14
      vertex 0.0588102 0.597111 8.59
      vertex 0.117054 0.58847 8.59
    endloop
  endfacet
  facet normal -0.595701 -0.803207 0
    outer loop
      vertex 0.333342 0.498881 8.59
      vertex 0.380635 0.463806 14
      vertex 0.333342 0.498881 14
    endloop
  endfacet
  facet normal -0.595701 -0.803207 -0
    outer loop
      vertex 0.380635 0.463806 14
      vertex 0.333342 0.498881 8.59
      vertex 0.380635 0.463806 8.59
    endloop
  endfacet
  facet normal -0.671549 0.74096 0
    outer loop
      vertex 0.424264 -0.424264 8.59
      vertex 0.380635 -0.463806 14
      vertex 0.424264 -0.424264 14
    endloop
  endfacet
  facet normal -0.671549 0.74096 0
    outer loop
      vertex 0.380635 -0.463806 14
      vertex 0.424264 -0.424264 8.59
      vertex 0.380635 -0.463806 8.59
    endloop
  endfacet
  facet normal 0.941546 0.336884 0
    outer loop
      vertex -0.554327 -0.229609 14
      vertex -0.574163 -0.17417 8.59
      vertex -0.574163 -0.17417 14
    endloop
  endfacet
  facet normal 0.941546 0.336884 0
    outer loop
      vertex -0.574163 -0.17417 8.59
      vertex -0.554327 -0.229609 14
      vertex -0.554327 -0.229609 8.59
    endloop
  endfacet
  facet normal -0.803207 0.595701 0
    outer loop
      vertex 0.463806 -0.380635 8.59
      vertex 0.498881 -0.333342 14
      vertex 0.498881 -0.333342 8.59
    endloop
  endfacet
  facet normal -0.803207 0.595701 0
    outer loop
      vertex 0.498881 -0.333342 14
      vertex 0.463806 -0.380635 8.59
      vertex 0.463806 -0.380635 14
    endloop
  endfacet
  facet normal 0.595701 -0.803207 0
    outer loop
      vertex -0.380635 0.463806 8.59
      vertex -0.333342 0.498881 14
      vertex -0.380635 0.463806 14
    endloop
  endfacet
  facet normal 0.595701 -0.803207 0
    outer loop
      vertex -0.333342 0.498881 14
      vertex -0.380635 0.463806 8.59
      vertex -0.333342 0.498881 8.59
    endloop
  endfacet
  facet normal -0.903992 0.427549 0
    outer loop
      vertex 0.529152 -0.282838 8.59
      vertex 0.554327 -0.229609 14
      vertex 0.554327 -0.229609 8.59
    endloop
  endfacet
  facet normal -0.903992 0.427549 0
    outer loop
      vertex 0.554327 -0.229609 14
      vertex 0.529152 -0.282838 8.59
      vertex 0.529152 -0.282838 14
    endloop
  endfacet
  facet normal 0.427549 -0.903992 0
    outer loop
      vertex -0.282838 0.529152 8.59
      vertex -0.229609 0.554327 14
      vertex -0.282838 0.529152 14
    endloop
  endfacet
  facet normal 0.427549 -0.903992 0
    outer loop
      vertex -0.229609 0.554327 14
      vertex -0.282838 0.529152 8.59
      vertex -0.229609 0.554327 8.59
    endloop
  endfacet
  facet normal 0.989173 -0.146753 0
    outer loop
      vertex -0.597111 0.0588102 14
      vertex -0.58847 0.117054 8.59
      vertex -0.58847 0.117054 14
    endloop
  endfacet
  facet normal 0.989173 -0.146753 0
    outer loop
      vertex -0.58847 0.117054 8.59
      vertex -0.597111 0.0588102 14
      vertex -0.597111 0.0588102 8.59
    endloop
  endfacet
  facet normal 0.427549 0.903992 -0
    outer loop
      vertex -0.229609 -0.554327 8.59
      vertex -0.282838 -0.529152 14
      vertex -0.229609 -0.554327 14
    endloop
  endfacet
  facet normal 0.427549 0.903992 0
    outer loop
      vertex -0.282838 -0.529152 14
      vertex -0.229609 -0.554327 8.59
      vertex -0.282838 -0.529152 8.59
    endloop
  endfacet
  facet normal -0.74096 -0.671549 0
    outer loop
      vertex 0.463806 0.380635 8.59
      vertex 0.424264 0.424264 14
      vertex 0.424264 0.424264 8.59
    endloop
  endfacet
  facet normal -0.74096 -0.671549 0
    outer loop
      vertex 0.424264 0.424264 14
      vertex 0.463806 0.380635 8.59
      vertex 0.463806 0.380635 14
    endloop
  endfacet
  facet normal 0.803207 -0.595701 0
    outer loop
      vertex -0.498881 0.333342 14
      vertex -0.463806 0.380635 8.59
      vertex -0.463806 0.380635 14
    endloop
  endfacet
  facet normal 0.803207 -0.595701 0
    outer loop
      vertex -0.463806 0.380635 8.59
      vertex -0.498881 0.333342 14
      vertex -0.498881 0.333342 8.59
    endloop
  endfacet
  facet normal -0.427549 -0.903992 0
    outer loop
      vertex 0.229609 0.554327 8.59
      vertex 0.282838 0.529152 14
      vertex 0.229609 0.554327 14
    endloop
  endfacet
  facet normal -0.427549 -0.903992 -0
    outer loop
      vertex 0.282838 0.529152 14
      vertex 0.229609 0.554327 8.59
      vertex 0.282838 0.529152 8.59
    endloop
  endfacet
  facet normal 0.049048 -0.998796 0
    outer loop
      vertex -0.0588102 0.597111 8.59
      vertex 0 0.599999 14
      vertex -0.0588102 0.597111 14
    endloop
  endfacet
  facet normal 0.049048 -0.998796 0
    outer loop
      vertex 0 0.599999 14
      vertex -0.0588102 0.597111 8.59
      vertex 0 0.599999 8.59
    endloop
  endfacet
  facet normal 0.514104 -0.857728 0
    outer loop
      vertex -0.333342 0.498881 8.59
      vertex -0.282838 0.529152 14
      vertex -0.333342 0.498881 14
    endloop
  endfacet
  facet normal 0.514104 -0.857728 0
    outer loop
      vertex -0.282838 0.529152 14
      vertex -0.333342 0.498881 8.59
      vertex -0.282838 0.529152 8.59
    endloop
  endfacet
  facet normal 0.336884 -0.941546 0
    outer loop
      vertex -0.229609 0.554327 8.59
      vertex -0.17417 0.574163 14
      vertex -0.229609 0.554327 14
    endloop
  endfacet
  facet normal 0.336884 -0.941546 0
    outer loop
      vertex -0.17417 0.574163 14
      vertex -0.229609 0.554327 8.59
      vertex -0.17417 0.574163 8.59
    endloop
  endfacet
  facet normal 0.998796 0.049048 0
    outer loop
      vertex -0.597111 -0.0588102 14
      vertex -0.599999 0 8.59
      vertex -0.599999 0 14
    endloop
  endfacet
  facet normal 0.998796 0.049048 0
    outer loop
      vertex -0.599999 0 8.59
      vertex -0.597111 -0.0588102 14
      vertex -0.597111 -0.0588102 8.59
    endloop
  endfacet
  facet normal 0.595701 0.803207 -0
    outer loop
      vertex -0.333342 -0.498881 8.59
      vertex -0.380635 -0.463806 14
      vertex -0.333342 -0.498881 14
    endloop
  endfacet
  facet normal 0.595701 0.803207 0
    outer loop
      vertex -0.380635 -0.463806 14
      vertex -0.333342 -0.498881 8.59
      vertex -0.380635 -0.463806 8.59
    endloop
  endfacet
  facet normal 0.857728 -0.514104 0
    outer loop
      vertex -0.529152 0.282838 14
      vertex -0.498881 0.333342 8.59
      vertex -0.498881 0.333342 14
    endloop
  endfacet
  facet normal 0.857728 -0.514104 0
    outer loop
      vertex -0.498881 0.333342 8.59
      vertex -0.529152 0.282838 14
      vertex -0.529152 0.282838 8.59
    endloop
  endfacet
  facet normal -0.049048 0.998796 0
    outer loop
      vertex 0.0588102 -0.597111 8.59
      vertex 0 -0.599999 14
      vertex 0.0588102 -0.597111 14
    endloop
  endfacet
  facet normal -0.049048 0.998796 0
    outer loop
      vertex 0 -0.599999 14
      vertex 0.0588102 -0.597111 8.59
      vertex 0 -0.599999 8.59
    endloop
  endfacet
  facet normal -0.336884 0.941546 0
    outer loop
      vertex 0.229609 -0.554327 8.59
      vertex 0.17417 -0.574163 14
      vertex 0.229609 -0.554327 14
    endloop
  endfacet
  facet normal -0.336884 0.941546 0
    outer loop
      vertex 0.17417 -0.574163 14
      vertex 0.229609 -0.554327 8.59
      vertex 0.17417 -0.574163 8.59
    endloop
  endfacet
  facet normal -0.671549 -0.74096 0
    outer loop
      vertex 0.380635 0.463806 8.59
      vertex 0.424264 0.424264 14
      vertex 0.380635 0.463806 14
    endloop
  endfacet
  facet normal -0.671549 -0.74096 -0
    outer loop
      vertex 0.424264 0.424264 14
      vertex 0.380635 0.463806 8.59
      vertex 0.424264 0.424264 8.59
    endloop
  endfacet
  facet normal -0.803207 -0.595701 0
    outer loop
      vertex 0.498881 0.333342 8.59
      vertex 0.463806 0.380635 14
      vertex 0.463806 0.380635 8.59
    endloop
  endfacet
  facet normal -0.803207 -0.595701 0
    outer loop
      vertex 0.463806 0.380635 14
      vertex 0.498881 0.333342 8.59
      vertex 0.498881 0.333342 14
    endloop
  endfacet
  facet normal 0.671549 -0.74096 0
    outer loop
      vertex -0.424264 0.424264 8.59
      vertex -0.380635 0.463806 14
      vertex -0.424264 0.424264 14
    endloop
  endfacet
  facet normal 0.671549 -0.74096 0
    outer loop
      vertex -0.380635 0.463806 14
      vertex -0.424264 0.424264 8.59
      vertex -0.380635 0.463806 8.59
    endloop
  endfacet
  facet normal 0.049048 0.998796 -0
    outer loop
      vertex 0 -0.599999 8.59
      vertex -0.0588102 -0.597111 14
      vertex 0 -0.599999 14
    endloop
  endfacet
  facet normal 0.049048 0.998796 0
    outer loop
      vertex -0.0588102 -0.597111 14
      vertex 0 -0.599999 8.59
      vertex -0.0588102 -0.597111 8.59
    endloop
  endfacet
  facet normal -0.427549 0.903992 0
    outer loop
      vertex 0.282838 -0.529152 8.59
      vertex 0.229609 -0.554327 14
      vertex 0.282838 -0.529152 14
    endloop
  endfacet
  facet normal -0.427549 0.903992 0
    outer loop
      vertex 0.229609 -0.554327 14
      vertex 0.282838 -0.529152 8.59
      vertex 0.229609 -0.554327 8.59
    endloop
  endfacet
  facet normal -0.989173 0.146753 0
    outer loop
      vertex 0.58847 -0.117054 8.59
      vertex 0.597111 -0.0588102 14
      vertex 0.597111 -0.0588102 8.59
    endloop
  endfacet
  facet normal -0.989173 0.146753 0
    outer loop
      vertex 0.597111 -0.0588102 14
      vertex 0.58847 -0.117054 8.59
      vertex 0.58847 -0.117054 14
    endloop
  endfacet
  facet normal -0.998796 0.049048 0
    outer loop
      vertex 0.597111 -0.0588102 8.59
      vertex 0.599999 0 14
      vertex 0.599999 0 8.59
    endloop
  endfacet
  facet normal -0.998796 0.049048 0
    outer loop
      vertex 0.599999 0 14
      vertex 0.597111 -0.0588102 8.59
      vertex 0.597111 -0.0588102 14
    endloop
  endfacet
  facet normal 0.989173 0.146753 0
    outer loop
      vertex -0.58847 -0.117054 14
      vertex -0.597111 -0.0588102 8.59
      vertex -0.597111 -0.0588102 14
    endloop
  endfacet
  facet normal 0.989173 0.146753 0
    outer loop
      vertex -0.597111 -0.0588102 8.59
      vertex -0.58847 -0.117054 14
      vertex -0.58847 -0.117054 8.59
    endloop
  endfacet
  facet normal 0.146753 0.989173 -0
    outer loop
      vertex -0.0588102 -0.597111 8.59
      vertex -0.117054 -0.58847 14
      vertex -0.0588102 -0.597111 14
    endloop
  endfacet
  facet normal 0.146753 0.989173 0
    outer loop
      vertex -0.117054 -0.58847 14
      vertex -0.0588102 -0.597111 8.59
      vertex -0.117054 -0.58847 8.59
    endloop
  endfacet
  facet normal -0.903992 -0.427549 0
    outer loop
      vertex 0.554327 0.229609 8.59
      vertex 0.529152 0.282838 14
      vertex 0.529152 0.282838 8.59
    endloop
  endfacet
  facet normal -0.903992 -0.427549 0
    outer loop
      vertex 0.529152 0.282838 14
      vertex 0.554327 0.229609 8.59
      vertex 0.554327 0.229609 14
    endloop
  endfacet
  facet normal -0.857728 0.514104 0
    outer loop
      vertex 0.498881 -0.333342 8.59
      vertex 0.529152 -0.282838 14
      vertex 0.529152 -0.282838 8.59
    endloop
  endfacet
  facet normal -0.857728 0.514104 0
    outer loop
      vertex 0.529152 -0.282838 14
      vertex 0.498881 -0.333342 8.59
      vertex 0.498881 -0.333342 14
    endloop
  endfacet
  facet normal -0.242983 -0.970031 0
    outer loop
      vertex 0.117054 0.58847 8.59
      vertex 0.17417 0.574163 14
      vertex 0.117054 0.58847 14
    endloop
  endfacet
  facet normal -0.242983 -0.970031 -0
    outer loop
      vertex 0.17417 0.574163 14
      vertex 0.117054 0.58847 8.59
      vertex 0.17417 0.574163 8.59
    endloop
  endfacet
  facet normal -0.336884 -0.941546 0
    outer loop
      vertex 0.17417 0.574163 8.59
      vertex 0.229609 0.554327 14
      vertex 0.17417 0.574163 14
    endloop
  endfacet
  facet normal -0.336884 -0.941546 -0
    outer loop
      vertex 0.229609 0.554327 14
      vertex 0.17417 0.574163 8.59
      vertex 0.229609 0.554327 8.59
    endloop
  endfacet
  facet normal 0.242983 -0.970031 0
    outer loop
      vertex -0.17417 0.574163 8.59
      vertex -0.117054 0.58847 14
      vertex -0.17417 0.574163 14
    endloop
  endfacet
  facet normal 0.242983 -0.970031 0
    outer loop
      vertex -0.117054 0.58847 14
      vertex -0.17417 0.574163 8.59
      vertex -0.117054 0.58847 8.59
    endloop
  endfacet
  facet normal -0.970031 0.242983 0
    outer loop
      vertex 0.574163 -0.17417 8.59
      vertex 0.58847 -0.117054 14
      vertex 0.58847 -0.117054 8.59
    endloop
  endfacet
  facet normal -0.970031 0.242983 0
    outer loop
      vertex 0.58847 -0.117054 14
      vertex 0.574163 -0.17417 8.59
      vertex 0.574163 -0.17417 14
    endloop
  endfacet
  facet normal -0.941546 0.336884 0
    outer loop
      vertex 0.554327 -0.229609 8.59
      vertex 0.574163 -0.17417 14
      vertex 0.574163 -0.17417 8.59
    endloop
  endfacet
  facet normal -0.941546 0.336884 0
    outer loop
      vertex 0.574163 -0.17417 14
      vertex 0.554327 -0.229609 8.59
      vertex 0.554327 -0.229609 14
    endloop
  endfacet
  facet normal 0.970031 -0.242983 0
    outer loop
      vertex -0.58847 0.117054 14
      vertex -0.574163 0.17417 8.59
      vertex -0.574163 0.17417 14
    endloop
  endfacet
  facet normal 0.970031 -0.242983 0
    outer loop
      vertex -0.574163 0.17417 8.59
      vertex -0.58847 0.117054 14
      vertex -0.58847 0.117054 8.59
    endloop
  endfacet
  facet normal 0.941546 -0.336884 0
    outer loop
      vertex -0.574163 0.17417 14
      vertex -0.554327 0.229609 8.59
      vertex -0.554327 0.229609 14
    endloop
  endfacet
  facet normal 0.941546 -0.336884 0
    outer loop
      vertex -0.554327 0.229609 8.59
      vertex -0.574163 0.17417 14
      vertex -0.574163 0.17417 8.59
    endloop
  endfacet
  facet normal -0.857728 -0.514104 0
    outer loop
      vertex 0.529152 0.282838 8.59
      vertex 0.498881 0.333342 14
      vertex 0.498881 0.333342 8.59
    endloop
  endfacet
  facet normal -0.857728 -0.514104 0
    outer loop
      vertex 0.498881 0.333342 14
      vertex 0.529152 0.282838 8.59
      vertex 0.529152 0.282838 14
    endloop
  endfacet
  facet normal -0.146753 0.989173 0
    outer loop
      vertex 0.117054 -0.58847 8.59
      vertex 0.0588102 -0.597111 14
      vertex 0.117054 -0.58847 14
    endloop
  endfacet
  facet normal -0.146753 0.989173 0
    outer loop
      vertex 0.0588102 -0.597111 14
      vertex 0.117054 -0.58847 8.59
      vertex 0.0588102 -0.597111 8.59
    endloop
  endfacet
  facet normal -0.514104 0.857728 0
    outer loop
      vertex 0.333342 -0.498881 8.59
      vertex 0.282838 -0.529152 14
      vertex 0.333342 -0.498881 14
    endloop
  endfacet
  facet normal -0.514104 0.857728 0
    outer loop
      vertex 0.282838 -0.529152 14
      vertex 0.333342 -0.498881 8.59
      vertex 0.282838 -0.529152 8.59
    endloop
  endfacet
  facet normal 0.146753 -0.989173 0
    outer loop
      vertex -0.117054 0.58847 8.59
      vertex -0.0588102 0.597111 14
      vertex -0.117054 0.58847 14
    endloop
  endfacet
  facet normal 0.146753 -0.989173 0
    outer loop
      vertex -0.0588102 0.597111 14
      vertex -0.117054 0.58847 8.59
      vertex -0.0588102 0.597111 8.59
    endloop
  endfacet
  facet normal 0.74096 0.671549 0
    outer loop
      vertex -0.424264 -0.424264 14
      vertex -0.463806 -0.380635 8.59
      vertex -0.463806 -0.380635 14
    endloop
  endfacet
  facet normal 0.74096 0.671549 0
    outer loop
      vertex -0.463806 -0.380635 8.59
      vertex -0.424264 -0.424264 14
      vertex -0.424264 -0.424264 8.59
    endloop
  endfacet
  facet normal 0.970031 0.242983 0
    outer loop
      vertex -0.574163 -0.17417 14
      vertex -0.58847 -0.117054 8.59
      vertex -0.58847 -0.117054 14
    endloop
  endfacet
  facet normal 0.970031 0.242983 0
    outer loop
      vertex -0.58847 -0.117054 8.59
      vertex -0.574163 -0.17417 14
      vertex -0.574163 -0.17417 8.59
    endloop
  endfacet
  facet normal 0.514104 0.857728 -0
    outer loop
      vertex -0.282838 -0.529152 8.59
      vertex -0.333342 -0.498881 14
      vertex -0.282838 -0.529152 14
    endloop
  endfacet
  facet normal 0.514104 0.857728 0
    outer loop
      vertex -0.333342 -0.498881 14
      vertex -0.282838 -0.529152 8.59
      vertex -0.333342 -0.498881 8.59
    endloop
  endfacet
  facet normal 0.242983 0.970031 -0
    outer loop
      vertex -0.117054 -0.58847 8.59
      vertex -0.17417 -0.574163 14
      vertex -0.117054 -0.58847 14
    endloop
  endfacet
  facet normal 0.242983 0.970031 0
    outer loop
      vertex -0.17417 -0.574163 14
      vertex -0.117054 -0.58847 8.59
      vertex -0.17417 -0.574163 8.59
    endloop
  endfacet
  facet normal 0.671549 0.74096 -0
    outer loop
      vertex -0.380635 -0.463806 8.59
      vertex -0.424264 -0.424264 14
      vertex -0.380635 -0.463806 14
    endloop
  endfacet
  facet normal 0.671549 0.74096 0
    outer loop
      vertex -0.424264 -0.424264 14
      vertex -0.380635 -0.463806 8.59
      vertex -0.424264 -0.424264 8.59
    endloop
  endfacet
  facet normal 0.903992 -0.427549 0
    outer loop
      vertex -0.554327 0.229609 14
      vertex -0.529152 0.282838 8.59
      vertex -0.529152 0.282838 14
    endloop
  endfacet
  facet normal 0.903992 -0.427549 0
    outer loop
      vertex -0.529152 0.282838 8.59
      vertex -0.554327 0.229609 14
      vertex -0.554327 0.229609 8.59
    endloop
  endfacet
  facet normal 0.336884 0.941546 -0
    outer loop
      vertex -0.17417 -0.574163 8.59
      vertex -0.229609 -0.554327 14
      vertex -0.17417 -0.574163 14
    endloop
  endfacet
  facet normal 0.336884 0.941546 0
    outer loop
      vertex -0.229609 -0.554327 14
      vertex -0.17417 -0.574163 8.59
      vertex -0.229609 -0.554327 8.59
    endloop
  endfacet
  facet normal -0.595701 0.803207 0
    outer loop
      vertex 0.380635 -0.463806 8.59
      vertex 0.333342 -0.498881 14
      vertex 0.380635 -0.463806 14
    endloop
  endfacet
  facet normal -0.595701 0.803207 0
    outer loop
      vertex 0.333342 -0.498881 14
      vertex 0.380635 -0.463806 8.59
      vertex 0.333342 -0.498881 8.59
    endloop
  endfacet
  facet normal -0.242983 0.970031 0
    outer loop
      vertex 0.17417 -0.574163 8.59
      vertex 0.117054 -0.58847 14
      vertex 0.17417 -0.574163 14
    endloop
  endfacet
  facet normal -0.242983 0.970031 0
    outer loop
      vertex 0.117054 -0.58847 14
      vertex 0.17417 -0.574163 8.59
      vertex 0.117054 -0.58847 8.59
    endloop
  endfacet
  facet normal 0.998796 -0.049048 0
    outer loop
      vertex -0.599999 0 14
      vertex -0.597111 0.0588102 8.59
      vertex -0.597111 0.0588102 14
    endloop
  endfacet
  facet normal 0.998796 -0.049048 0
    outer loop
      vertex -0.597111 0.0588102 8.59
      vertex -0.599999 0 14
      vertex -0.599999 0 8.59
    endloop
  endfacet
  facet normal 0.903992 0.427549 0
    outer loop
      vertex -0.529152 -0.282838 14
      vertex -0.554327 -0.229609 8.59
      vertex -0.554327 -0.229609 14
    endloop
  endfacet
  facet normal 0.903992 0.427549 0
    outer loop
      vertex -0.554327 -0.229609 8.59
      vertex -0.529152 -0.282838 14
      vertex -0.529152 -0.282838 8.59
    endloop
  endfacet
  facet normal 0.74096 -0.671549 0
    outer loop
      vertex -0.463806 0.380635 14
      vertex -0.424264 0.424264 8.59
      vertex -0.424264 0.424264 14
    endloop
  endfacet
  facet normal 0.74096 -0.671549 0
    outer loop
      vertex -0.424264 0.424264 8.59
      vertex -0.463806 0.380635 14
      vertex -0.463806 0.380635 8.59
    endloop
  endfacet
  facet normal -0.928146 -0.0455786 0.369414
    outer loop
      vertex 0.599999 0 14
      vertex 1.39601 0.000292567 16
      vertex 0.597111 0.0588102 14
    endloop
  endfacet
  facet normal -0.928645 -0.0317413 0.36961
    outer loop
      vertex 1.39601 0.000292567 16
      vertex 0.599999 0 14
      vertex 1.39602 0 16
    endloop
  endfacet
  facet normal -0.477732 0.797061 0.369412
    outer loop
      vertex 0.65833 -1.23103 16
      vertex 0.775587 -1.16075 16
      vertex 0.333342 -0.498881 14
    endloop
  endfacet
  facet normal 0.928645 0.0317413 0.36961
    outer loop
      vertex -1.39601 -0.000292567 16
      vertex -0.599999 0 14
      vertex -1.39602 0 16
    endloop
  endfacet
  facet normal 0.928146 0.0455786 0.369414
    outer loop
      vertex -0.599999 0 14
      vertex -1.39601 -0.000292567 16
      vertex -0.597111 -0.0588102 14
    endloop
  endfacet
  facet normal -0.797661 -0.47669 0.369463
    outer loop
      vertex 0.498881 0.333342 14
      vertex 1.23118 0.658079 16
      vertex 1.23103 0.65833 16
    endloop
  endfacet
  facet normal -0.797057 -0.477739 0.369412
    outer loop
      vertex 1.23118 0.658079 16
      vertex 0.498881 0.333342 14
      vertex 0.529152 0.282838 14
    endloop
  endfacet
  facet normal 0.136359 -0.919207 0.369412
    outer loop
      vertex -0.0588102 0.597111 14
      vertex -0.136833 1.3893 16
      vertex -0.272059 1.36924 16
    endloop
  endfacet
  facet normal 0.477732 -0.797061 0.369412
    outer loop
      vertex -0.333342 0.498881 14
      vertex -0.65833 1.23103 16
      vertex -0.775587 1.16075 16
    endloop
  endfacet
  facet normal -0.797061 0.477732 0.369412
    outer loop
      vertex 1.16075 -0.775587 16
      vertex 1.23103 -0.65833 16
      vertex 0.498881 -0.333342 14
    endloop
  endfacet
  facet normal 0.225748 -0.901428 0.369412
    outer loop
      vertex -0.17417 0.574163 14
      vertex -0.272633 1.36912 16
      vertex -0.405243 1.33591 16
    endloop
  endfacet
  facet normal 0.688543 0.624054 0.369411
    outer loop
      vertex -0.987135 -0.987135 16
      vertex -0.424264 -0.424264 14
      vertex -1.07894 -0.885843 16
    endloop
  endfacet
  facet normal 0.553583 0.746378 0.369412
    outer loop
      vertex -0.775587 -1.16075 16
      vertex -0.333342 -0.498881 14
      vertex -0.88539 -1.07931 16
    endloop
  endfacet
  facet normal 0.688543 -0.624054 0.369411
    outer loop
      vertex -0.424264 0.424264 14
      vertex -0.987135 0.987135 16
      vertex -1.07894 0.885843 16
    endloop
  endfacet
  facet normal -0.624048 -0.688548 0.369413
    outer loop
      vertex 0.424264 0.424264 14
      vertex 0.885625 1.07914 16
      vertex 0.380635 0.463806 14
    endloop
  endfacet
  facet normal -0.628278 -0.684823 0.369168
    outer loop
      vertex 0.885625 1.07914 16
      vertex 0.424264 0.424264 14
      vertex 0.885843 1.07894 16
    endloop
  endfacet
  facet normal 0.688548 0.624048 0.369413
    outer loop
      vertex -1.07914 -0.885625 16
      vertex -0.424264 -0.424264 14
      vertex -0.463806 -0.380635 14
    endloop
  endfacet
  facet normal 0.684823 0.628278 0.369168
    outer loop
      vertex -0.424264 -0.424264 14
      vertex -1.07914 -0.885625 16
      vertex -1.07894 -0.885843 16
    endloop
  endfacet
  facet normal -0.797061 -0.477732 0.369412
    outer loop
      vertex 1.23103 0.65833 16
      vertex 1.16075 0.775587 16
      vertex 0.498881 0.333342 14
    endloop
  endfacet
  facet normal -0.746378 0.553583 0.369412
    outer loop
      vertex 1.07931 -0.88539 16
      vertex 1.16075 -0.775587 16
      vertex 0.498881 -0.333342 14
    endloop
  endfacet
  facet normal 0.840071 0.39726 0.369411
    outer loop
      vertex -1.23131 -0.657814 16
      vertex -0.554327 -0.229609 14
      vertex -1.28975 -0.534233 16
    endloop
  endfacet
  facet normal 0.624048 0.688548 0.369413
    outer loop
      vertex -0.424264 -0.424264 14
      vertex -0.885625 -1.07914 16
      vertex -0.380635 -0.463806 14
    endloop
  endfacet
  facet normal 0.628278 0.684823 0.369168
    outer loop
      vertex -0.885625 -1.07914 16
      vertex -0.424264 -0.424264 14
      vertex -0.885843 -1.07894 16
    endloop
  endfacet
  facet normal -0.688548 0.624048 0.369413
    outer loop
      vertex 0.424264 -0.424264 14
      vertex 1.07914 -0.885625 16
      vertex 0.463806 -0.380635 14
    endloop
  endfacet
  facet normal -0.684823 0.628278 0.369168
    outer loop
      vertex 1.07914 -0.885625 16
      vertex 0.424264 -0.424264 14
      vertex 1.07894 -0.885843 16
    endloop
  endfacet
  facet normal -0.0317413 -0.928645 0.36961
    outer loop
      vertex 0 0.599999 14
      vertex 0.000292567 1.39601 16
      vertex 0 1.39602 16
    endloop
  endfacet
  facet normal -0.0455786 -0.928146 0.369414
    outer loop
      vertex 0.000292567 1.39601 16
      vertex 0 0.599999 14
      vertex 0.0588102 0.597111 14
    endloop
  endfacet
  facet normal -0.840048 0.397306 0.369414
    outer loop
      vertex 0.529152 -0.282838 14
      vertex 1.23131 -0.657814 16
      vertex 0.554327 -0.229609 14
    endloop
  endfacet
  facet normal -0.834217 0.409238 0.369603
    outer loop
      vertex 1.23131 -0.657814 16
      vertex 0.529152 -0.282838 14
      vertex 1.23118 -0.658079 16
    endloop
  endfacet
  facet normal -0.928145 0.0456118 0.369413
    outer loop
      vertex 1.3893 -0.136833 16
      vertex 1.39601 -0.000292567 16
      vertex 0.597111 -0.0588102 14
    endloop
  endfacet
  facet normal -0.397306 -0.840048 0.369414
    outer loop
      vertex 0.282838 0.529152 14
      vertex 0.657814 1.23131 16
      vertex 0.229609 0.554327 14
    endloop
  endfacet
  facet normal -0.409238 -0.834217 0.369603
    outer loop
      vertex 0.657814 1.23131 16
      vertex 0.282838 0.529152 14
      vertex 0.658079 1.23118 16
    endloop
  endfacet
  facet normal 0.316545 -0.873665 0.36947
    outer loop
      vertex -0.229609 0.554327 14
      vertex -0.533957 1.28985 16
      vertex -0.534233 1.28975 16
    endloop
  endfacet
  facet normal 0.313055 -0.874947 0.369411
    outer loop
      vertex -0.533957 1.28985 16
      vertex -0.229609 0.554327 14
      vertex -0.17417 0.574163 14
    endloop
  endfacet
  facet normal -0.752981 -0.54471 0.369204
    outer loop
      vertex 0.463806 0.380635 14
      vertex 1.07931 0.88539 16
      vertex 1.07914 0.885625 16
    endloop
  endfacet
  facet normal -0.746393 -0.553564 0.369411
    outer loop
      vertex 1.07931 0.88539 16
      vertex 0.463806 0.380635 14
      vertex 0.498881 0.333342 14
    endloop
  endfacet
  facet normal -0.919207 -0.136359 0.369412
    outer loop
      vertex 1.3893 0.136833 16
      vertex 1.36924 0.272059 16
      vertex 0.597111 0.0588102 14
    endloop
  endfacet
  facet normal -0.136359 -0.919207 0.369412
    outer loop
      vertex 0.272059 1.36924 16
      vertex 0.136833 1.3893 16
      vertex 0.0588102 0.597111 14
    endloop
  endfacet
  facet normal -0.746393 0.553564 0.369411
    outer loop
      vertex 0.463806 -0.380635 14
      vertex 1.07931 -0.88539 16
      vertex 0.498881 -0.333342 14
    endloop
  endfacet
  facet normal -0.752981 0.54471 0.369204
    outer loop
      vertex 1.07931 -0.88539 16
      vertex 0.463806 -0.380635 14
      vertex 1.07914 -0.885625 16
    endloop
  endfacet
  facet normal -0.313093 -0.874933 0.369412
    outer loop
      vertex 0.533957 1.28985 16
      vertex 0.405243 1.33591 16
      vertex 0.17417 0.574163 14
    endloop
  endfacet
  facet normal -0.684823 -0.628278 0.369168
    outer loop
      vertex 0.424264 0.424264 14
      vertex 1.07914 0.885625 16
      vertex 1.07894 0.885843 16
    endloop
  endfacet
  facet normal -0.688548 -0.624048 0.369413
    outer loop
      vertex 1.07914 0.885625 16
      vertex 0.424264 0.424264 14
      vertex 0.463806 0.380635 14
    endloop
  endfacet
  facet normal 0.409238 -0.834217 0.369603
    outer loop
      vertex -0.282838 0.529152 14
      vertex -0.657814 1.23131 16
      vertex -0.658079 1.23118 16
    endloop
  endfacet
  facet normal 0.397306 -0.840048 0.369414
    outer loop
      vertex -0.657814 1.23131 16
      vertex -0.282838 0.529152 14
      vertex -0.229609 0.554327 14
    endloop
  endfacet
  facet normal -0.874933 -0.313093 0.369412
    outer loop
      vertex 1.33591 0.405243 16
      vertex 1.28985 0.533957 16
      vertex 0.574163 0.17417 14
    endloop
  endfacet
  facet normal 0.928145 0.0456118 0.369413
    outer loop
      vertex -1.3893 -0.136833 16
      vertex -0.597111 -0.0588102 14
      vertex -1.39601 -0.000292567 16
    endloop
  endfacet
  facet normal 0.0456118 -0.928145 0.369413
    outer loop
      vertex -0.0588102 0.597111 14
      vertex -0.000292567 1.39601 16
      vertex -0.136833 1.3893 16
    endloop
  endfacet
  facet normal -0.688543 -0.624054 0.369411
    outer loop
      vertex 1.07894 0.885843 16
      vertex 0.987135 0.987135 16
      vertex 0.424264 0.424264 14
    endloop
  endfacet
  facet normal 0.0317413 0.928645 0.36961
    outer loop
      vertex 0 -0.599999 14
      vertex -0.000292567 -1.39601 16
      vertex 0 -1.39602 16
    endloop
  endfacet
  facet normal 0.0455786 0.928146 0.369414
    outer loop
      vertex -0.000292567 -1.39601 16
      vertex 0 -0.599999 14
      vertex -0.0588102 -0.597111 14
    endloop
  endfacet
  facet normal -0.225748 0.901428 0.369412
    outer loop
      vertex 0.272633 -1.36912 16
      vertex 0.405243 -1.33591 16
      vertex 0.17417 -0.574163 14
    endloop
  endfacet
  facet normal -0.54471 0.752981 0.369204
    outer loop
      vertex 0.380635 -0.463806 14
      vertex 0.88539 -1.07931 16
      vertex 0.885625 -1.07914 16
    endloop
  endfacet
  facet normal -0.553564 0.746393 0.369411
    outer loop
      vertex 0.88539 -1.07931 16
      vertex 0.380635 -0.463806 14
      vertex 0.333342 -0.498881 14
    endloop
  endfacet
  facet normal 0.834217 -0.409238 0.369603
    outer loop
      vertex -1.23131 0.657814 16
      vertex -0.529152 0.282838 14
      vertex -1.23118 0.658079 16
    endloop
  endfacet
  facet normal 0.840048 -0.397306 0.369414
    outer loop
      vertex -0.529152 0.282838 14
      vertex -1.23131 0.657814 16
      vertex -0.554327 0.229609 14
    endloop
  endfacet
  facet normal -0.136372 -0.919204 0.369413
    outer loop
      vertex 0.117054 0.58847 14
      vertex 0.272059 1.36924 16
      vertex 0.0588102 0.597111 14
    endloop
  endfacet
  facet normal -0.126982 -0.920619 0.369237
    outer loop
      vertex 0.272059 1.36924 16
      vertex 0.117054 0.58847 14
      vertex 0.272349 1.3692 16
    endloop
  endfacet
  facet normal -0.477739 -0.797057 0.369412
    outer loop
      vertex 0.333342 0.498881 14
      vertex 0.658079 1.23118 16
      vertex 0.282838 0.529152 14
    endloop
  endfacet
  facet normal -0.47669 -0.797661 0.369463
    outer loop
      vertex 0.658079 1.23118 16
      vertex 0.333342 0.498881 14
      vertex 0.65833 1.23103 16
    endloop
  endfacet
  facet normal 0.0456118 0.928145 0.369413
    outer loop
      vertex -0.000292567 -1.39601 16
      vertex -0.0588102 -0.597111 14
      vertex -0.136833 -1.3893 16
    endloop
  endfacet
  facet normal -0.688543 0.624054 0.369411
    outer loop
      vertex 0.987135 -0.987135 16
      vertex 1.07894 -0.885843 16
      vertex 0.424264 -0.424264 14
    endloop
  endfacet
  facet normal 0.928645 -0.0317413 0.36961
    outer loop
      vertex -0.599999 0 14
      vertex -1.39601 0.000292567 16
      vertex -1.39602 0 16
    endloop
  endfacet
  facet normal 0.928146 -0.0455786 0.369414
    outer loop
      vertex -1.39601 0.000292567 16
      vertex -0.599999 0 14
      vertex -0.597111 0.0588102 14
    endloop
  endfacet
  facet normal -0.928645 0.0317413 0.36961
    outer loop
      vertex 0.599999 0 14
      vertex 1.39601 -0.000292567 16
      vertex 1.39602 0 16
    endloop
  endfacet
  facet normal -0.928146 0.0455786 0.369414
    outer loop
      vertex 1.39601 -0.000292567 16
      vertex 0.599999 0 14
      vertex 0.597111 -0.0588102 14
    endloop
  endfacet
  facet normal -0.39726 0.840071 0.369411
    outer loop
      vertex 0.534233 -1.28975 16
      vertex 0.657814 -1.23131 16
      vertex 0.229609 -0.554327 14
    endloop
  endfacet
  facet normal -0.39726 -0.840071 0.369411
    outer loop
      vertex 0.657814 1.23131 16
      vertex 0.534233 1.28975 16
      vertex 0.229609 0.554327 14
    endloop
  endfacet
  facet normal 0.624054 0.688543 0.369411
    outer loop
      vertex -0.885843 -1.07894 16
      vertex -0.424264 -0.424264 14
      vertex -0.987135 -0.987135 16
    endloop
  endfacet
  facet normal -0.928145 -0.0456118 0.369413
    outer loop
      vertex 1.39601 0.000292567 16
      vertex 1.3893 0.136833 16
      vertex 0.597111 0.0588102 14
    endloop
  endfacet
  facet normal -0.840071 0.39726 0.369411
    outer loop
      vertex 1.23131 -0.657814 16
      vertex 1.28975 -0.534233 16
      vertex 0.554327 -0.229609 14
    endloop
  endfacet
  facet normal -0.919207 0.136359 0.369412
    outer loop
      vertex 1.36924 -0.272059 16
      vertex 1.3893 -0.136833 16
      vertex 0.597111 -0.0588102 14
    endloop
  endfacet
  facet normal -0.553583 0.746378 0.369412
    outer loop
      vertex 0.775587 -1.16075 16
      vertex 0.88539 -1.07931 16
      vertex 0.333342 -0.498881 14
    endloop
  endfacet
  facet normal -0.746378 -0.553583 0.369412
    outer loop
      vertex 1.16075 0.775587 16
      vertex 1.07931 0.88539 16
      vertex 0.498881 0.333342 14
    endloop
  endfacet
  facet normal 0.746378 -0.553583 0.369412
    outer loop
      vertex -0.498881 0.333342 14
      vertex -1.07931 0.88539 16
      vertex -1.16075 0.775587 16
    endloop
  endfacet
  facet normal -0.225748 -0.901428 0.369412
    outer loop
      vertex 0.405243 1.33591 16
      vertex 0.272633 1.36912 16
      vertex 0.17417 0.574163 14
    endloop
  endfacet
  facet normal 0.840071 -0.39726 0.369411
    outer loop
      vertex -0.554327 0.229609 14
      vertex -1.23131 0.657814 16
      vertex -1.28975 0.534233 16
    endloop
  endfacet
  facet normal 0.39726 0.840071 0.369411
    outer loop
      vertex -0.534233 -1.28975 16
      vertex -0.229609 -0.554327 14
      vertex -0.657814 -1.23131 16
    endloop
  endfacet
  facet normal -0.797057 0.477739 0.369412
    outer loop
      vertex 0.498881 -0.333342 14
      vertex 1.23118 -0.658079 16
      vertex 0.529152 -0.282838 14
    endloop
  endfacet
  facet normal -0.797661 0.47669 0.369463
    outer loop
      vertex 1.23118 -0.658079 16
      vertex 0.498881 -0.333342 14
      vertex 1.23103 -0.65833 16
    endloop
  endfacet
  facet normal -0.553583 -0.746378 0.369412
    outer loop
      vertex 0.88539 1.07931 16
      vertex 0.775587 1.16075 16
      vertex 0.333342 0.498881 14
    endloop
  endfacet
  facet normal 0.797061 -0.477732 0.369412
    outer loop
      vertex -0.498881 0.333342 14
      vertex -1.16075 0.775587 16
      vertex -1.23103 0.65833 16
    endloop
  endfacet
  facet normal 0.553583 -0.746378 0.369412
    outer loop
      vertex -0.333342 0.498881 14
      vertex -0.775587 1.16075 16
      vertex -0.88539 1.07931 16
    endloop
  endfacet
  facet normal 0.928145 -0.0456118 0.369413
    outer loop
      vertex -0.597111 0.0588102 14
      vertex -1.3893 0.136833 16
      vertex -1.39601 0.000292567 16
    endloop
  endfacet
  facet normal -0.313055 -0.874947 0.369411
    outer loop
      vertex 0.229609 0.554327 14
      vertex 0.533957 1.28985 16
      vertex 0.17417 0.574163 14
    endloop
  endfacet
  facet normal -0.316545 -0.873665 0.36947
    outer loop
      vertex 0.533957 1.28985 16
      vertex 0.229609 0.554327 14
      vertex 0.534233 1.28975 16
    endloop
  endfacet
  facet normal -0.901428 0.225748 0.369412
    outer loop
      vertex 1.33591 -0.405243 16
      vertex 1.36912 -0.272633 16
      vertex 0.574163 -0.17417 14
    endloop
  endfacet
  facet normal 0.477732 0.797061 0.369412
    outer loop
      vertex -0.65833 -1.23103 16
      vertex -0.333342 -0.498881 14
      vertex -0.775587 -1.16075 16
    endloop
  endfacet
  facet normal -0.409238 0.834217 0.369603
    outer loop
      vertex 0.282838 -0.529152 14
      vertex 0.657814 -1.23131 16
      vertex 0.658079 -1.23118 16
    endloop
  endfacet
  facet normal -0.397306 0.840048 0.369414
    outer loop
      vertex 0.657814 -1.23131 16
      vertex 0.282838 -0.529152 14
      vertex 0.229609 -0.554327 14
    endloop
  endfacet
  facet normal 0.797061 0.477732 0.369412
    outer loop
      vertex -1.16075 -0.775587 16
      vertex -0.498881 -0.333342 14
      vertex -1.23103 -0.65833 16
    endloop
  endfacet
  facet normal 0.136359 0.919207 0.369412
    outer loop
      vertex -0.136833 -1.3893 16
      vertex -0.0588102 -0.597111 14
      vertex -0.272059 -1.36924 16
    endloop
  endfacet
  facet normal -0.840071 -0.39726 0.369411
    outer loop
      vertex 1.28975 0.534233 16
      vertex 1.23131 0.657814 16
      vertex 0.554327 0.229609 14
    endloop
  endfacet
  facet normal 0.684823 -0.628278 0.369168
    outer loop
      vertex -1.07914 0.885625 16
      vertex -0.424264 0.424264 14
      vertex -1.07894 0.885843 16
    endloop
  endfacet
  facet normal 0.688548 -0.624048 0.369413
    outer loop
      vertex -0.424264 0.424264 14
      vertex -1.07914 0.885625 16
      vertex -0.463806 0.380635 14
    endloop
  endfacet
  facet normal 0.919207 0.136359 0.369412
    outer loop
      vertex -1.36924 -0.272059 16
      vertex -0.597111 -0.0588102 14
      vertex -1.3893 -0.136833 16
    endloop
  endfacet
  facet normal -0.919204 0.136372 0.369413
    outer loop
      vertex 0.58847 -0.117054 14
      vertex 1.36924 -0.272059 16
      vertex 0.597111 -0.0588102 14
    endloop
  endfacet
  facet normal -0.920619 0.126982 0.369237
    outer loop
      vertex 1.36924 -0.272059 16
      vertex 0.58847 -0.117054 14
      vertex 1.3692 -0.272349 16
    endloop
  endfacet
  facet normal 0.746378 0.553583 0.369412
    outer loop
      vertex -1.07931 -0.88539 16
      vertex -0.498881 -0.333342 14
      vertex -1.16075 -0.775587 16
    endloop
  endfacet
  facet normal -0.874933 0.313093 0.369412
    outer loop
      vertex 1.28985 -0.533957 16
      vertex 1.33591 -0.405243 16
      vertex 0.574163 -0.17417 14
    endloop
  endfacet
  facet normal -0.136359 0.919207 0.369412
    outer loop
      vertex 0.136833 -1.3893 16
      vertex 0.272059 -1.36924 16
      vertex 0.0588102 -0.597111 14
    endloop
  endfacet
  facet normal 0.252097 -0.894945 0.368132
    outer loop
      vertex -0.17417 0.574163 14
      vertex -0.272349 1.3692 16
      vertex -0.272633 1.36912 16
    endloop
  endfacet
  facet normal 0.225796 -0.901416 0.369414
    outer loop
      vertex -0.272349 1.3692 16
      vertex -0.17417 0.574163 14
      vertex -0.117054 0.58847 14
    endloop
  endfacet
  facet normal 0.874933 0.313093 0.369412
    outer loop
      vertex -1.28985 -0.533957 16
      vertex -0.574163 -0.17417 14
      vertex -1.33591 -0.405243 16
    endloop
  endfacet
  facet normal -0.0456118 -0.928145 0.369413
    outer loop
      vertex 0.0588102 0.597111 14
      vertex 0.136833 1.3893 16
      vertex 0.000292567 1.39601 16
    endloop
  endfacet
  facet normal 0.553564 0.746393 0.369411
    outer loop
      vertex -0.380635 -0.463806 14
      vertex -0.88539 -1.07931 16
      vertex -0.333342 -0.498881 14
    endloop
  endfacet
  facet normal 0.54471 0.752981 0.369204
    outer loop
      vertex -0.88539 -1.07931 16
      vertex -0.380635 -0.463806 14
      vertex -0.885625 -1.07914 16
    endloop
  endfacet
  facet normal 0.624054 -0.688543 0.369411
    outer loop
      vertex -0.424264 0.424264 14
      vertex -0.885843 1.07894 16
      vertex -0.987135 0.987135 16
    endloop
  endfacet
  facet normal 0.313093 0.874933 0.369412
    outer loop
      vertex -0.405243 -1.33591 16
      vertex -0.17417 -0.574163 14
      vertex -0.533957 -1.28985 16
    endloop
  endfacet
  facet normal -0.624054 -0.688543 0.369411
    outer loop
      vertex 0.987135 0.987135 16
      vertex 0.885843 1.07894 16
      vertex 0.424264 0.424264 14
    endloop
  endfacet
  facet normal 0.901416 0.225796 0.369414
    outer loop
      vertex -1.3692 -0.272349 16
      vertex -0.574163 -0.17417 14
      vertex -0.58847 -0.117054 14
    endloop
  endfacet
  facet normal 0.894945 0.252097 0.368132
    outer loop
      vertex -0.574163 -0.17417 14
      vertex -1.3692 -0.272349 16
      vertex -1.36912 -0.272633 16
    endloop
  endfacet
  facet normal 0.797057 0.477739 0.369412
    outer loop
      vertex -1.23118 -0.658079 16
      vertex -0.498881 -0.333342 14
      vertex -0.529152 -0.282838 14
    endloop
  endfacet
  facet normal 0.797661 0.47669 0.369463
    outer loop
      vertex -0.498881 -0.333342 14
      vertex -1.23118 -0.658079 16
      vertex -1.23103 -0.65833 16
    endloop
  endfacet
  facet normal 0.752981 -0.54471 0.369204
    outer loop
      vertex -1.07931 0.88539 16
      vertex -0.463806 0.380635 14
      vertex -1.07914 0.885625 16
    endloop
  endfacet
  facet normal 0.746393 -0.553564 0.369411
    outer loop
      vertex -0.463806 0.380635 14
      vertex -1.07931 0.88539 16
      vertex -0.498881 0.333342 14
    endloop
  endfacet
  facet normal 0.39726 -0.840071 0.369411
    outer loop
      vertex -0.229609 0.554327 14
      vertex -0.534233 1.28975 16
      vertex -0.657814 1.23131 16
    endloop
  endfacet
  facet normal 0.919207 -0.136359 0.369412
    outer loop
      vertex -0.597111 0.0588102 14
      vertex -1.36924 0.272059 16
      vertex -1.3893 0.136833 16
    endloop
  endfacet
  facet normal 0.920619 -0.126982 0.369237
    outer loop
      vertex -1.36924 0.272059 16
      vertex -0.58847 0.117054 14
      vertex -1.3692 0.272349 16
    endloop
  endfacet
  facet normal 0.919204 -0.136372 0.369413
    outer loop
      vertex -0.58847 0.117054 14
      vertex -1.36924 0.272059 16
      vertex -0.597111 0.0588102 14
    endloop
  endfacet
  facet normal 0.397306 0.840048 0.369414
    outer loop
      vertex -0.282838 -0.529152 14
      vertex -0.657814 -1.23131 16
      vertex -0.229609 -0.554327 14
    endloop
  endfacet
  facet normal 0.409238 0.834217 0.369603
    outer loop
      vertex -0.657814 -1.23131 16
      vertex -0.282838 -0.529152 14
      vertex -0.658079 -1.23118 16
    endloop
  endfacet
  facet normal 0.313093 -0.874933 0.369412
    outer loop
      vertex -0.17417 0.574163 14
      vertex -0.405243 1.33591 16
      vertex -0.533957 1.28985 16
    endloop
  endfacet
  facet normal -0.477732 -0.797061 0.369412
    outer loop
      vertex 0.775587 1.16075 16
      vertex 0.65833 1.23103 16
      vertex 0.333342 0.498881 14
    endloop
  endfacet
  facet normal -0.624054 0.688543 0.369411
    outer loop
      vertex 0.885843 -1.07894 16
      vertex 0.987135 -0.987135 16
      vertex 0.424264 -0.424264 14
    endloop
  endfacet
  facet normal -0.47669 0.797661 0.369463
    outer loop
      vertex 0.333342 -0.498881 14
      vertex 0.658079 -1.23118 16
      vertex 0.65833 -1.23103 16
    endloop
  endfacet
  facet normal -0.477739 0.797057 0.369412
    outer loop
      vertex 0.658079 -1.23118 16
      vertex 0.333342 -0.498881 14
      vertex 0.282838 -0.529152 14
    endloop
  endfacet
  facet normal 0.477739 0.797057 0.369412
    outer loop
      vertex -0.333342 -0.498881 14
      vertex -0.658079 -1.23118 16
      vertex -0.282838 -0.529152 14
    endloop
  endfacet
  facet normal 0.47669 0.797661 0.369463
    outer loop
      vertex -0.658079 -1.23118 16
      vertex -0.333342 -0.498881 14
      vertex -0.65833 -1.23103 16
    endloop
  endfacet
  facet normal -0.628278 0.684823 0.369168
    outer loop
      vertex 0.424264 -0.424264 14
      vertex 0.885625 -1.07914 16
      vertex 0.885843 -1.07894 16
    endloop
  endfacet
  facet normal -0.624048 0.688548 0.369413
    outer loop
      vertex 0.885625 -1.07914 16
      vertex 0.424264 -0.424264 14
      vertex 0.380635 -0.463806 14
    endloop
  endfacet
  facet normal 0.126982 -0.920619 0.369237
    outer loop
      vertex -0.117054 0.58847 14
      vertex -0.272059 1.36924 16
      vertex -0.272349 1.3692 16
    endloop
  endfacet
  facet normal 0.136372 -0.919204 0.369413
    outer loop
      vertex -0.272059 1.36924 16
      vertex -0.117054 0.58847 14
      vertex -0.0588102 0.597111 14
    endloop
  endfacet
  facet normal -0.873665 -0.316545 0.36947
    outer loop
      vertex 0.554327 0.229609 14
      vertex 1.28985 0.533957 16
      vertex 1.28975 0.534233 16
    endloop
  endfacet
  facet normal -0.874947 -0.313055 0.369411
    outer loop
      vertex 1.28985 0.533957 16
      vertex 0.554327 0.229609 14
      vertex 0.574163 0.17417 14
    endloop
  endfacet
  facet normal -0.0456118 0.928145 0.369413
    outer loop
      vertex 0.136833 -1.3893 16
      vertex 0.0588102 -0.597111 14
      vertex 0.000292567 -1.39601 16
    endloop
  endfacet
  facet normal -0.0455786 0.928146 0.369414
    outer loop
      vertex 0 -0.599999 14
      vertex 0.000292567 -1.39601 16
      vertex 0.0588102 -0.597111 14
    endloop
  endfacet
  facet normal -0.0317413 0.928645 0.36961
    outer loop
      vertex 0.000292567 -1.39601 16
      vertex 0 -0.599999 14
      vertex 0 -1.39602 16
    endloop
  endfacet
  facet normal 0.225748 0.901428 0.369412
    outer loop
      vertex -0.272633 -1.36912 16
      vertex -0.17417 -0.574163 14
      vertex -0.405243 -1.33591 16
    endloop
  endfacet
  facet normal -0.225796 -0.901416 0.369414
    outer loop
      vertex 0.17417 0.574163 14
      vertex 0.272349 1.3692 16
      vertex 0.117054 0.58847 14
    endloop
  endfacet
  facet normal -0.252097 -0.894945 0.368132
    outer loop
      vertex 0.272349 1.3692 16
      vertex 0.17417 0.574163 14
      vertex 0.272633 1.36912 16
    endloop
  endfacet
  facet normal 0.225796 0.901416 0.369414
    outer loop
      vertex -0.17417 -0.574163 14
      vertex -0.272349 -1.3692 16
      vertex -0.117054 -0.58847 14
    endloop
  endfacet
  facet normal 0.252097 0.894945 0.368132
    outer loop
      vertex -0.272349 -1.3692 16
      vertex -0.17417 -0.574163 14
      vertex -0.272633 -1.36912 16
    endloop
  endfacet
  facet normal 0.901428 0.225748 0.369412
    outer loop
      vertex -1.33591 -0.405243 16
      vertex -0.574163 -0.17417 14
      vertex -1.36912 -0.272633 16
    endloop
  endfacet
  facet normal -0.874947 0.313055 0.369411
    outer loop
      vertex 0.554327 -0.229609 14
      vertex 1.28985 -0.533957 16
      vertex 0.574163 -0.17417 14
    endloop
  endfacet
  facet normal -0.873665 0.316545 0.36947
    outer loop
      vertex 1.28985 -0.533957 16
      vertex 0.554327 -0.229609 14
      vertex 1.28975 -0.534233 16
    endloop
  endfacet
  facet normal -0.901416 0.225796 0.369414
    outer loop
      vertex 0.574163 -0.17417 14
      vertex 1.3692 -0.272349 16
      vertex 0.58847 -0.117054 14
    endloop
  endfacet
  facet normal -0.894945 0.252097 0.368132
    outer loop
      vertex 1.3692 -0.272349 16
      vertex 0.574163 -0.17417 14
      vertex 1.36912 -0.272633 16
    endloop
  endfacet
  facet normal -0.901428 -0.225748 0.369412
    outer loop
      vertex 1.36912 0.272633 16
      vertex 1.33591 0.405243 16
      vertex 0.574163 0.17417 14
    endloop
  endfacet
  facet normal 0.0455786 -0.928146 0.369414
    outer loop
      vertex 0 0.599999 14
      vertex -0.000292567 1.39601 16
      vertex -0.0588102 0.597111 14
    endloop
  endfacet
  facet normal 0.0317413 -0.928645 0.36961
    outer loop
      vertex -0.000292567 1.39601 16
      vertex 0 0.599999 14
      vertex 0 1.39602 16
    endloop
  endfacet
  facet normal -0.252097 0.894945 0.368132
    outer loop
      vertex 0.17417 -0.574163 14
      vertex 0.272349 -1.3692 16
      vertex 0.272633 -1.36912 16
    endloop
  endfacet
  facet normal -0.225796 0.901416 0.369414
    outer loop
      vertex 0.272349 -1.3692 16
      vertex 0.17417 -0.574163 14
      vertex 0.117054 -0.58847 14
    endloop
  endfacet
  facet normal 0.47669 -0.797661 0.369463
    outer loop
      vertex -0.333342 0.498881 14
      vertex -0.658079 1.23118 16
      vertex -0.65833 1.23103 16
    endloop
  endfacet
  facet normal 0.477739 -0.797057 0.369412
    outer loop
      vertex -0.658079 1.23118 16
      vertex -0.333342 0.498881 14
      vertex -0.282838 0.529152 14
    endloop
  endfacet
  facet normal 0.628278 -0.684823 0.369168
    outer loop
      vertex -0.424264 0.424264 14
      vertex -0.885625 1.07914 16
      vertex -0.885843 1.07894 16
    endloop
  endfacet
  facet normal 0.624048 -0.688548 0.369413
    outer loop
      vertex -0.885625 1.07914 16
      vertex -0.424264 0.424264 14
      vertex -0.380635 0.463806 14
    endloop
  endfacet
  facet normal 0.797661 -0.47669 0.369463
    outer loop
      vertex -1.23118 0.658079 16
      vertex -0.498881 0.333342 14
      vertex -1.23103 0.65833 16
    endloop
  endfacet
  facet normal 0.797057 -0.477739 0.369412
    outer loop
      vertex -0.498881 0.333342 14
      vertex -1.23118 0.658079 16
      vertex -0.529152 0.282838 14
    endloop
  endfacet
  facet normal 0.894945 -0.252097 0.368132
    outer loop
      vertex -1.3692 0.272349 16
      vertex -0.574163 0.17417 14
      vertex -1.36912 0.272633 16
    endloop
  endfacet
  facet normal 0.901416 -0.225796 0.369414
    outer loop
      vertex -0.574163 0.17417 14
      vertex -1.3692 0.272349 16
      vertex -0.58847 0.117054 14
    endloop
  endfacet
  facet normal 0.901428 -0.225748 0.369412
    outer loop
      vertex -0.574163 0.17417 14
      vertex -1.33591 0.405243 16
      vertex -1.36912 0.272633 16
    endloop
  endfacet
  facet normal 0.54471 -0.752981 0.369204
    outer loop
      vertex -0.380635 0.463806 14
      vertex -0.88539 1.07931 16
      vertex -0.885625 1.07914 16
    endloop
  endfacet
  facet normal 0.553564 -0.746393 0.369411
    outer loop
      vertex -0.88539 1.07931 16
      vertex -0.380635 0.463806 14
      vertex -0.333342 0.498881 14
    endloop
  endfacet
  facet normal 0.874933 -0.313093 0.369412
    outer loop
      vertex -0.574163 0.17417 14
      vertex -1.28985 0.533957 16
      vertex -1.33591 0.405243 16
    endloop
  endfacet
  facet normal 0.873665 -0.316545 0.36947
    outer loop
      vertex -1.28985 0.533957 16
      vertex -0.554327 0.229609 14
      vertex -1.28975 0.534233 16
    endloop
  endfacet
  facet normal 0.874947 -0.313055 0.369411
    outer loop
      vertex -0.554327 0.229609 14
      vertex -1.28985 0.533957 16
      vertex -0.574163 0.17417 14
    endloop
  endfacet
  facet normal -0.553564 -0.746393 0.369411
    outer loop
      vertex 0.380635 0.463806 14
      vertex 0.88539 1.07931 16
      vertex 0.333342 0.498881 14
    endloop
  endfacet
  facet normal -0.54471 -0.752981 0.369204
    outer loop
      vertex 0.88539 1.07931 16
      vertex 0.380635 0.463806 14
      vertex 0.885625 1.07914 16
    endloop
  endfacet
  facet normal -0.834217 -0.409238 0.369603
    outer loop
      vertex 0.529152 0.282838 14
      vertex 1.23131 0.657814 16
      vertex 1.23118 0.658079 16
    endloop
  endfacet
  facet normal -0.840048 -0.397306 0.369414
    outer loop
      vertex 1.23131 0.657814 16
      vertex 0.529152 0.282838 14
      vertex 0.554327 0.229609 14
    endloop
  endfacet
  facet normal 0.919204 0.136372 0.369413
    outer loop
      vertex -1.36924 -0.272059 16
      vertex -0.58847 -0.117054 14
      vertex -0.597111 -0.0588102 14
    endloop
  endfacet
  facet normal 0.920619 0.126982 0.369237
    outer loop
      vertex -0.58847 -0.117054 14
      vertex -1.36924 -0.272059 16
      vertex -1.3692 -0.272349 16
    endloop
  endfacet
  facet normal -0.316545 0.873665 0.36947
    outer loop
      vertex 0.229609 -0.554327 14
      vertex 0.533957 -1.28985 16
      vertex 0.534233 -1.28975 16
    endloop
  endfacet
  facet normal -0.313055 0.874947 0.369411
    outer loop
      vertex 0.533957 -1.28985 16
      vertex 0.229609 -0.554327 14
      vertex 0.17417 -0.574163 14
    endloop
  endfacet
  facet normal -0.313093 0.874933 0.369412
    outer loop
      vertex 0.405243 -1.33591 16
      vertex 0.533957 -1.28985 16
      vertex 0.17417 -0.574163 14
    endloop
  endfacet
  facet normal 0.874947 0.313055 0.369411
    outer loop
      vertex -1.28985 -0.533957 16
      vertex -0.554327 -0.229609 14
      vertex -0.574163 -0.17417 14
    endloop
  endfacet
  facet normal 0.873665 0.316545 0.36947
    outer loop
      vertex -0.554327 -0.229609 14
      vertex -1.28985 -0.533957 16
      vertex -1.28975 -0.534233 16
    endloop
  endfacet
  facet normal -0.894945 -0.252097 0.368132
    outer loop
      vertex 0.574163 0.17417 14
      vertex 1.3692 0.272349 16
      vertex 1.36912 0.272633 16
    endloop
  endfacet
  facet normal -0.901416 -0.225796 0.369414
    outer loop
      vertex 1.3692 0.272349 16
      vertex 0.574163 0.17417 14
      vertex 0.58847 0.117054 14
    endloop
  endfacet
  facet normal -0.920619 -0.126982 0.369237
    outer loop
      vertex 0.58847 0.117054 14
      vertex 1.36924 0.272059 16
      vertex 1.3692 0.272349 16
    endloop
  endfacet
  facet normal -0.919204 -0.136372 0.369413
    outer loop
      vertex 1.36924 0.272059 16
      vertex 0.58847 0.117054 14
      vertex 0.597111 0.0588102 14
    endloop
  endfacet
  facet normal 0.313055 0.874947 0.369411
    outer loop
      vertex -0.229609 -0.554327 14
      vertex -0.533957 -1.28985 16
      vertex -0.17417 -0.574163 14
    endloop
  endfacet
  facet normal 0.316545 0.873665 0.36947
    outer loop
      vertex -0.533957 -1.28985 16
      vertex -0.229609 -0.554327 14
      vertex -0.534233 -1.28975 16
    endloop
  endfacet
  facet normal 0.136372 0.919204 0.369413
    outer loop
      vertex -0.117054 -0.58847 14
      vertex -0.272059 -1.36924 16
      vertex -0.0588102 -0.597111 14
    endloop
  endfacet
  facet normal 0.126982 0.920619 0.369237
    outer loop
      vertex -0.272059 -1.36924 16
      vertex -0.117054 -0.58847 14
      vertex -0.272349 -1.3692 16
    endloop
  endfacet
  facet normal 0.840048 0.397306 0.369414
    outer loop
      vertex -1.23131 -0.657814 16
      vertex -0.529152 -0.282838 14
      vertex -0.554327 -0.229609 14
    endloop
  endfacet
  facet normal 0.834217 0.409238 0.369603
    outer loop
      vertex -0.529152 -0.282838 14
      vertex -1.23131 -0.657814 16
      vertex -1.23118 -0.658079 16
    endloop
  endfacet
  facet normal 0.746393 0.553564 0.369411
    outer loop
      vertex -1.07931 -0.88539 16
      vertex -0.463806 -0.380635 14
      vertex -0.498881 -0.333342 14
    endloop
  endfacet
  facet normal 0.752981 0.54471 0.369204
    outer loop
      vertex -0.463806 -0.380635 14
      vertex -1.07931 -0.88539 16
      vertex -1.07914 -0.885625 16
    endloop
  endfacet
  facet normal -0.126982 0.920619 0.369237
    outer loop
      vertex 0.117054 -0.58847 14
      vertex 0.272059 -1.36924 16
      vertex 0.272349 -1.3692 16
    endloop
  endfacet
  facet normal -0.136372 0.919204 0.369413
    outer loop
      vertex 0.272059 -1.36924 16
      vertex 0.117054 -0.58847 14
      vertex 0.0588102 -0.597111 14
    endloop
  endfacet
endsolid OpenSCAD_Model
